context,actual_order,pair_index,scheduled_seed,engine_seed_uint32,physical_seat,c1_win,c2_win,c3_win,c4_win,c1_draw,c2_draw,c3_draw,c4_draw,c1_decisions,c2_decisions,c3_decisions,c4_decisions
deterministic-1,first,0,2026082700,2026082700,0,1,0,1,1,0,0,0,0,214,237,196,235
deterministic-1,first,1,2026082701,2026082701,1,1,1,1,1,0,0,0,0,226,191,269,237
deterministic-1,first,2,2026082702,2026082702,0,1,0,1,1,0,1,0,0,202,223,161,205
deterministic-1,first,3,2026082703,2026082703,1,0,0,0,0,0,0,0,0,195,197,202,203
deterministic-1,first,4,2026082704,2026082704,0,1,1,0,1,0,0,0,0,279,239,144,236
deterministic-1,first,5,2026082705,2026082705,1,0,1,1,0,0,0,0,0,146,189,159,175
deterministic-1,first,6,2026082706,2026082706,0,1,1,1,1,0,0,0,0,227,196,186,184
deterministic-1,first,7,2026082707,2026082707,1,1,0,1,1,0,0,0,0,242,201,176,182
deterministic-1,first,8,2026082708,2026082708,0,1,0,1,1,0,0,0,0,157,147,173,139
deterministic-1,first,9,2026082709,2026082709,1,1,1,1,1,0,0,0,0,197,198,174,202
deterministic-1,first,10,2026082710,2026082710,0,0,0,0,1,0,0,0,0,226,233,204,170
deterministic-1,first,11,2026082711,2026082711,1,0,0,1,0,0,0,0,0,211,193,267,211
deterministic-1,first,12,2026082712,2026082712,0,1,1,0,0,0,0,0,0,209,154,171,206
deterministic-1,first,13,2026082713,2026082713,1,1,0,0,0,0,0,0,0,137,196,166,186
deterministic-1,first,14,2026082714,2026082714,0,0,1,1,1,0,0,0,0,218,182,203,137
deterministic-1,first,15,2026082715,2026082715,1,1,1,1,1,0,0,0,0,204,179,202,178
deterministic-1,first,16,2026082716,2026082716,0,1,1,1,1,0,0,0,0,171,170,163,167
deterministic-1,first,17,2026082717,2026082717,1,1,1,0,1,0,0,0,0,207,184,218,191
deterministic-1,first,18,2026082718,2026082718,0,0,0,1,1,0,0,0,0,184,219,233,203
deterministic-1,first,19,2026082719,2026082719,1,1,1,1,0,0,0,0,0,197,200,197,211
deterministic-1,first,20,2026082720,2026082720,0,0,0,0,1,0,0,0,0,202,215,182,216
deterministic-1,first,21,2026082721,2026082721,1,0,1,1,1,0,0,0,0,246,219,218,197
deterministic-1,first,22,2026082722,2026082722,0,1,1,0,1,0,0,0,0,234,222,251,36
deterministic-1,first,23,2026082723,2026082723,1,0,0,0,0,0,0,0,0,189,217,211,188
deterministic-1,first,24,2026082724,2026082724,0,0,0,0,0,0,0,0,0,187,208,187,219
deterministic-1,first,25,2026082725,2026082725,1,0,0,1,1,0,0,0,0,186,179,193,161
deterministic-1,first,26,2026082726,2026082726,0,1,1,1,1,0,0,0,0,213,227,213,184
deterministic-1,first,27,2026082727,2026082727,1,0,0,0,0,0,0,0,0,167,161,181,228
deterministic-1,first,28,2026082728,2026082728,0,1,1,1,0,0,0,0,0,200,203,205,192
deterministic-1,first,29,2026082729,2026082729,1,1,1,1,1,0,0,0,0,185,185,198,211
deterministic-1,first,30,2026082730,2026082730,0,0,0,1,1,0,0,0,0,182,211,197,218
deterministic-1,first,31,2026082731,2026082731,1,1,1,1,1,0,0,0,0,179,177,212,250
deterministic-1,first,32,2026082732,2026082732,0,1,0,0,1,0,0,0,0,205,215,190,199
deterministic-1,first,33,2026082733,2026082733,1,0,1,0,0,0,0,0,0,201,180,197,211
deterministic-1,first,34,2026082734,2026082734,0,1,0,0,0,0,0,0,0,195,199,215,246
deterministic-1,first,35,2026082735,2026082735,1,1,1,1,0,0,0,0,0,171,153,171,234
deterministic-1,first,36,2026082736,2026082736,0,1,1,0,0,0,0,0,0,167,176,247,211
deterministic-1,first,37,2026082737,2026082737,1,0,1,0,1,0,0,0,0,201,198,201,190
deterministic-1,first,38,2026082738,2026082738,0,0,0,0,0,0,0,0,0,195,193,146,180
deterministic-1,first,39,2026082739,2026082739,1,1,0,0,0,0,0,0,0,197,160,226,199
deterministic-1,first,40,2026082740,2026082740,0,1,0,0,0,0,0,0,0,221,198,231,195
deterministic-1,first,41,2026082741,2026082741,1,1,1,1,0,0,0,0,0,268,212,281,217
deterministic-1,first,42,2026082742,2026082742,0,0,0,0,0,0,0,0,0,196,190,176,218
deterministic-1,first,43,2026082743,2026082743,1,0,1,0,1,0,0,0,0,199,197,228,129
deterministic-1,first,44,2026082744,2026082744,0,0,1,0,0,0,0,0,0,184,198,200,153
deterministic-1,first,45,2026082745,2026082745,1,1,1,1,0,0,0,0,0,203,152,222,199
deterministic-1,first,46,2026082746,2026082746,0,0,0,0,0,0,0,0,0,160,159,164,164
deterministic-1,first,47,2026082747,2026082747,1,0,0,0,0,0,0,0,0,185,233,206,236
deterministic-1,first,48,2026082748,2026082748,0,1,1,1,0,0,0,0,0,222,186,212,181
deterministic-1,first,49,2026082749,2026082749,1,1,1,1,1,0,0,0,0,183,174,168,155
deterministic-1,first,50,2026082750,2026082750,0,0,1,1,1,0,0,0,0,207,187,170,182
deterministic-1,first,51,2026082751,2026082751,1,0,0,1,0,0,0,0,0,198,212,202,220
deterministic-1,first,52,2026082752,2026082752,0,0,0,1,1,0,0,0,0,207,223,200,226
deterministic-1,first,53,2026082753,2026082753,1,1,1,1,1,0,0,0,0,201,151,191,197
deterministic-1,first,54,2026082754,2026082754,0,1,1,1,1,0,0,0,0,202,221,249,233
deterministic-1,first,55,2026082755,2026082755,1,1,1,1,1,0,0,0,0,170,151,166,185
deterministic-1,first,56,2026082756,2026082756,0,1,1,1,1,0,0,0,0,229,183,202,226
deterministic-1,first,57,2026082757,2026082757,1,0,1,0,0,0,0,0,0,205,173,205,204
deterministic-1,first,58,2026082758,2026082758,0,1,0,1,1,0,0,0,0,204,198,259,211
deterministic-1,first,59,2026082759,2026082759,1,0,1,1,0,0,0,0,0,169,166,174,155
deterministic-1,first,60,2026082760,2026082760,0,1,0,1,1,0,0,0,0,142,191,231,196
deterministic-1,first,61,2026082761,2026082761,1,0,1,0,1,0,0,0,0,205,233,205,180
deterministic-1,first,62,2026082762,2026082762,0,1,1,1,1,0,0,0,0,258,179,224,217
deterministic-1,first,63,2026082763,2026082763,1,1,1,1,1,0,0,0,0,151,178,207,198
deterministic-1,first,64,2026082764,2026082764,0,0,0,0,0,0,0,0,0,250,191,203,174
deterministic-1,first,65,2026082765,2026082765,1,1,1,0,1,0,0,0,0,165,244,182,197
deterministic-1,first,66,2026082766,2026082766,0,1,1,1,1,0,0,0,0,195,192,191,153
deterministic-1,first,67,2026082767,2026082767,1,0,0,0,1,0,0,0,0,193,216,195,245
deterministic-1,first,68,2026082768,2026082768,0,1,0,0,1,0,0,0,0,218,207,191,248
deterministic-1,first,69,2026082769,2026082769,1,0,0,1,1,0,0,0,0,268,193,221,269
deterministic-1,first,70,2026082770,2026082770,0,0,0,1,0,0,0,0,0,231,215,224,184
deterministic-1,first,71,2026082771,2026082771,1,0,1,1,1,0,0,0,0,278,193,210,162
deterministic-1,first,72,2026082772,2026082772,0,0,0,0,1,0,0,0,0,221,208,221,214
deterministic-1,first,73,2026082773,2026082773,1,0,0,0,0,0,0,0,0,162,162,162,162
deterministic-1,first,74,2026082774,2026082774,0,0,0,0,0,0,0,0,0,198,161,215,173
deterministic-1,first,75,2026082775,2026082775,1,1,1,1,1,0,0,0,0,201,235,190,198
deterministic-1,first,76,2026082776,2026082776,0,1,1,1,0,0,0,0,0,208,158,143,167
deterministic-1,first,77,2026082777,2026082777,1,0,0,1,0,0,0,0,0,201,216,190,204
deterministic-1,first,78,2026082778,2026082778,0,1,1,1,1,0,0,0,0,195,173,200,158
deterministic-1,first,79,2026082779,2026082779,1,0,0,0,0,0,0,0,0,174,197,174,186
deterministic-1,first,80,2026082780,2026082780,0,1,1,0,0,0,0,0,0,174,193,214,195
deterministic-1,first,81,2026082781,2026082781,1,0,0,1,0,0,0,0,0,136,162,153,164
deterministic-1,first,82,2026082782,2026082782,0,1,1,1,1,0,0,0,0,202,214,203,184
deterministic-1,first,83,2026082783,2026082783,1,0,1,0,1,0,0,0,0,160,192,159,188
deterministic-1,first,84,2026082784,2026082784,0,0,1,1,0,0,0,0,0,209,188,207,195
deterministic-1,first,85,2026082785,2026082785,1,1,0,0,1,0,0,0,0,240,199,225,186
deterministic-1,first,86,2026082786,2026082786,0,1,0,1,1,0,0,0,0,177,244,197,232
deterministic-1,first,87,2026082787,2026082787,1,0,1,1,0,0,0,0,0,197,192,216,216
deterministic-1,first,88,2026082788,2026082788,0,0,1,1,1,0,0,0,0,201,224,172,204
deterministic-1,first,89,2026082789,2026082789,1,1,1,1,1,0,0,0,0,252,206,256,280
deterministic-1,first,90,2026082790,2026082790,0,0,1,1,1,0,0,0,0,266,252,102,97
deterministic-1,first,91,2026082791,2026082791,1,1,0,0,1,0,0,0,0,168,210,215,183
deterministic-1,first,92,2026082792,2026082792,0,0,0,0,0,0,0,0,0,295,195,183,195
deterministic-1,first,93,2026082793,2026082793,1,1,0,1,1,0,0,0,0,239,284,190,153
deterministic-1,first,94,2026082794,2026082794,0,1,0,1,1,0,0,0,0,215,204,204,233
deterministic-1,first,95,2026082795,2026082795,1,1,1,1,1,0,0,0,0,188,163,185,187
deterministic-1,first,96,2026082796,2026082796,0,0,1,0,1,0,0,0,0,167,179,228,270
deterministic-1,first,97,2026082797,2026082797,1,0,0,0,1,0,0,0,0,188,182,188,161
deterministic-1,first,98,2026082798,2026082798,0,1,0,0,1,0,0,0,0,240,189,269,177
deterministic-1,first,99,2026082799,2026082799,1,1,0,0,0,0,0,0,0,177,184,204,224
deterministic-1,first,100,2026082800,2026082800,0,0,0,0,1,0,0,0,0,203,202,210,219
deterministic-1,first,101,2026082801,2026082801,1,1,0,1,0,0,0,0,0,198,189,171,198
deterministic-1,first,102,2026082802,2026082802,0,1,1,0,0,0,0,0,0,168,179,196,221
deterministic-1,first,103,2026082803,2026082803,1,1,1,1,1,0,0,0,0,168,147,175,218
deterministic-1,first,104,2026082804,2026082804,0,0,0,0,0,0,0,0,0,173,189,173,189
deterministic-1,first,105,2026082805,2026082805,1,0,0,1,1,0,0,0,0,217,266,191,211
deterministic-1,first,106,2026082806,2026082806,0,1,0,0,0,0,0,0,0,227,228,191,184
deterministic-1,first,107,2026082807,2026082807,1,0,0,0,0,0,0,0,0,153,185,153,200
deterministic-1,first,108,2026082808,2026082808,0,0,0,1,1,0,0,0,0,159,185,184,117
deterministic-1,first,109,2026082809,2026082809,1,1,1,1,1,0,0,0,0,181,179,182,241
deterministic-1,first,110,2026082810,2026082810,0,0,0,1,1,0,0,0,0,237,198,203,181
deterministic-1,first,111,2026082811,2026082811,1,0,1,1,0,0,0,0,0,271,238,247,244
deterministic-1,first,112,2026082812,2026082812,0,1,1,1,1,0,0,0,0,186,179,178,234
deterministic-1,first,113,2026082813,2026082813,1,0,0,0,1,0,0,0,0,167,168,173,171
deterministic-1,first,114,2026082814,2026082814,0,0,1,0,1,0,0,0,0,183,218,209,176
deterministic-1,first,115,2026082815,2026082815,1,1,1,1,1,0,0,0,0,185,166,190,161
deterministic-1,first,116,2026082816,2026082816,0,0,1,0,1,0,0,0,0,218,162,224,152
deterministic-1,first,117,2026082817,2026082817,1,1,1,1,1,0,0,0,0,187,181,178,209
deterministic-1,first,118,2026082818,2026082818,0,1,0,0,0,0,0,0,0,248,253,211,210
deterministic-1,first,119,2026082819,2026082819,1,1,0,1,1,0,0,0,0,131,227,131,186
deterministic-1,first,120,2026082820,2026082820,0,1,1,1,1,0,0,0,0,232,201,209,201
deterministic-1,first,121,2026082821,2026082821,1,1,0,1,1,0,0,0,0,190,181,199,218
deterministic-1,first,122,2026082822,2026082822,0,1,0,1,1,0,0,0,0,228,196,258,262
deterministic-1,first,123,2026082823,2026082823,1,0,0,0,0,0,0,0,0,187,195,186,219
deterministic-1,first,124,2026082824,2026082824,0,1,1,1,1,0,0,0,0,188,165,172,219
deterministic-1,first,125,2026082825,2026082825,1,0,1,1,0,0,0,0,0,229,227,206,227
deterministic-1,first,126,2026082826,2026082826,0,0,1,0,1,0,0,0,0,206,225,204,222
deterministic-1,first,127,2026082827,2026082827,1,0,1,0,1,0,0,0,0,116,203,125,183
deterministic-1,first,128,2026082828,2026082828,0,0,1,0,1,0,0,0,0,166,176,166,189
deterministic-1,first,129,2026082829,2026082829,1,1,1,1,0,0,0,0,0,212,192,219,256
deterministic-1,first,130,2026082830,2026082830,0,1,1,1,1,0,0,0,0,160,200,168,174
deterministic-1,first,131,2026082831,2026082831,1,1,1,1,1,0,0,0,0,187,204,186,196
deterministic-1,first,132,2026082832,2026082832,0,0,1,0,1,0,0,0,0,219,235,219,257
deterministic-1,first,133,2026082833,2026082833,1,0,0,0,0,0,0,0,0,254,217,234,211
deterministic-1,first,134,2026082834,2026082834,0,1,1,1,1,0,0,0,0,180,161,166,165
deterministic-1,first,135,2026082835,2026082835,1,0,1,0,0,0,0,0,0,179,217,179,184
deterministic-1,first,136,2026082836,2026082836,0,1,0,1,1,0,0,0,0,162,201,175,233
deterministic-1,first,137,2026082837,2026082837,1,1,1,1,1,0,0,0,0,208,138,147,152
deterministic-1,first,138,2026082838,2026082838,0,1,0,1,0,0,0,0,0,239,179,217,216
deterministic-1,first,139,2026082839,2026082839,1,1,1,0,1,0,0,0,0,205,214,207,221
deterministic-1,first,140,2026082840,2026082840,0,1,1,1,1,0,0,0,0,151,135,163,216
deterministic-1,first,141,2026082841,2026082841,1,1,0,1,1,0,0,0,0,184,198,171,174
deterministic-1,first,142,2026082842,2026082842,0,1,0,1,0,0,0,0,0,227,183,204,209
deterministic-1,first,143,2026082843,2026082843,1,0,1,0,1,0,0,0,0,176,185,170,162
deterministic-1,first,144,2026082844,2026082844,0,1,1,1,0,0,0,0,0,196,218,196,252
deterministic-1,first,145,2026082845,2026082845,1,1,1,1,1,0,0,0,0,167,178,167,186
deterministic-1,first,146,2026082846,2026082846,0,1,0,1,0,0,0,0,0,174,228,174,243
deterministic-1,first,147,2026082847,2026082847,1,1,1,1,1,0,0,0,0,167,133,165,178
deterministic-1,first,148,2026082848,2026082848,0,0,0,0,0,0,0,0,0,158,157,157,174
deterministic-1,first,149,2026082849,2026082849,1,1,1,1,1,0,0,0,0,35,35,35,32
deterministic-1,first,150,2026082850,2026082850,0,0,1,1,1,0,0,0,0,190,191,200,209
deterministic-1,first,151,2026082851,2026082851,1,0,1,0,1,0,0,0,0,210,144,191,205
deterministic-1,first,152,2026082852,2026082852,0,0,0,0,1,0,0,0,0,200,209,200,217
deterministic-1,first,153,2026082853,2026082853,1,1,1,0,1,0,0,0,0,172,147,212,166
deterministic-1,first,154,2026082854,2026082854,0,0,1,0,1,0,0,0,0,224,136,253,286
deterministic-1,first,155,2026082855,2026082855,1,0,1,1,1,0,0,0,0,232,230,216,248
deterministic-1,first,156,2026082856,2026082856,0,1,1,0,1,0,0,0,0,199,192,202,164
deterministic-1,first,157,2026082857,2026082857,1,1,1,1,1,0,0,0,0,298,168,164,165
deterministic-1,first,158,2026082858,2026082858,0,0,0,1,0,0,0,0,0,160,191,181,211
deterministic-1,first,159,2026082859,2026082859,1,0,0,0,0,0,0,0,0,230,145,230,145
deterministic-1,first,160,2026082860,2026082860,0,0,0,0,1,0,0,0,0,251,204,200,221
deterministic-1,first,161,2026082861,2026082861,1,1,1,1,1,0,0,0,0,218,198,160,159
deterministic-1,first,162,2026082862,2026082862,0,1,1,1,1,0,0,0,0,159,161,159,177
deterministic-1,first,163,2026082863,2026082863,1,1,1,0,1,0,0,0,0,198,188,184,153
deterministic-1,first,164,2026082864,2026082864,0,1,1,0,1,0,0,0,0,213,218,200,236
deterministic-1,first,165,2026082865,2026082865,1,1,1,0,1,0,0,0,0,160,269,216,255
deterministic-1,first,166,2026082866,2026082866,0,1,1,1,1,0,0,0,0,157,208,157,192
deterministic-1,first,167,2026082867,2026082867,1,1,0,0,0,0,0,0,0,195,189,175,187
deterministic-1,first,168,2026082868,2026082868,0,1,1,0,1,0,0,1,0,204,197,174,204
deterministic-1,first,169,2026082869,2026082869,1,1,0,1,0,0,0,0,0,151,200,151,179
deterministic-1,first,170,2026082870,2026082870,0,1,0,0,0,0,0,0,0,183,203,233,189
deterministic-1,first,171,2026082871,2026082871,1,1,1,1,1,0,0,0,0,258,256,215,200
deterministic-1,first,172,2026082872,2026082872,0,0,0,0,0,0,0,0,0,203,193,207,201
deterministic-1,first,173,2026082873,2026082873,1,1,0,1,0,0,0,0,0,202,244,189,166
deterministic-1,first,174,2026082874,2026082874,0,1,1,1,1,0,0,0,0,127,186,127,133
deterministic-1,first,175,2026082875,2026082875,1,0,1,1,1,0,0,0,0,177,154,168,152
deterministic-1,first,176,2026082876,2026082876,0,1,1,1,1,0,0,0,0,185,176,187,178
deterministic-1,first,177,2026082877,2026082877,1,1,0,1,1,0,0,0,0,161,174,181,185
deterministic-1,first,178,2026082878,2026082878,0,1,0,0,0,0,0,0,0,170,224,234,210
deterministic-1,first,179,2026082879,2026082879,1,0,1,1,1,0,0,0,0,276,280,207,206
deterministic-1,first,180,2026082880,2026082880,0,1,0,1,0,0,0,0,0,151,197,157,183
deterministic-1,first,181,2026082881,2026082881,1,1,1,1,1,0,0,0,0,214,187,215,216
deterministic-1,first,182,2026082882,2026082882,0,1,1,0,0,0,0,0,0,230,203,205,243
deterministic-1,first,183,2026082883,2026082883,1,1,1,1,1,0,0,0,0,287,189,286,165
deterministic-1,first,184,2026082884,2026082884,0,1,0,0,1,0,0,0,0,205,205,177,213
deterministic-1,first,185,2026082885,2026082885,1,1,1,1,1,0,0,0,0,115,73,115,131
deterministic-1,first,186,2026082886,2026082886,0,1,0,1,1,0,0,0,0,254,195,231,220
deterministic-1,first,187,2026082887,2026082887,1,1,0,0,1,0,0,0,0,181,165,192,191
deterministic-1,first,188,2026082888,2026082888,0,1,1,0,0,0,0,0,0,203,160,281,199
deterministic-1,first,189,2026082889,2026082889,1,0,0,1,1,0,0,0,0,203,204,241,211
deterministic-1,first,190,2026082890,2026082890,0,1,0,1,1,0,0,0,0,198,209,208,233
deterministic-1,first,191,2026082891,2026082891,1,1,1,1,1,0,0,0,0,167,171,139,175
deterministic-1,first,192,2026082892,2026082892,0,0,1,0,0,0,0,0,0,180,156,168,171
deterministic-1,first,193,2026082893,2026082893,1,1,1,1,1,0,0,0,0,193,181,209,183
deterministic-1,first,194,2026082894,2026082894,0,1,1,0,1,0,0,0,0,197,168,202,187
deterministic-1,first,195,2026082895,2026082895,1,0,0,0,0,0,0,0,0,168,195,168,201
deterministic-1,first,196,2026082896,2026082896,0,0,0,0,0,0,0,0,0,187,188,182,198
deterministic-1,first,197,2026082897,2026082897,1,0,1,0,0,0,0,0,0,182,208,184,186
deterministic-1,first,198,2026082898,2026082898,0,0,0,0,0,0,0,0,0,176,172,193,182
deterministic-1,first,199,2026082899,2026082899,1,0,1,0,0,0,0,0,0,233,170,142,179
deterministic-1,second,0,2027082700,2027082700,0,1,0,1,0,0,0,0,0,167,179,200,179
deterministic-1,second,1,2027082701,2027082701,1,1,1,0,1,0,0,0,0,217,226,190,195
deterministic-1,second,2,2027082702,2027082702,0,0,0,0,0,0,0,0,0,201,206,192,164
deterministic-1,second,3,2027082703,2027082703,1,1,1,0,1,0,0,0,0,185,201,190,173
deterministic-1,second,4,2027082704,2027082704,0,1,1,1,1,0,0,0,0,196,213,195,182
deterministic-1,second,5,2027082705,2027082705,1,0,0,0,1,0,0,0,0,223,261,239,172
deterministic-1,second,6,2027082706,2027082706,0,1,1,1,0,0,0,0,0,183,244,236,185
deterministic-1,second,7,2027082707,2027082707,1,0,0,0,0,0,0,0,0,208,174,210,202
deterministic-1,second,8,2027082708,2027082708,0,1,0,0,0,0,0,0,0,226,219,197,209
deterministic-1,second,9,2027082709,2027082709,1,0,0,0,0,0,0,0,0,204,189,204,167
deterministic-1,second,10,2027082710,2027082710,0,1,0,0,0,0,0,0,0,206,282,231,219
deterministic-1,second,11,2027082711,2027082711,1,0,1,0,0,0,0,0,0,215,224,215,269
deterministic-1,second,12,2027082712,2027082712,0,0,1,0,1,0,0,0,0,161,147,192,153
deterministic-1,second,13,2027082713,2027082713,1,1,0,1,0,0,0,0,0,205,196,190,197
deterministic-1,second,14,2027082714,2027082714,0,1,1,1,1,0,0,0,0,214,211,217,195
deterministic-1,second,15,2027082715,2027082715,1,0,1,0,0,0,0,0,0,169,232,175,188
deterministic-1,second,16,2027082716,2027082716,0,0,0,0,1,0,0,0,0,133,210,133,162
deterministic-1,second,17,2027082717,2027082717,1,1,0,1,0,0,0,0,0,207,200,242,239
deterministic-1,second,18,2027082718,2027082718,0,1,1,1,1,0,0,0,0,215,204,196,197
deterministic-1,second,19,2027082719,2027082719,1,0,1,0,0,0,0,0,0,180,210,133,188
deterministic-1,second,20,2027082720,2027082720,0,1,1,1,1,0,0,0,0,157,174,174,174
deterministic-1,second,21,2027082721,2027082721,1,0,1,0,1,0,0,0,0,241,236,194,160
deterministic-1,second,22,2027082722,2027082722,0,0,1,0,1,0,0,0,0,160,149,179,179
deterministic-1,second,23,2027082723,2027082723,1,1,1,1,0,0,0,0,0,253,231,211,207
deterministic-1,second,24,2027082724,2027082724,0,0,0,1,0,0,0,0,0,237,189,183,189
deterministic-1,second,25,2027082725,2027082725,1,1,1,1,0,0,0,0,0,218,218,218,251
deterministic-1,second,26,2027082726,2027082726,0,1,0,0,0,0,0,0,0,139,206,195,230
deterministic-1,second,27,2027082727,2027082727,1,1,0,0,1,0,0,0,0,215,226,202,221
deterministic-1,second,28,2027082728,2027082728,0,0,0,0,0,0,0,0,0,173,153,174,167
deterministic-1,second,29,2027082729,2027082729,1,0,1,0,0,0,0,0,0,176,204,176,176
deterministic-1,second,30,2027082730,2027082730,0,0,0,1,1,0,0,0,0,185,241,271,198
deterministic-1,second,31,2027082731,2027082731,1,1,1,1,1,0,0,0,0,224,250,224,253
deterministic-1,second,32,2027082732,2027082732,0,0,1,1,1,0,0,0,0,152,158,167,190
deterministic-1,second,33,2027082733,2027082733,1,0,1,0,1,0,0,0,0,167,226,207,219
deterministic-1,second,34,2027082734,2027082734,0,0,1,1,1,0,0,0,0,204,208,193,219
deterministic-1,second,35,2027082735,2027082735,1,0,0,0,0,0,0,0,0,217,223,212,171
deterministic-1,second,36,2027082736,2027082736,0,1,1,1,1,0,0,0,0,178,230,219,199
deterministic-1,second,37,2027082737,2027082737,1,0,0,1,0,0,0,0,0,366,190,248,179
deterministic-1,second,38,2027082738,2027082738,0,0,1,0,1,0,0,0,0,180,202,188,210
deterministic-1,second,39,2027082739,2027082739,1,1,1,1,1,0,0,0,0,208,188,208,184
deterministic-1,second,40,2027082740,2027082740,0,0,1,0,0,0,0,0,0,174,201,137,191
deterministic-1,second,41,2027082741,2027082741,1,0,0,0,0,0,0,0,0,198,232,198,193
deterministic-1,second,42,2027082742,2027082742,0,1,1,0,0,0,0,0,0,250,203,209,233
deterministic-1,second,43,2027082743,2027082743,1,0,0,1,1,0,0,0,0,174,174,148,180
deterministic-1,second,44,2027082744,2027082744,0,0,1,0,0,0,0,0,0,190,273,190,185
deterministic-1,second,45,2027082745,2027082745,1,0,1,0,1,0,0,0,0,218,228,225,187
deterministic-1,second,46,2027082746,2027082746,0,0,1,0,1,0,0,0,0,158,211,187,219
deterministic-1,second,47,2027082747,2027082747,1,0,0,0,0,0,0,0,0,156,180,163,161
deterministic-1,second,48,2027082748,2027082748,0,1,1,1,1,0,0,0,0,176,200,179,191
deterministic-1,second,49,2027082749,2027082749,1,0,0,0,1,0,0,0,0,232,187,211,218
deterministic-1,second,50,2027082750,2027082750,0,1,0,1,0,0,0,0,0,146,184,171,185
deterministic-1,second,51,2027082751,2027082751,1,0,0,0,1,0,0,0,0,187,193,187,156
deterministic-1,second,52,2027082752,2027082752,0,1,0,0,1,0,0,0,0,179,192,245,187
deterministic-1,second,53,2027082753,2027082753,1,1,0,1,0,0,0,0,0,224,194,203,240
deterministic-1,second,54,2027082754,2027082754,0,1,1,0,0,0,0,0,0,216,203,235,160
deterministic-1,second,55,2027082755,2027082755,1,0,0,0,0,0,0,0,0,172,182,188,172
deterministic-1,second,56,2027082756,2027082756,0,1,1,1,1,0,0,0,0,175,203,215,199
deterministic-1,second,57,2027082757,2027082757,1,0,0,1,0,0,0,0,0,172,164,168,221
deterministic-1,second,58,2027082758,2027082758,0,1,0,0,0,0,0,0,0,191,146,225,192
deterministic-1,second,59,2027082759,2027082759,1,1,0,1,0,0,0,0,0,202,263,216,234
deterministic-1,second,60,2027082760,2027082760,0,0,1,0,0,0,0,0,0,182,174,184,149
deterministic-1,second,61,2027082761,2027082761,1,0,1,0,1,0,0,0,0,165,187,165,199
deterministic-1,second,62,2027082762,2027082762,0,0,0,0,0,0,0,0,0,183,179,165,175
deterministic-1,second,63,2027082763,2027082763,1,0,0,0,1,0,0,0,0,219,168,241,219
deterministic-1,second,64,2027082764,2027082764,0,1,0,1,0,0,0,0,0,224,194,207,240
deterministic-1,second,65,2027082765,2027082765,1,1,1,1,0,0,0,0,0,221,170,193,207
deterministic-1,second,66,2027082766,2027082766,0,1,0,0,0,0,0,0,0,197,193,202,178
deterministic-1,second,67,2027082767,2027082767,1,0,0,0,1,0,0,0,0,209,188,209,239
deterministic-1,second,68,2027082768,2027082768,0,1,1,1,1,0,0,0,0,189,201,186,202
deterministic-1,second,69,2027082769,2027082769,1,0,0,0,0,0,0,0,0,232,214,234,188
deterministic-1,second,70,2027082770,2027082770,0,0,0,1,1,0,0,0,0,196,194,174,228
deterministic-1,second,71,2027082771,2027082771,1,0,0,0,0,0,0,0,0,202,174,195,197
deterministic-1,second,72,2027082772,2027082772,0,1,1,1,0,0,0,0,0,125,165,164,161
deterministic-1,second,73,2027082773,2027082773,1,1,1,0,0,0,0,0,0,185,217,178,210
deterministic-1,second,74,2027082774,2027082774,0,0,1,0,1,0,0,0,0,182,168,222,214
deterministic-1,second,75,2027082775,2027082775,1,1,0,1,0,0,0,0,0,243,273,319,259
deterministic-1,second,76,2027082776,2027082776,0,1,0,1,1,0,0,0,0,192,189,192,169
deterministic-1,second,77,2027082777,2027082777,1,1,0,1,0,0,0,0,0,155,181,152,182
deterministic-1,second,78,2027082778,2027082778,0,1,1,1,1,0,0,0,0,197,179,197,240
deterministic-1,second,79,2027082779,2027082779,1,1,0,0,1,0,0,0,0,186,196,214,185
deterministic-1,second,80,2027082780,2027082780,0,1,1,1,1,0,0,0,0,189,221,244,191
deterministic-1,second,81,2027082781,2027082781,1,1,0,0,0,0,0,0,0,323,200,210,199
deterministic-1,second,82,2027082782,2027082782,0,1,1,1,0,0,0,0,0,179,139,179,192
deterministic-1,second,83,2027082783,2027082783,1,0,1,1,0,0,0,0,0,235,196,207,194
deterministic-1,second,84,2027082784,2027082784,0,1,0,1,0,0,0,0,0,191,214,192,223
deterministic-1,second,85,2027082785,2027082785,1,0,1,1,0,0,0,0,0,208,246,253,205
deterministic-1,second,86,2027082786,2027082786,0,0,0,0,1,0,0,0,0,180,174,182,224
deterministic-1,second,87,2027082787,2027082787,1,1,1,1,0,0,0,0,0,172,216,172,183
deterministic-1,second,88,2027082788,2027082788,0,1,1,1,1,0,0,0,0,185,214,186,209
deterministic-1,second,89,2027082789,2027082789,1,1,0,1,0,0,0,0,0,232,195,281,236
deterministic-1,second,90,2027082790,2027082790,0,0,1,1,0,0,0,0,0,231,189,237,236
deterministic-1,second,91,2027082791,2027082791,1,1,0,1,1,0,0,0,0,212,205,216,168
deterministic-1,second,92,2027082792,2027082792,0,1,1,0,1,0,0,0,0,187,182,242,227
deterministic-1,second,93,2027082793,2027082793,1,0,1,0,0,0,0,0,0,201,191,210,207
deterministic-1,second,94,2027082794,2027082794,0,0,1,0,0,0,0,1,0,169,193,188,179
deterministic-1,second,95,2027082795,2027082795,1,1,1,0,1,0,0,0,0,177,207,176,212
deterministic-1,second,96,2027082796,2027082796,0,1,0,1,1,0,0,0,0,174,211,172,241
deterministic-1,second,97,2027082797,2027082797,1,1,1,0,1,0,0,0,0,276,270,227,196
deterministic-1,second,98,2027082798,2027082798,0,0,0,0,1,0,0,0,0,158,139,137,182
deterministic-1,second,99,2027082799,2027082799,1,0,0,1,0,0,0,0,0,207,178,221,198
deterministic-1,second,100,2027082800,2027082800,0,0,1,0,1,0,0,0,0,222,234,245,222
deterministic-1,second,101,2027082801,2027082801,1,1,0,0,1,0,0,0,0,190,197,203,189
deterministic-1,second,102,2027082802,2027082802,0,1,1,0,1,0,0,0,0,190,276,210,195
deterministic-1,second,103,2027082803,2027082803,1,0,1,1,1,0,0,0,0,214,208,201,202
deterministic-1,second,104,2027082804,2027082804,0,0,0,1,0,0,0,0,0,217,219,239,217
deterministic-1,second,105,2027082805,2027082805,1,0,0,0,0,0,0,0,0,191,211,191,188
deterministic-1,second,106,2027082806,2027082806,0,1,0,0,0,0,0,0,0,173,208,213,204
deterministic-1,second,107,2027082807,2027082807,1,1,1,1,1,0,0,0,0,246,209,251,165
deterministic-1,second,108,2027082808,2027082808,0,0,1,1,1,0,0,0,0,199,188,184,158
deterministic-1,second,109,2027082809,2027082809,1,0,0,0,1,0,0,0,0,248,198,138,187
deterministic-1,second,110,2027082810,2027082810,0,0,1,1,1,0,0,0,0,225,198,225,222
deterministic-1,second,111,2027082811,2027082811,1,1,1,1,1,0,0,0,0,187,179,187,180
deterministic-1,second,112,2027082812,2027082812,0,0,0,0,0,0,0,0,0,174,145,179,146
deterministic-1,second,113,2027082813,2027082813,1,1,0,1,1,0,0,0,0,201,187,201,200
deterministic-1,second,114,2027082814,2027082814,0,0,0,0,0,0,0,0,0,175,164,160,161
deterministic-1,second,115,2027082815,2027082815,1,0,0,1,1,0,0,0,0,245,208,202,196
deterministic-1,second,116,2027082816,2027082816,0,1,1,1,1,0,0,0,0,198,145,201,246
deterministic-1,second,117,2027082817,2027082817,1,0,1,1,1,0,0,0,0,266,232,245,258
deterministic-1,second,118,2027082818,2027082818,0,1,1,1,1,0,0,0,0,207,140,219,170
deterministic-1,second,119,2027082819,2027082819,1,0,0,1,0,0,0,0,0,202,167,175,173
deterministic-1,second,120,2027082820,2027082820,0,0,1,0,1,0,0,0,0,213,244,224,221
deterministic-1,second,121,2027082821,2027082821,1,1,1,1,1,0,0,0,0,214,207,201,260
deterministic-1,second,122,2027082822,2027082822,0,0,0,0,0,0,0,0,0,204,210,217,297
deterministic-1,second,123,2027082823,2027082823,1,0,0,0,1,0,0,0,0,186,263,192,255
deterministic-1,second,124,2027082824,2027082824,0,1,1,0,0,0,0,0,0,187,226,187,189
deterministic-1,second,125,2027082825,2027082825,1,1,1,0,0,0,0,0,0,198,256,235,263
deterministic-1,second,126,2027082826,2027082826,0,0,0,0,0,0,0,0,0,171,129,203,146
deterministic-1,second,127,2027082827,2027082827,1,1,1,1,1,0,0,0,0,197,200,166,180
deterministic-1,second,128,2027082828,2027082828,0,0,0,0,0,0,0,0,0,166,186,166,182
deterministic-1,second,129,2027082829,2027082829,1,0,1,0,1,0,0,0,0,185,187,195,189
deterministic-1,second,130,2027082830,2027082830,0,0,1,0,1,0,0,0,0,224,238,209,254
deterministic-1,second,131,2027082831,2027082831,1,1,1,1,0,0,0,0,0,185,165,218,205
deterministic-1,second,132,2027082832,2027082832,0,0,0,0,0,0,0,0,0,120,120,120,119
deterministic-1,second,133,2027082833,2027082833,1,1,0,1,0,0,0,0,0,201,203,220,217
deterministic-1,second,134,2027082834,2027082834,0,1,1,0,1,0,0,0,0,260,274,271,157
deterministic-1,second,135,2027082835,2027082835,1,1,1,1,1,0,0,0,0,189,216,189,231
deterministic-1,second,136,2027082836,2027082836,0,0,0,1,0,0,0,0,0,184,194,217,156
deterministic-1,second,137,2027082837,2027082837,1,1,1,1,1,0,0,0,0,162,165,167,223
deterministic-1,second,138,2027082838,2027082838,0,0,0,0,1,0,0,0,0,140,236,159,214
deterministic-1,second,139,2027082839,2027082839,1,1,0,1,0,0,0,0,1,184,179,226,230
deterministic-1,second,140,2027082840,2027082840,0,0,1,0,0,0,0,0,0,224,199,219,172
deterministic-1,second,141,2027082841,2027082841,1,0,0,1,0,0,0,0,0,215,219,190,239
deterministic-1,second,142,2027082842,2027082842,0,1,0,0,0,0,0,0,0,227,188,174,169
deterministic-1,second,143,2027082843,2027082843,1,1,1,1,1,0,0,0,0,157,138,157,162
deterministic-1,second,144,2027082844,2027082844,0,0,1,0,1,0,0,0,0,228,174,228,252
deterministic-1,second,145,2027082845,2027082845,1,1,1,1,1,0,0,0,0,184,177,183,209
deterministic-1,second,146,2027082846,2027082846,0,1,1,1,1,0,0,0,0,233,201,233,174
deterministic-1,second,147,2027082847,2027082847,1,1,1,1,1,0,0,0,0,200,188,210,164
deterministic-1,second,148,2027082848,2027082848,0,1,1,1,1,0,0,0,0,225,311,191,191
deterministic-1,second,149,2027082849,2027082849,1,0,1,1,0,0,0,0,0,206,219,181,228
deterministic-1,second,150,2027082850,2027082850,0,1,1,1,1,0,0,0,0,197,181,197,168
deterministic-1,second,151,2027082851,2027082851,1,0,1,1,0,0,0,0,0,195,171,199,164
deterministic-1,second,152,2027082852,2027082852,0,0,1,0,0,0,0,0,0,177,228,177,180
deterministic-1,second,153,2027082853,2027082853,1,1,0,1,0,0,0,0,0,193,190,180,192
deterministic-1,second,154,2027082854,2027082854,0,1,1,1,1,0,0,0,0,144,152,144,150
deterministic-1,second,155,2027082855,2027082855,1,1,1,1,1,0,0,0,0,196,219,239,232
deterministic-1,second,156,2027082856,2027082856,0,0,1,0,1,0,0,0,0,211,225,211,207
deterministic-1,second,157,2027082857,2027082857,1,1,0,1,0,0,0,0,0,216,251,220,163
deterministic-1,second,158,2027082858,2027082858,0,1,0,0,1,0,0,0,0,200,182,155,181
deterministic-1,second,159,2027082859,2027082859,1,1,0,1,1,0,0,0,0,218,172,241,213
deterministic-1,second,160,2027082860,2027082860,0,1,1,1,0,0,0,0,0,206,230,206,184
deterministic-1,second,161,2027082861,2027082861,1,0,0,0,0,0,0,0,0,163,183,160,220
deterministic-1,second,162,2027082862,2027082862,0,1,1,1,1,0,0,0,0,211,201,194,213
deterministic-1,second,163,2027082863,2027082863,1,0,1,0,0,0,0,0,0,184,200,194,200
deterministic-1,second,164,2027082864,2027082864,0,0,1,0,1,0,0,0,0,166,227,140,188
deterministic-1,second,165,2027082865,2027082865,1,0,1,1,1,0,0,0,0,191,162,160,162
deterministic-1,second,166,2027082866,2027082866,0,1,1,1,1,0,0,0,0,190,193,179,213
deterministic-1,second,167,2027082867,2027082867,1,0,1,0,1,0,0,0,0,234,259,229,214
deterministic-1,second,168,2027082868,2027082868,0,0,0,0,0,0,0,0,0,188,188,188,197
deterministic-1,second,169,2027082869,2027082869,1,0,1,0,0,0,0,0,0,204,172,231,193
deterministic-1,second,170,2027082870,2027082870,0,0,0,0,0,0,0,0,0,147,173,210,162
deterministic-1,second,171,2027082871,2027082871,1,1,1,1,1,0,0,0,0,195,210,181,195
deterministic-1,second,172,2027082872,2027082872,0,1,1,1,1,0,0,0,0,221,269,259,215
deterministic-1,second,173,2027082873,2027082873,1,1,0,1,0,0,0,0,0,304,167,195,180
deterministic-1,second,174,2027082874,2027082874,0,1,0,0,0,0,0,0,0,198,198,230,286
deterministic-1,second,175,2027082875,2027082875,1,0,0,1,0,0,0,0,0,242,211,231,170
deterministic-1,second,176,2027082876,2027082876,0,1,0,0,1,0,0,0,0,203,211,183,194
deterministic-1,second,177,2027082877,2027082877,1,1,1,1,1,0,0,0,0,188,165,208,198
deterministic-1,second,178,2027082878,2027082878,0,1,1,0,0,0,0,0,0,192,223,191,182
deterministic-1,second,179,2027082879,2027082879,1,0,0,0,0,0,0,0,0,197,177,231,236
deterministic-1,second,180,2027082880,2027082880,0,1,1,1,1,0,0,0,0,220,207,220,193
deterministic-1,second,181,2027082881,2027082881,1,0,1,1,1,0,0,0,0,243,193,145,217
deterministic-1,second,182,2027082882,2027082882,0,1,1,1,1,0,0,0,0,190,239,180,187
deterministic-1,second,183,2027082883,2027082883,1,1,0,1,0,0,0,0,0,147,181,158,198
deterministic-1,second,184,2027082884,2027082884,0,0,0,0,0,0,0,0,0,146,228,143,217
deterministic-1,second,185,2027082885,2027082885,1,1,0,1,1,0,0,0,0,235,281,225,218
deterministic-1,second,186,2027082886,2027082886,0,1,0,1,0,0,0,0,0,205,177,205,254
deterministic-1,second,187,2027082887,2027082887,1,0,1,0,1,0,0,0,0,149,199,241,244
deterministic-1,second,188,2027082888,2027082888,0,1,0,1,1,0,0,0,0,183,206,185,178
deterministic-1,second,189,2027082889,2027082889,1,0,1,0,0,0,0,0,0,173,208,173,197
deterministic-1,second,190,2027082890,2027082890,0,1,1,1,1,0,0,0,0,252,185,211,176
deterministic-1,second,191,2027082891,2027082891,1,0,1,0,1,0,0,0,0,189,193,185,201
deterministic-1,second,192,2027082892,2027082892,0,1,1,1,1,0,0,0,0,178,213,195,172
deterministic-1,second,193,2027082893,2027082893,1,0,1,0,1,0,0,0,0,205,251,191,197
deterministic-1,second,194,2027082894,2027082894,0,1,1,0,0,0,0,0,0,182,187,307,278
deterministic-1,second,195,2027082895,2027082895,1,1,1,0,0,0,0,0,0,177,171,202,181
deterministic-1,second,196,2027082896,2027082896,0,1,1,1,0,0,0,0,0,186,189,197,225
deterministic-1,second,197,2027082897,2027082897,1,0,0,0,1,0,0,0,0,193,249,185,223
deterministic-1,second,198,2027082898,2027082898,0,1,0,1,1,0,0,0,0,207,189,205,187
deterministic-1,second,199,2027082899,2027082899,1,0,0,1,1,0,0,0,0,163,202,149,251
deterministic-2,first,0,2026083700,2026083700,0,1,1,0,1,0,0,0,0,208,226,244,225
deterministic-2,first,1,2026083701,2026083701,1,0,0,0,1,0,0,0,0,210,203,203,243
deterministic-2,first,2,2026083702,2026083702,0,1,0,1,0,0,0,0,0,211,210,203,238
deterministic-2,first,3,2026083703,2026083703,1,1,0,1,0,0,0,0,0,216,232,182,241
deterministic-2,first,4,2026083704,2026083704,0,0,1,1,0,0,0,0,0,187,213,194,232
deterministic-2,first,5,2026083705,2026083705,1,1,1,1,1,0,0,0,0,183,211,183,228
deterministic-2,first,6,2026083706,2026083706,0,1,1,1,1,0,0,0,0,170,154,170,156
deterministic-2,first,7,2026083707,2026083707,1,0,1,0,0,0,0,0,0,146,144,156,212
deterministic-2,first,8,2026083708,2026083708,0,1,1,1,1,0,0,0,0,181,234,223,231
deterministic-2,first,9,2026083709,2026083709,1,0,0,0,0,0,0,0,0,138,138,125,125
deterministic-2,first,10,2026083710,2026083710,0,1,1,1,1,0,0,0,0,177,176,189,177
deterministic-2,first,11,2026083711,2026083711,1,0,0,1,0,0,0,0,0,188,197,260,210
deterministic-2,first,12,2026083712,2026083712,0,1,1,0,1,0,0,0,0,176,167,220,177
deterministic-2,first,13,2026083713,2026083713,1,1,1,1,1,0,0,0,0,176,173,182,171
deterministic-2,first,14,2026083714,2026083714,0,0,0,1,1,0,0,0,0,215,197,232,222
deterministic-2,first,15,2026083715,2026083715,1,0,0,0,1,0,0,0,0,131,177,172,226
deterministic-2,first,16,2026083716,2026083716,0,1,1,1,1,0,0,0,0,222,187,188,222
deterministic-2,first,17,2026083717,2026083717,1,0,0,0,0,0,0,0,0,197,198,200,209
deterministic-2,first,18,2026083718,2026083718,0,1,1,1,1,0,0,0,0,205,219,182,178
deterministic-2,first,19,2026083719,2026083719,1,0,1,0,0,0,0,0,0,97,154,177,223
deterministic-2,first,20,2026083720,2026083720,0,0,0,0,0,0,0,0,0,156,171,155,143
deterministic-2,first,21,2026083721,2026083721,1,0,0,0,1,0,0,0,0,203,188,203,203
deterministic-2,first,22,2026083722,2026083722,0,0,1,1,1,0,0,0,0,232,190,156,224
deterministic-2,first,23,2026083723,2026083723,1,1,0,0,0,0,0,0,0,160,194,185,210
deterministic-2,first,24,2026083724,2026083724,0,0,0,1,1,0,0,0,0,236,173,197,199
deterministic-2,first,25,2026083725,2026083725,1,0,1,1,0,0,0,0,0,199,210,195,199
deterministic-2,first,26,2026083726,2026083726,0,1,1,1,1,0,0,0,0,172,192,172,172
deterministic-2,first,27,2026083727,2026083727,1,1,1,0,1,0,0,0,0,191,239,227,244
deterministic-2,first,28,2026083728,2026083728,0,1,0,0,0,0,0,0,0,141,177,217,153
deterministic-2,first,29,2026083729,2026083729,1,1,0,1,0,0,0,0,0,192,173,189,251
deterministic-2,first,30,2026083730,2026083730,0,1,1,1,1,0,0,0,0,241,199,241,214
deterministic-2,first,31,2026083731,2026083731,1,1,0,1,1,0,0,0,0,171,193,110,115
deterministic-2,first,32,2026083732,2026083732,0,0,1,0,0,0,0,0,0,263,263,225,234
deterministic-2,first,33,2026083733,2026083733,1,1,1,1,1,0,0,0,0,190,252,233,175
deterministic-2,first,34,2026083734,2026083734,0,1,0,1,1,0,0,0,0,163,208,187,131
deterministic-2,first,35,2026083735,2026083735,1,0,1,0,1,0,0,0,0,197,214,194,213
deterministic-2,first,36,2026083736,2026083736,0,1,1,1,1,0,0,0,0,237,195,232,218
deterministic-2,first,37,2026083737,2026083737,1,0,1,0,1,0,0,0,0,223,163,227,152
deterministic-2,first,38,2026083738,2026083738,0,1,1,0,0,0,0,0,0,225,198,214,220
deterministic-2,first,39,2026083739,2026083739,1,1,1,0,0,0,0,0,0,200,198,210,214
deterministic-2,first,40,2026083740,2026083740,0,1,1,1,1,0,0,0,0,236,171,230,241
deterministic-2,first,41,2026083741,2026083741,1,0,1,0,0,0,0,0,0,251,257,234,276
deterministic-2,first,42,2026083742,2026083742,0,1,1,1,1,0,0,0,0,165,195,124,197
deterministic-2,first,43,2026083743,2026083743,1,0,1,0,0,0,0,0,0,197,197,212,224
deterministic-2,first,44,2026083744,2026083744,0,1,1,1,1,0,0,0,0,185,212,185,173
deterministic-2,first,45,2026083745,2026083745,1,1,1,1,0,0,0,0,0,214,176,214,242
deterministic-2,first,46,2026083746,2026083746,0,0,0,1,1,0,0,0,0,199,217,137,223
deterministic-2,first,47,2026083747,2026083747,1,0,1,1,1,0,0,0,0,246,200,200,169
deterministic-2,first,48,2026083748,2026083748,0,0,0,0,0,0,0,0,0,166,166,191,203
deterministic-2,first,49,2026083749,2026083749,1,0,1,1,0,0,0,0,0,204,247,173,198
deterministic-2,first,50,2026083750,2026083750,0,0,1,0,1,0,0,0,0,152,187,150,172
deterministic-2,first,51,2026083751,2026083751,1,1,0,1,1,0,0,0,0,209,199,208,179
deterministic-2,first,52,2026083752,2026083752,0,1,1,1,0,0,0,0,0,185,180,173,139
deterministic-2,first,53,2026083753,2026083753,1,1,1,0,1,0,0,0,0,186,175,194,176
deterministic-2,first,54,2026083754,2026083754,0,1,0,0,0,0,0,0,0,179,182,177,175
deterministic-2,first,55,2026083755,2026083755,1,1,0,1,0,0,0,0,0,182,204,197,225
deterministic-2,first,56,2026083756,2026083756,0,1,1,1,1,0,0,0,0,216,196,244,192
deterministic-2,first,57,2026083757,2026083757,1,0,0,0,0,0,0,0,0,214,202,293,240
deterministic-2,first,58,2026083758,2026083758,0,1,1,1,1,0,0,0,0,173,133,179,130
deterministic-2,first,59,2026083759,2026083759,1,0,0,1,1,0,0,0,0,201,145,193,181
deterministic-2,first,60,2026083760,2026083760,0,1,1,1,1,0,0,0,0,161,189,163,181
deterministic-2,first,61,2026083761,2026083761,1,1,0,1,1,0,0,0,0,151,174,171,139
deterministic-2,first,62,2026083762,2026083762,0,1,0,0,1,0,0,0,0,265,245,213,256
deterministic-2,first,63,2026083763,2026083763,1,1,0,1,1,0,0,0,0,182,203,148,169
deterministic-2,first,64,2026083764,2026083764,0,1,1,1,1,0,0,0,0,178,184,166,177
deterministic-2,first,65,2026083765,2026083765,1,1,0,0,1,0,0,0,0,209,209,189,198
deterministic-2,first,66,2026083766,2026083766,0,1,1,1,1,0,0,0,0,202,258,176,218
deterministic-2,first,67,2026083767,2026083767,1,1,1,1,1,0,0,0,0,180,210,177,234
deterministic-2,first,68,2026083768,2026083768,0,0,1,0,1,0,0,0,0,247,193,247,206
deterministic-2,first,69,2026083769,2026083769,1,1,0,1,0,0,0,0,0,202,217,169,231
deterministic-2,first,70,2026083770,2026083770,0,0,1,1,1,0,0,0,0,191,167,188,164
deterministic-2,first,71,2026083771,2026083771,1,1,0,1,1,0,0,0,0,207,167,180,220
deterministic-2,first,72,2026083772,2026083772,0,0,0,0,0,0,0,0,0,237,215,241,205
deterministic-2,first,73,2026083773,2026083773,1,1,1,1,1,0,0,0,0,217,194,271,203
deterministic-2,first,74,2026083774,2026083774,0,0,0,0,0,0,0,0,0,151,191,159,157
deterministic-2,first,75,2026083775,2026083775,1,0,1,0,1,0,0,0,0,180,214,182,239
deterministic-2,first,76,2026083776,2026083776,0,1,1,1,1,0,0,0,0,184,157,147,204
deterministic-2,first,77,2026083777,2026083777,1,1,1,1,1,0,0,0,0,125,152,187,188
deterministic-2,first,78,2026083778,2026083778,0,1,1,1,1,0,0,0,0,207,212,207,147
deterministic-2,first,79,2026083779,2026083779,1,0,0,0,1,0,0,0,0,237,227,236,222
deterministic-2,first,80,2026083780,2026083780,0,1,1,1,1,0,0,0,0,174,185,95,96
deterministic-2,first,81,2026083781,2026083781,1,1,1,0,1,0,0,0,0,240,191,249,184
deterministic-2,first,82,2026083782,2026083782,0,1,0,1,0,0,0,0,0,189,187,191,176
deterministic-2,first,83,2026083783,2026083783,1,1,1,1,1,0,0,0,0,173,173,205,213
deterministic-2,first,84,2026083784,2026083784,0,1,1,1,1,0,0,0,0,160,130,155,130
deterministic-2,first,85,2026083785,2026083785,1,1,1,1,1,0,0,0,0,192,181,167,218
deterministic-2,first,86,2026083786,2026083786,0,0,1,1,1,0,0,0,0,217,193,219,210
deterministic-2,first,87,2026083787,2026083787,1,1,1,1,0,0,0,0,0,136,196,141,193
deterministic-2,first,88,2026083788,2026083788,0,1,0,1,1,0,0,0,0,237,193,218,220
deterministic-2,first,89,2026083789,2026083789,1,1,1,0,0,0,0,0,0,188,147,195,180
deterministic-2,first,90,2026083790,2026083790,0,0,0,1,1,0,0,0,0,237,198,206,195
deterministic-2,first,91,2026083791,2026083791,1,1,1,0,1,0,0,0,0,221,220,251,233
deterministic-2,first,92,2026083792,2026083792,0,0,1,0,1,0,0,0,0,200,230,222,165
deterministic-2,first,93,2026083793,2026083793,1,1,0,1,0,0,0,0,0,227,210,209,189
deterministic-2,first,94,2026083794,2026083794,0,1,1,0,0,0,0,0,0,205,199,212,207
deterministic-2,first,95,2026083795,2026083795,1,1,1,1,1,0,0,0,0,208,228,199,234
deterministic-2,first,96,2026083796,2026083796,0,1,1,0,0,0,0,0,0,257,223,280,200
deterministic-2,first,97,2026083797,2026083797,1,0,0,1,1,0,0,0,0,196,202,204,230
deterministic-2,first,98,2026083798,2026083798,0,0,0,0,1,0,0,0,0,188,176,188,182
deterministic-2,first,99,2026083799,2026083799,1,0,0,1,1,0,0,0,0,190,166,291,239
deterministic-2,first,100,2026083800,2026083800,0,1,1,1,1,0,0,0,0,209,31,188,30
deterministic-2,first,101,2026083801,2026083801,1,1,1,0,1,0,0,0,0,194,213,179,218
deterministic-2,first,102,2026083802,2026083802,0,0,1,1,1,0,0,0,0,211,220,191,179
deterministic-2,first,103,2026083803,2026083803,1,0,1,0,1,0,0,0,0,167,169,199,192
deterministic-2,first,104,2026083804,2026083804,0,0,1,0,0,0,0,0,0,182,229,230,208
deterministic-2,first,105,2026083805,2026083805,1,0,0,0,0,0,0,0,0,209,177,209,177
deterministic-2,first,106,2026083806,2026083806,0,1,0,0,0,0,0,0,0,206,165,223,171
deterministic-2,first,107,2026083807,2026083807,1,1,1,0,0,0,0,0,0,191,210,200,205
deterministic-2,first,108,2026083808,2026083808,0,1,1,1,1,0,0,0,0,149,152,136,134
deterministic-2,first,109,2026083809,2026083809,1,1,1,1,1,0,0,0,0,196,132,196,176
deterministic-2,first,110,2026083810,2026083810,0,1,1,1,0,0,0,0,0,203,230,186,202
deterministic-2,first,111,2026083811,2026083811,1,1,1,1,0,0,0,0,0,187,178,192,173
deterministic-2,first,112,2026083812,2026083812,0,1,1,0,0,0,0,0,0,263,264,265,192
deterministic-2,first,113,2026083813,2026083813,1,0,0,0,0,0,0,0,0,135,216,167,164
deterministic-2,first,114,2026083814,2026083814,0,1,1,1,0,0,0,0,0,213,195,211,220
deterministic-2,first,115,2026083815,2026083815,1,0,0,0,0,0,0,0,0,161,151,185,172
deterministic-2,first,116,2026083816,2026083816,0,1,0,0,1,0,0,0,0,184,248,188,149
deterministic-2,first,117,2026083817,2026083817,1,1,1,1,1,0,0,0,0,138,178,140,180
deterministic-2,first,118,2026083818,2026083818,0,1,1,1,1,0,0,0,0,204,209,204,193
deterministic-2,first,119,2026083819,2026083819,1,0,0,0,1,0,0,0,0,179,145,179,179
deterministic-2,first,120,2026083820,2026083820,0,0,0,0,1,0,0,0,0,177,191,221,179
deterministic-2,first,121,2026083821,2026083821,1,1,1,0,1,0,0,0,0,180,184,173,224
deterministic-2,first,122,2026083822,2026083822,0,1,0,0,1,0,0,0,0,216,215,234,129
deterministic-2,first,123,2026083823,2026083823,1,1,1,1,1,0,0,0,0,195,170,196,175
deterministic-2,first,124,2026083824,2026083824,0,0,1,1,0,0,0,0,0,189,244,203,215
deterministic-2,first,125,2026083825,2026083825,1,1,1,1,1,0,0,0,0,185,198,180,158
deterministic-2,first,126,2026083826,2026083826,0,1,1,1,1,0,0,0,0,169,177,244,177
deterministic-2,first,127,2026083827,2026083827,1,0,0,1,0,0,0,0,0,192,186,138,223
deterministic-2,first,128,2026083828,2026083828,0,1,1,1,1,0,0,0,0,179,195,214,204
deterministic-2,first,129,2026083829,2026083829,1,1,1,1,1,0,0,0,0,165,149,165,234
deterministic-2,first,130,2026083830,2026083830,0,0,1,1,0,0,0,0,0,284,218,238,195
deterministic-2,first,131,2026083831,2026083831,1,0,1,0,1,0,0,0,0,207,204,206,191
deterministic-2,first,132,2026083832,2026083832,0,1,1,1,1,0,0,0,0,174,213,178,168
deterministic-2,first,133,2026083833,2026083833,1,1,1,1,1,0,0,0,0,218,201,199,185
deterministic-2,first,134,2026083834,2026083834,0,1,0,1,0,0,0,0,0,200,208,177,183
deterministic-2,first,135,2026083835,2026083835,1,0,1,0,1,0,0,0,0,201,221,189,224
deterministic-2,first,136,2026083836,2026083836,0,1,1,1,1,0,0,0,0,202,144,152,152
deterministic-2,first,137,2026083837,2026083837,1,0,1,1,1,0,0,0,0,222,187,207,186
deterministic-2,first,138,2026083838,2026083838,0,1,0,1,0,0,0,0,0,231,204,231,250
deterministic-2,first,139,2026083839,2026083839,1,0,0,1,1,0,0,0,0,215,221,176,172
deterministic-2,first,140,2026083840,2026083840,0,1,0,0,0,0,0,0,0,204,154,235,266
deterministic-2,first,141,2026083841,2026083841,1,1,0,1,0,0,0,0,0,139,211,199,180
deterministic-2,first,142,2026083842,2026083842,0,1,1,1,1,0,0,0,0,159,156,214,165
deterministic-2,first,143,2026083843,2026083843,1,1,1,1,1,0,0,0,0,140,208,141,237
deterministic-2,first,144,2026083844,2026083844,0,1,0,1,1,0,0,0,0,220,194,225,204
deterministic-2,first,145,2026083845,2026083845,1,1,1,1,1,0,0,0,0,150,180,172,182
deterministic-2,first,146,2026083846,2026083846,0,1,1,1,1,0,0,0,0,190,210,209,209
deterministic-2,first,147,2026083847,2026083847,1,0,1,1,0,0,0,0,0,189,235,166,131
deterministic-2,first,148,2026083848,2026083848,0,0,0,0,0,0,0,0,0,196,196,191,220
deterministic-2,first,149,2026083849,2026083849,1,0,0,0,1,0,0,0,0,167,180,169,218
deterministic-2,first,150,2026083850,2026083850,0,1,1,1,0,0,0,0,0,185,153,185,249
deterministic-2,first,151,2026083851,2026083851,1,1,0,1,0,0,0,0,0,212,201,195,259
deterministic-2,first,152,2026083852,2026083852,0,0,1,0,0,0,0,0,0,215,232,213,209
deterministic-2,first,153,2026083853,2026083853,1,1,0,1,1,0,0,0,0,174,224,215,198
deterministic-2,first,154,2026083854,2026083854,0,1,1,1,0,0,0,0,0,154,221,186,213
deterministic-2,first,155,2026083855,2026083855,1,1,1,1,1,0,0,0,0,195,163,161,188
deterministic-2,first,156,2026083856,2026083856,0,1,1,1,1,0,0,0,0,183,191,183,185
deterministic-2,first,157,2026083857,2026083857,1,1,0,1,1,0,0,0,0,121,211,168,146
deterministic-2,first,158,2026083858,2026083858,0,1,1,1,0,0,0,0,0,205,187,200,177
deterministic-2,first,159,2026083859,2026083859,1,0,1,0,0,0,0,0,0,188,206,188,225
deterministic-2,first,160,2026083860,2026083860,0,0,0,0,0,0,0,0,0,136,136,136,136
deterministic-2,first,161,2026083861,2026083861,1,1,1,1,1,0,0,0,0,205,188,188,158
deterministic-2,first,162,2026083862,2026083862,0,0,1,1,0,0,0,0,0,219,203,198,183
deterministic-2,first,163,2026083863,2026083863,1,1,1,1,1,0,0,0,0,152,196,152,182
deterministic-2,first,164,2026083864,2026083864,0,0,0,0,0,0,0,0,0,190,189,237,160
deterministic-2,first,165,2026083865,2026083865,1,1,1,1,1,0,0,0,0,195,205,189,149
deterministic-2,first,166,2026083866,2026083866,0,1,1,1,1,0,0,0,0,196,183,192,168
deterministic-2,first,167,2026083867,2026083867,1,0,1,0,1,0,0,0,0,261,182,205,226
deterministic-2,first,168,2026083868,2026083868,0,1,1,1,1,0,0,0,0,140,218,146,164
deterministic-2,first,169,2026083869,2026083869,1,1,1,1,1,0,0,0,0,122,123,121,120
deterministic-2,first,170,2026083870,2026083870,0,1,1,1,1,0,0,0,0,197,168,197,208
deterministic-2,first,171,2026083871,2026083871,1,1,0,1,1,0,0,0,0,197,175,168,160
deterministic-2,first,172,2026083872,2026083872,0,1,1,1,0,0,0,0,0,178,165,221,183
deterministic-2,first,173,2026083873,2026083873,1,0,1,1,1,0,0,0,0,211,184,232,183
deterministic-2,first,174,2026083874,2026083874,0,1,1,1,1,0,0,0,0,189,183,228,203
deterministic-2,first,175,2026083875,2026083875,1,1,0,0,1,0,0,0,0,210,225,210,225
deterministic-2,first,176,2026083876,2026083876,0,1,0,1,1,0,0,0,0,177,255,188,215
deterministic-2,first,177,2026083877,2026083877,1,1,1,1,0,0,0,0,0,180,182,188,199
deterministic-2,first,178,2026083878,2026083878,0,1,0,1,0,0,0,0,0,202,227,202,226
deterministic-2,first,179,2026083879,2026083879,1,1,1,1,1,0,0,0,0,194,209,187,203
deterministic-2,first,180,2026083880,2026083880,0,1,0,1,0,0,0,0,0,258,201,256,279
deterministic-2,first,181,2026083881,2026083881,1,0,0,0,0,0,0,0,0,229,197,237,188
deterministic-2,first,182,2026083882,2026083882,0,1,1,1,1,0,0,0,0,191,202,166,193
deterministic-2,first,183,2026083883,2026083883,1,0,0,0,0,0,0,0,0,163,204,180,188
deterministic-2,first,184,2026083884,2026083884,0,1,1,1,1,0,0,0,0,144,148,125,145
deterministic-2,first,185,2026083885,2026083885,1,0,0,0,0,0,0,0,0,191,164,210,173
deterministic-2,first,186,2026083886,2026083886,0,1,0,1,0,0,0,0,0,185,241,185,241
deterministic-2,first,187,2026083887,2026083887,1,1,1,1,1,0,0,0,0,175,161,168,131
deterministic-2,first,188,2026083888,2026083888,0,1,1,1,1,0,0,0,0,166,143,197,201
deterministic-2,first,189,2026083889,2026083889,1,0,0,0,1,0,0,0,0,220,273,234,235
deterministic-2,first,190,2026083890,2026083890,0,0,0,1,0,0,0,0,0,132,141,239,178
deterministic-2,first,191,2026083891,2026083891,1,0,0,0,1,0,0,0,0,165,174,215,192
deterministic-2,first,192,2026083892,2026083892,0,1,0,1,0,0,0,0,0,138,199,138,195
deterministic-2,first,193,2026083893,2026083893,1,0,0,0,0,1,0,0,0,188,184,185,193
deterministic-2,first,194,2026083894,2026083894,0,1,1,1,1,0,0,0,0,117,187,191,186
deterministic-2,first,195,2026083895,2026083895,1,1,1,1,0,0,0,0,0,168,212,227,158
deterministic-2,first,196,2026083896,2026083896,0,0,0,1,1,0,0,0,0,174,177,201,205
deterministic-2,first,197,2026083897,2026083897,1,1,1,1,1,0,0,0,0,228,178,180,195
deterministic-2,first,198,2026083898,2026083898,0,1,0,1,0,0,0,0,0,221,201,214,216
deterministic-2,first,199,2026083899,2026083899,1,1,0,1,1,0,0,0,0,182,180,182,197
deterministic-2,second,0,2027083700,2027083700,0,0,1,1,1,0,0,0,0,164,221,167,158
deterministic-2,second,1,2027083701,2027083701,1,0,0,0,0,0,0,0,0,188,174,204,197
deterministic-2,second,2,2027083702,2027083702,0,0,1,1,0,0,0,0,0,209,183,222,215
deterministic-2,second,3,2027083703,2027083703,1,0,1,1,1,0,0,0,0,255,183,190,264
deterministic-2,second,4,2027083704,2027083704,0,1,1,1,1,0,0,0,0,162,189,166,175
deterministic-2,second,5,2027083705,2027083705,1,1,1,1,1,0,0,0,0,197,212,194,238
deterministic-2,second,6,2027083706,2027083706,0,1,0,1,1,0,1,0,0,175,177,189,198
deterministic-2,second,7,2027083707,2027083707,1,0,0,0,1,0,0,0,0,180,187,180,252
deterministic-2,second,8,2027083708,2027083708,0,0,0,0,1,0,0,0,0,159,177,157,199
deterministic-2,second,9,2027083709,2027083709,1,0,0,0,0,0,0,0,0,239,239,250,179
deterministic-2,second,10,2027083710,2027083710,0,1,0,0,0,0,0,0,0,238,191,227,176
deterministic-2,second,11,2027083711,2027083711,1,0,0,0,0,0,0,0,0,192,192,183,196
deterministic-2,second,12,2027083712,2027083712,0,1,0,1,1,0,0,0,0,185,194,184,214
deterministic-2,second,13,2027083713,2027083713,1,0,0,0,0,0,0,0,0,204,200,229,290
deterministic-2,second,14,2027083714,2027083714,0,0,0,0,1,0,0,0,0,171,147,167,220
deterministic-2,second,15,2027083715,2027083715,1,1,1,1,1,0,0,0,0,128,154,151,151
deterministic-2,second,16,2027083716,2027083716,0,1,1,1,1,0,0,0,0,202,199,196,200
deterministic-2,second,17,2027083717,2027083717,1,1,1,0,1,0,0,0,0,231,149,199,179
deterministic-2,second,18,2027083718,2027083718,0,0,1,1,1,0,0,0,0,213,155,240,261
deterministic-2,second,19,2027083719,2027083719,1,0,0,0,1,0,0,0,0,134,198,134,204
deterministic-2,second,20,2027083720,2027083720,0,1,1,1,1,0,0,0,0,177,210,177,216
deterministic-2,second,21,2027083721,2027083721,1,1,0,1,0,0,0,0,0,142,187,195,184
deterministic-2,second,22,2027083722,2027083722,0,1,1,0,1,0,0,0,0,254,232,276,204
deterministic-2,second,23,2027083723,2027083723,1,1,0,1,0,0,0,0,0,186,179,200,212
deterministic-2,second,24,2027083724,2027083724,0,1,1,0,1,0,0,0,0,262,216,258,152
deterministic-2,second,25,2027083725,2027083725,1,1,0,1,1,0,0,0,0,209,222,209,233
deterministic-2,second,26,2027083726,2027083726,0,1,1,1,0,0,0,0,0,218,180,186,230
deterministic-2,second,27,2027083727,2027083727,1,1,1,1,1,0,0,0,0,195,152,195,193
deterministic-2,second,28,2027083728,2027083728,0,1,1,1,1,0,0,0,0,180,158,182,156
deterministic-2,second,29,2027083729,2027083729,1,0,0,0,0,0,0,0,0,175,192,172,191
deterministic-2,second,30,2027083730,2027083730,0,0,0,0,0,0,0,0,0,172,119,148,143
deterministic-2,second,31,2027083731,2027083731,1,1,1,1,1,0,0,0,0,135,181,190,162
deterministic-2,second,32,2027083732,2027083732,0,0,0,1,1,0,0,0,0,205,200,229,242
deterministic-2,second,33,2027083733,2027083733,1,0,0,0,0,0,0,0,0,178,203,236,229
deterministic-2,second,34,2027083734,2027083734,0,1,0,1,0,0,0,0,0,200,154,198,182
deterministic-2,second,35,2027083735,2027083735,1,1,1,1,0,0,0,0,0,137,159,171,244
deterministic-2,second,36,2027083736,2027083736,0,0,0,0,1,0,0,0,0,238,206,263,224
deterministic-2,second,37,2027083737,2027083737,1,1,1,1,1,0,0,0,0,211,138,211,211
deterministic-2,second,38,2027083738,2027083738,0,1,1,1,0,0,0,0,0,191,185,208,202
deterministic-2,second,39,2027083739,2027083739,1,1,1,1,1,0,0,0,0,171,170,184,142
deterministic-2,second,40,2027083740,2027083740,0,0,0,0,0,0,0,0,0,145,195,214,206
deterministic-2,second,41,2027083741,2027083741,1,0,0,1,0,0,0,0,0,255,180,186,234
deterministic-2,second,42,2027083742,2027083742,0,0,0,0,0,0,0,0,0,185,181,152,172
deterministic-2,second,43,2027083743,2027083743,1,1,1,0,1,0,0,0,0,166,262,230,215
deterministic-2,second,44,2027083744,2027083744,0,1,0,0,1,0,0,0,0,195,211,257,201
deterministic-2,second,45,2027083745,2027083745,1,0,0,1,0,0,0,0,0,187,198,176,297
deterministic-2,second,46,2027083746,2027083746,0,1,1,1,0,0,0,0,0,151,220,159,197
deterministic-2,second,47,2027083747,2027083747,1,1,0,1,0,0,0,0,0,168,186,220,186
deterministic-2,second,48,2027083748,2027083748,0,1,1,1,0,0,0,0,0,168,157,160,192
deterministic-2,second,49,2027083749,2027083749,1,1,1,1,0,0,0,0,0,146,155,146,154
deterministic-2,second,50,2027083750,2027083750,0,1,0,1,0,0,0,0,0,209,228,231,186
deterministic-2,second,51,2027083751,2027083751,1,1,1,1,1,0,0,0,0,174,200,219,195
deterministic-2,second,52,2027083752,2027083752,0,0,0,0,1,0,0,0,0,180,244,180,182
deterministic-2,second,53,2027083753,2027083753,1,0,0,0,0,0,0,0,0,192,189,191,212
deterministic-2,second,54,2027083754,2027083754,0,1,1,1,1,0,0,0,0,219,163,220,226
deterministic-2,second,55,2027083755,2027083755,1,1,0,1,0,0,0,0,0,219,234,213,246
deterministic-2,second,56,2027083756,2027083756,0,1,1,1,1,0,0,0,0,275,242,221,269
deterministic-2,second,57,2027083757,2027083757,1,0,0,0,0,0,0,0,0,202,181,174,176
deterministic-2,second,58,2027083758,2027083758,0,1,0,1,1,0,0,0,0,223,212,223,190
deterministic-2,second,59,2027083759,2027083759,1,0,1,0,0,0,0,0,0,209,205,228,176
deterministic-2,second,60,2027083760,2027083760,0,0,1,0,1,0,0,0,0,170,230,160,223
deterministic-2,second,61,2027083761,2027083761,1,0,1,0,1,0,0,0,0,160,173,156,218
deterministic-2,second,62,2027083762,2027083762,0,1,1,1,1,0,0,0,0,197,208,184,193
deterministic-2,second,63,2027083763,2027083763,1,0,1,0,1,0,0,0,0,202,138,202,203
deterministic-2,second,64,2027083764,2027083764,0,0,1,0,1,0,0,0,0,196,183,188,213
deterministic-2,second,65,2027083765,2027083765,1,0,0,1,0,0,0,0,0,197,176,205,174
deterministic-2,second,66,2027083766,2027083766,0,0,0,0,0,0,0,0,0,252,183,199,215
deterministic-2,second,67,2027083767,2027083767,1,1,0,1,1,0,0,0,0,211,221,201,161
deterministic-2,second,68,2027083768,2027083768,0,0,0,0,0,0,0,0,0,103,144,103,158
deterministic-2,second,69,2027083769,2027083769,1,1,1,0,1,0,0,0,0,213,261,196,220
deterministic-2,second,70,2027083770,2027083770,0,1,0,0,0,0,0,0,0,207,166,196,226
deterministic-2,second,71,2027083771,2027083771,1,1,1,0,1,0,0,0,0,184,199,194,245
deterministic-2,second,72,2027083772,2027083772,0,1,0,1,0,0,0,0,0,253,173,245,250
deterministic-2,second,73,2027083773,2027083773,1,1,1,1,1,0,0,0,0,222,191,220,197
deterministic-2,second,74,2027083774,2027083774,0,1,1,1,1,0,0,0,0,199,187,211,183
deterministic-2,second,75,2027083775,2027083775,1,0,1,0,1,0,0,0,0,192,196,178,217
deterministic-2,second,76,2027083776,2027083776,0,1,1,0,1,0,0,0,0,222,267,210,226
deterministic-2,second,77,2027083777,2027083777,1,1,1,1,1,0,0,0,0,166,212,288,206
deterministic-2,second,78,2027083778,2027083778,0,1,1,1,1,0,0,0,0,233,224,225,259
deterministic-2,second,79,2027083779,2027083779,1,1,0,1,0,0,0,0,0,220,187,220,143
deterministic-2,second,80,2027083780,2027083780,0,0,1,0,1,0,0,0,0,173,255,173,260
deterministic-2,second,81,2027083781,2027083781,1,0,1,0,1,0,0,0,0,201,173,201,219
deterministic-2,second,82,2027083782,2027083782,0,0,0,0,0,0,0,0,0,196,178,231,201
deterministic-2,second,83,2027083783,2027083783,1,1,1,0,1,0,0,0,0,175,201,206,230
deterministic-2,second,84,2027083784,2027083784,0,1,1,1,1,0,0,0,0,161,190,159,162
deterministic-2,second,85,2027083785,2027083785,1,1,1,0,1,0,0,0,0,180,189,176,175
deterministic-2,second,86,2027083786,2027083786,0,1,1,1,1,0,0,0,0,211,169,238,180
deterministic-2,second,87,2027083787,2027083787,1,0,0,0,0,0,0,0,0,167,167,167,136
deterministic-2,second,88,2027083788,2027083788,0,0,0,0,1,0,0,0,0,140,105,140,152
deterministic-2,second,89,2027083789,2027083789,1,0,0,1,1,0,0,0,0,192,186,224,221
deterministic-2,second,90,2027083790,2027083790,0,0,0,0,0,0,0,0,0,190,190,199,196
deterministic-2,second,91,2027083791,2027083791,1,0,1,1,1,0,0,0,0,193,179,179,191
deterministic-2,second,92,2027083792,2027083792,0,1,1,0,0,0,0,0,0,222,240,211,198
deterministic-2,second,93,2027083793,2027083793,1,0,0,1,1,0,0,0,0,199,182,148,149
deterministic-2,second,94,2027083794,2027083794,0,1,0,1,1,0,0,0,0,212,187,211,204
deterministic-2,second,95,2027083795,2027083795,1,0,1,1,0,0,0,0,0,193,250,216,221
deterministic-2,second,96,2027083796,2027083796,0,0,1,0,1,0,0,0,0,218,39,210,167
deterministic-2,second,97,2027083797,2027083797,1,0,1,0,0,0,0,0,0,199,193,147,252
deterministic-2,second,98,2027083798,2027083798,0,1,0,1,1,0,0,0,0,263,185,263,154
deterministic-2,second,99,2027083799,2027083799,1,0,1,1,1,0,0,0,0,237,184,174,207
deterministic-2,second,100,2027083800,2027083800,0,0,0,0,0,0,0,0,0,189,179,189,186
deterministic-2,second,101,2027083801,2027083801,1,0,0,1,0,0,0,0,0,157,158,186,184
deterministic-2,second,102,2027083802,2027083802,0,1,1,0,1,0,0,0,0,180,136,173,164
deterministic-2,second,103,2027083803,2027083803,1,1,0,0,1,0,0,0,0,196,182,223,212
deterministic-2,second,104,2027083804,2027083804,0,0,0,0,0,0,0,0,0,122,122,122,122
deterministic-2,second,105,2027083805,2027083805,1,0,1,0,0,0,0,0,0,191,204,191,198
deterministic-2,second,106,2027083806,2027083806,0,0,1,0,1,0,0,0,0,228,182,228,166
deterministic-2,second,107,2027083807,2027083807,1,0,1,0,0,0,0,0,0,167,233,169,159
deterministic-2,second,108,2027083808,2027083808,0,1,1,1,1,0,0,0,0,184,155,184,155
deterministic-2,second,109,2027083809,2027083809,1,0,0,0,0,0,0,0,0,188,191,159,181
deterministic-2,second,110,2027083810,2027083810,0,1,1,1,1,0,0,0,0,185,192,185,181
deterministic-2,second,111,2027083811,2027083811,1,0,0,0,0,0,0,0,0,179,190,176,176
deterministic-2,second,112,2027083812,2027083812,0,0,0,0,0,0,0,0,0,226,176,226,211
deterministic-2,second,113,2027083813,2027083813,1,0,1,0,0,0,0,0,0,198,186,220,207
deterministic-2,second,114,2027083814,2027083814,0,1,1,1,1,0,0,0,0,209,158,180,131
deterministic-2,second,115,2027083815,2027083815,1,1,0,1,1,0,0,0,0,201,212,248,215
deterministic-2,second,116,2027083816,2027083816,0,0,0,0,1,0,0,0,0,192,147,177,243
deterministic-2,second,117,2027083817,2027083817,1,0,0,0,0,0,0,0,0,202,189,202,213
deterministic-2,second,118,2027083818,2027083818,0,1,1,1,1,0,0,0,0,257,205,257,237
deterministic-2,second,119,2027083819,2027083819,1,1,1,1,1,0,0,0,0,234,193,193,220
deterministic-2,second,120,2027083820,2027083820,0,0,0,0,0,0,0,0,0,197,197,187,177
deterministic-2,second,121,2027083821,2027083821,1,1,0,1,0,0,0,0,0,142,203,128,210
deterministic-2,second,122,2027083822,2027083822,0,1,1,1,1,0,0,0,0,259,223,260,206
deterministic-2,second,123,2027083823,2027083823,1,1,0,1,0,0,0,0,0,193,187,193,189
deterministic-2,second,124,2027083824,2027083824,0,0,1,1,0,0,0,0,0,207,184,216,223
deterministic-2,second,125,2027083825,2027083825,1,1,1,1,0,0,0,0,0,191,188,224,233
deterministic-2,second,126,2027083826,2027083826,0,0,1,1,1,0,0,0,0,210,253,185,197
deterministic-2,second,127,2027083827,2027083827,1,1,0,1,0,0,0,0,0,182,204,182,171
deterministic-2,second,128,2027083828,2027083828,0,0,1,1,0,0,0,0,0,190,180,197,239
deterministic-2,second,129,2027083829,2027083829,1,1,1,1,1,0,0,0,0,185,181,188,192
deterministic-2,second,130,2027083830,2027083830,0,0,1,1,1,0,0,0,0,232,153,238,241
deterministic-2,second,131,2027083831,2027083831,1,1,0,0,1,0,0,0,0,173,151,173,181
deterministic-2,second,132,2027083832,2027083832,0,0,0,0,0,0,0,0,0,235,241,198,229
deterministic-2,second,133,2027083833,2027083833,1,0,1,1,0,0,0,0,0,213,213,206,205
deterministic-2,second,134,2027083834,2027083834,0,0,0,0,1,0,0,0,0,198,167,198,200
deterministic-2,second,135,2027083835,2027083835,1,1,1,1,0,0,0,0,0,175,209,182,174
deterministic-2,second,136,2027083836,2027083836,0,0,0,1,1,0,0,0,0,230,198,224,161
deterministic-2,second,137,2027083837,2027083837,1,0,1,0,0,0,0,0,0,152,218,184,178
deterministic-2,second,138,2027083838,2027083838,0,0,1,1,1,0,0,0,0,172,187,184,197
deterministic-2,second,139,2027083839,2027083839,1,1,0,1,0,0,0,0,0,204,178,225,186
deterministic-2,second,140,2027083840,2027083840,0,1,1,1,0,0,0,0,0,187,220,220,192
deterministic-2,second,141,2027083841,2027083841,1,1,1,1,1,0,0,0,0,176,212,176,174
deterministic-2,second,142,2027083842,2027083842,0,1,1,1,1,0,0,0,0,211,178,165,210
deterministic-2,second,143,2027083843,2027083843,1,0,0,0,0,0,0,0,0,182,162,162,181
deterministic-2,second,144,2027083844,2027083844,0,0,1,0,1,0,0,1,0,232,220,161,210
deterministic-2,second,145,2027083845,2027083845,1,1,0,0,0,0,0,0,0,166,183,176,200
deterministic-2,second,146,2027083846,2027083846,0,0,1,1,1,0,0,0,0,194,176,205,179
deterministic-2,second,147,2027083847,2027083847,1,1,1,0,1,0,0,0,0,160,201,188,133
deterministic-2,second,148,2027083848,2027083848,0,0,1,0,0,0,0,0,0,217,205,192,140
deterministic-2,second,149,2027083849,2027083849,1,1,1,0,1,0,0,0,0,216,222,232,217
deterministic-2,second,150,2027083850,2027083850,0,1,1,1,1,0,0,0,0,197,214,139,213
deterministic-2,second,151,2027083851,2027083851,1,1,0,1,1,0,0,0,0,216,237,238,223
deterministic-2,second,152,2027083852,2027083852,0,1,0,1,0,0,0,0,0,199,175,199,181
deterministic-2,second,153,2027083853,2027083853,1,1,1,1,1,0,0,0,0,189,191,190,169
deterministic-2,second,154,2027083854,2027083854,0,1,1,1,1,0,0,0,0,225,190,184,192
deterministic-2,second,155,2027083855,2027083855,1,0,0,0,0,0,0,0,0,172,165,179,205
deterministic-2,second,156,2027083856,2027083856,0,1,1,0,1,0,0,0,0,203,196,169,210
deterministic-2,second,157,2027083857,2027083857,1,0,1,0,1,0,0,0,0,164,177,245,176
deterministic-2,second,158,2027083858,2027083858,0,1,0,1,1,0,0,0,0,153,210,176,240
deterministic-2,second,159,2027083859,2027083859,1,1,1,1,1,0,0,0,0,218,221,218,173
deterministic-2,second,160,2027083860,2027083860,0,1,1,1,1,0,0,0,0,158,147,173,196
deterministic-2,second,161,2027083861,2027083861,1,0,0,1,1,0,0,0,0,187,184,204,212
deterministic-2,second,162,2027083862,2027083862,0,0,0,1,0,0,0,0,0,214,218,216,234
deterministic-2,second,163,2027083863,2027083863,1,0,0,0,0,0,0,0,0,202,214,195,221
deterministic-2,second,164,2027083864,2027083864,0,0,1,0,1,0,0,0,0,219,187,219,154
deterministic-2,second,165,2027083865,2027083865,1,1,0,1,1,0,0,0,0,201,266,200,244
deterministic-2,second,166,2027083866,2027083866,0,1,1,1,1,0,0,0,0,267,221,240,235
deterministic-2,second,167,2027083867,2027083867,1,1,0,1,0,0,0,0,0,219,164,223,191
deterministic-2,second,168,2027083868,2027083868,0,0,0,0,0,0,0,0,0,187,176,169,209
deterministic-2,second,169,2027083869,2027083869,1,1,1,0,0,0,0,0,0,37,52,253,252
deterministic-2,second,170,2027083870,2027083870,0,1,1,0,1,0,0,0,0,150,203,231,216
deterministic-2,second,171,2027083871,2027083871,1,1,1,0,0,0,0,0,0,213,251,203,229
deterministic-2,second,172,2027083872,2027083872,0,0,0,0,0,0,0,0,0,202,196,201,221
deterministic-2,second,173,2027083873,2027083873,1,1,1,0,1,0,0,0,0,228,179,200,260
deterministic-2,second,174,2027083874,2027083874,0,0,1,0,0,0,0,0,0,179,193,188,311
deterministic-2,second,175,2027083875,2027083875,1,0,0,1,0,0,0,0,0,156,181,145,252
deterministic-2,second,176,2027083876,2027083876,0,1,0,1,0,0,0,0,0,185,142,175,246
deterministic-2,second,177,2027083877,2027083877,1,1,1,1,0,0,0,0,0,194,224,194,176
deterministic-2,second,178,2027083878,2027083878,0,0,0,0,0,0,0,0,0,187,214,224,213
deterministic-2,second,179,2027083879,2027083879,1,1,0,1,0,0,0,0,0,211,183,211,139
deterministic-2,second,180,2027083880,2027083880,0,0,1,1,1,0,0,0,0,228,234,201,289
deterministic-2,second,181,2027083881,2027083881,1,0,1,0,1,0,0,0,0,205,230,218,157
deterministic-2,second,182,2027083882,2027083882,0,0,1,0,0,0,0,0,0,192,191,192,167
deterministic-2,second,183,2027083883,2027083883,1,0,1,0,1,0,0,0,0,226,233,231,207
deterministic-2,second,184,2027083884,2027083884,0,0,1,1,1,0,0,0,0,170,230,172,239
deterministic-2,second,185,2027083885,2027083885,1,1,1,1,0,0,0,0,0,190,185,190,195
deterministic-2,second,186,2027083886,2027083886,0,1,1,1,1,0,0,0,0,164,187,161,187
deterministic-2,second,187,2027083887,2027083887,1,1,1,1,1,0,0,0,0,273,220,210,208
deterministic-2,second,188,2027083888,2027083888,0,1,1,1,1,0,0,0,0,203,192,203,192
deterministic-2,second,189,2027083889,2027083889,1,0,1,0,0,0,0,0,0,208,200,173,185
deterministic-2,second,190,2027083890,2027083890,0,0,1,0,0,0,0,0,0,205,251,252,227
deterministic-2,second,191,2027083891,2027083891,1,1,1,1,1,0,0,0,0,182,179,205,195
deterministic-2,second,192,2027083892,2027083892,0,1,1,1,1,0,0,0,0,187,219,200,207
deterministic-2,second,193,2027083893,2027083893,1,0,1,0,1,0,0,0,0,179,162,179,202
deterministic-2,second,194,2027083894,2027083894,0,1,1,1,1,0,0,0,0,234,202,215,213
deterministic-2,second,195,2027083895,2027083895,1,0,0,0,1,0,0,0,0,193,203,185,194
deterministic-2,second,196,2027083896,2027083896,0,0,1,1,1,0,0,0,0,186,200,184,199
deterministic-2,second,197,2027083897,2027083897,1,1,0,1,1,0,0,0,0,212,233,210,221
deterministic-2,second,198,2027083898,2027083898,0,1,1,1,0,0,0,0,0,191,167,191,177
deterministic-2,second,199,2027083899,2027083899,1,0,0,0,1,0,0,0,0,170,216,170,200
deterministic-3,first,0,2026084700,2026084700,0,1,1,1,1,0,0,0,0,195,175,177,207
deterministic-3,first,1,2026084701,2026084701,1,1,0,1,1,0,0,0,0,186,176,218,142
deterministic-3,first,2,2026084702,2026084702,0,0,1,0,1,0,0,0,0,182,215,186,156
deterministic-3,first,3,2026084703,2026084703,1,1,1,1,1,0,0,0,0,153,155,153,245
deterministic-3,first,4,2026084704,2026084704,0,0,0,0,0,0,0,0,0,193,153,174,189
deterministic-3,first,5,2026084705,2026084705,1,1,1,1,1,0,0,0,0,199,178,166,193
deterministic-3,first,6,2026084706,2026084706,0,1,0,1,1,0,0,0,0,215,207,173,235
deterministic-3,first,7,2026084707,2026084707,1,1,1,0,1,0,0,0,0,164,224,203,189
deterministic-3,first,8,2026084708,2026084708,0,1,0,0,1,0,0,0,0,188,297,197,276
deterministic-3,first,9,2026084709,2026084709,1,1,1,0,0,0,0,0,0,215,175,281,168
deterministic-3,first,10,2026084710,2026084710,0,0,0,0,1,0,0,0,0,229,190,229,191
deterministic-3,first,11,2026084711,2026084711,1,1,1,1,1,0,0,0,0,183,197,224,201
deterministic-3,first,12,2026084712,2026084712,0,0,1,0,1,0,0,0,0,112,181,161,176
deterministic-3,first,13,2026084713,2026084713,1,1,1,1,1,0,0,0,0,221,173,186,191
deterministic-3,first,14,2026084714,2026084714,0,0,0,0,1,0,0,0,0,192,203,189,140
deterministic-3,first,15,2026084715,2026084715,1,0,0,0,1,0,1,0,0,220,257,194,209
deterministic-3,first,16,2026084716,2026084716,0,1,0,1,0,0,0,0,0,280,187,280,195
deterministic-3,first,17,2026084717,2026084717,1,0,1,0,0,0,0,0,0,145,160,136,129
deterministic-3,first,18,2026084718,2026084718,0,1,1,1,1,0,0,0,0,139,145,139,180
deterministic-3,first,19,2026084719,2026084719,1,1,1,1,1,0,0,0,0,227,188,226,188
deterministic-3,first,20,2026084720,2026084720,0,0,0,1,0,0,0,0,0,146,174,137,187
deterministic-3,first,21,2026084721,2026084721,1,0,0,0,0,0,0,0,0,174,204,188,184
deterministic-3,first,22,2026084722,2026084722,0,1,1,1,1,0,0,0,0,228,192,194,255
deterministic-3,first,23,2026084723,2026084723,1,1,1,0,1,0,0,0,0,210,184,153,208
deterministic-3,first,24,2026084724,2026084724,0,0,0,1,0,0,0,0,0,225,166,238,198
deterministic-3,first,25,2026084725,2026084725,1,1,0,1,0,0,0,0,0,223,209,224,209
deterministic-3,first,26,2026084726,2026084726,0,1,0,0,0,0,0,0,0,249,189,199,209
deterministic-3,first,27,2026084727,2026084727,1,1,1,1,1,0,0,0,0,194,207,199,158
deterministic-3,first,28,2026084728,2026084728,0,1,1,1,1,0,0,0,0,192,170,192,164
deterministic-3,first,29,2026084729,2026084729,1,0,1,0,0,0,0,0,0,183,237,183,189
deterministic-3,first,30,2026084730,2026084730,0,1,0,1,0,0,0,0,0,149,198,166,210
deterministic-3,first,31,2026084731,2026084731,1,1,1,1,1,0,0,0,0,178,210,180,169
deterministic-3,first,32,2026084732,2026084732,0,0,1,1,1,0,0,0,0,228,234,179,205
deterministic-3,first,33,2026084733,2026084733,1,0,0,0,0,0,0,0,0,149,167,150,143
deterministic-3,first,34,2026084734,2026084734,0,0,1,0,0,0,0,0,0,186,164,183,170
deterministic-3,first,35,2026084735,2026084735,1,0,0,1,1,0,0,0,0,204,232,251,217
deterministic-3,first,36,2026084736,2026084736,0,0,1,0,1,0,0,0,0,210,178,233,254
deterministic-3,first,37,2026084737,2026084737,1,0,0,0,1,0,0,0,0,202,134,146,185
deterministic-3,first,38,2026084738,2026084738,0,1,1,1,1,0,0,0,0,173,175,207,261
deterministic-3,first,39,2026084739,2026084739,1,1,0,0,0,0,0,0,0,182,225,231,217
deterministic-3,first,40,2026084740,2026084740,0,1,1,1,1,0,0,0,0,165,208,188,170
deterministic-3,first,41,2026084741,2026084741,1,1,0,1,0,0,0,0,0,219,215,190,167
deterministic-3,first,42,2026084742,2026084742,0,1,1,0,1,0,0,0,0,188,187,168,219
deterministic-3,first,43,2026084743,2026084743,1,0,0,1,0,0,0,0,0,246,175,256,234
deterministic-3,first,44,2026084744,2026084744,0,1,1,1,1,0,0,0,0,121,161,128,133
deterministic-3,first,45,2026084745,2026084745,1,1,0,0,1,0,0,0,0,190,183,175,242
deterministic-3,first,46,2026084746,2026084746,0,1,1,0,0,0,0,0,0,218,182,229,188
deterministic-3,first,47,2026084747,2026084747,1,1,1,0,1,0,0,0,0,191,195,173,198
deterministic-3,first,48,2026084748,2026084748,0,1,0,1,0,0,0,0,0,192,184,194,244
deterministic-3,first,49,2026084749,2026084749,1,0,1,0,0,0,0,0,0,172,207,164,175
deterministic-3,first,50,2026084750,2026084750,0,0,0,0,1,0,0,0,0,170,193,194,174
deterministic-3,first,51,2026084751,2026084751,1,1,0,0,1,0,0,0,0,212,157,225,155
deterministic-3,first,52,2026084752,2026084752,0,0,0,0,0,0,0,0,0,221,209,223,221
deterministic-3,first,53,2026084753,2026084753,1,1,0,1,0,0,0,0,0,174,164,185,206
deterministic-3,first,54,2026084754,2026084754,0,0,0,0,0,0,0,0,0,186,234,195,171
deterministic-3,first,55,2026084755,2026084755,1,0,1,1,1,0,0,0,0,182,202,202,183
deterministic-3,first,56,2026084756,2026084756,0,0,0,0,0,0,0,0,0,209,150,220,195
deterministic-3,first,57,2026084757,2026084757,1,1,1,1,1,0,0,0,0,210,207,221,203
deterministic-3,first,58,2026084758,2026084758,0,1,1,1,1,0,0,0,0,197,171,197,194
deterministic-3,first,59,2026084759,2026084759,1,1,0,1,0,0,0,0,0,208,173,208,189
deterministic-3,first,60,2026084760,2026084760,0,1,1,1,1,0,0,0,0,236,229,207,205
deterministic-3,first,61,2026084761,2026084761,1,1,0,1,1,0,0,0,0,226,170,226,206
deterministic-3,first,62,2026084762,2026084762,0,0,1,1,0,0,0,0,0,172,180,196,129
deterministic-3,first,63,2026084763,2026084763,1,1,0,1,1,0,0,0,0,255,206,255,225
deterministic-3,first,64,2026084764,2026084764,0,1,1,1,1,0,0,0,0,179,137,190,134
deterministic-3,first,65,2026084765,2026084765,1,0,1,0,1,0,0,0,0,197,212,224,251
deterministic-3,first,66,2026084766,2026084766,0,0,1,0,0,0,0,0,0,243,149,211,180
deterministic-3,first,67,2026084767,2026084767,1,0,0,1,1,0,0,0,0,185,171,197,199
deterministic-3,first,68,2026084768,2026084768,0,0,1,0,1,0,0,0,0,188,214,188,214
deterministic-3,first,69,2026084769,2026084769,1,1,1,1,1,0,0,0,0,149,178,132,196
deterministic-3,first,70,2026084770,2026084770,0,1,0,0,0,0,0,0,0,241,154,211,212
deterministic-3,first,71,2026084771,2026084771,1,1,0,1,1,0,0,0,0,174,158,158,145
deterministic-3,first,72,2026084772,2026084772,0,0,1,0,1,0,0,0,0,241,205,242,139
deterministic-3,first,73,2026084773,2026084773,1,1,1,1,1,0,0,0,0,158,166,158,185
deterministic-3,first,74,2026084774,2026084774,0,1,1,1,1,0,0,0,0,159,189,167,136
deterministic-3,first,75,2026084775,2026084775,1,1,1,1,1,0,0,0,0,221,246,221,209
deterministic-3,first,76,2026084776,2026084776,0,1,1,1,1,0,0,0,0,181,188,194,160
deterministic-3,first,77,2026084777,2026084777,1,1,0,1,0,0,0,0,0,155,185,155,204
deterministic-3,first,78,2026084778,2026084778,0,0,1,0,1,0,0,0,0,118,187,94,235
deterministic-3,first,79,2026084779,2026084779,1,1,1,1,1,0,0,0,0,208,176,253,171
deterministic-3,first,80,2026084780,2026084780,0,0,0,0,0,0,0,0,0,193,151,193,179
deterministic-3,first,81,2026084781,2026084781,1,0,1,0,1,0,0,0,0,245,170,254,190
deterministic-3,first,82,2026084782,2026084782,0,1,1,1,0,0,0,0,0,214,223,214,215
deterministic-3,first,83,2026084783,2026084783,1,1,1,1,1,0,0,0,0,166,140,153,148
deterministic-3,first,84,2026084784,2026084784,0,0,1,1,0,0,0,0,0,218,222,253,198
deterministic-3,first,85,2026084785,2026084785,1,0,0,1,1,0,0,0,0,243,202,199,202
deterministic-3,first,86,2026084786,2026084786,0,0,1,0,0,0,0,0,0,261,238,213,218
deterministic-3,first,87,2026084787,2026084787,1,1,1,1,0,0,0,0,0,235,177,222,188
deterministic-3,first,88,2026084788,2026084788,0,1,0,1,1,0,0,0,0,203,148,199,167
deterministic-3,first,89,2026084789,2026084789,1,0,0,0,1,0,0,0,0,214,247,210,258
deterministic-3,first,90,2026084790,2026084790,0,0,0,0,0,0,0,0,0,143,162,142,157
deterministic-3,first,91,2026084791,2026084791,1,1,1,1,1,0,0,0,0,225,223,225,184
deterministic-3,first,92,2026084792,2026084792,0,1,0,1,1,0,0,0,0,271,248,279,232
deterministic-3,first,93,2026084793,2026084793,1,0,1,0,0,0,0,0,0,220,191,241,244
deterministic-3,first,94,2026084794,2026084794,0,0,0,0,0,0,0,0,0,192,187,184,259
deterministic-3,first,95,2026084795,2026084795,1,0,0,0,1,0,0,0,0,189,195,199,207
deterministic-3,first,96,2026084796,2026084796,0,1,0,0,0,0,0,0,0,237,197,257,187
deterministic-3,first,97,2026084797,2026084797,1,1,1,1,1,0,0,0,0,175,198,172,164
deterministic-3,first,98,2026084798,2026084798,0,1,1,1,0,0,0,0,0,207,218,175,238
deterministic-3,first,99,2026084799,2026084799,1,0,0,0,0,0,0,0,0,158,179,164,162
deterministic-3,first,100,2026084800,2026084800,0,1,1,1,0,0,0,0,0,223,224,215,155
deterministic-3,first,101,2026084801,2026084801,1,0,1,0,1,0,0,0,0,196,187,231,198
deterministic-3,first,102,2026084802,2026084802,0,1,0,1,1,0,0,0,0,225,221,221,193
deterministic-3,first,103,2026084803,2026084803,1,0,0,0,0,0,0,0,0,171,126,187,234
deterministic-3,first,104,2026084804,2026084804,0,0,0,0,0,0,0,0,0,170,159,170,160
deterministic-3,first,105,2026084805,2026084805,1,0,0,0,0,0,0,0,0,195,156,212,188
deterministic-3,first,106,2026084806,2026084806,0,0,1,0,1,0,0,0,0,219,192,166,199
deterministic-3,first,107,2026084807,2026084807,1,0,1,1,1,0,0,0,0,185,199,212,180
deterministic-3,first,108,2026084808,2026084808,0,0,1,1,1,0,0,0,0,275,150,152,162
deterministic-3,first,109,2026084809,2026084809,1,1,0,1,0,0,0,0,0,203,222,219,231
deterministic-3,first,110,2026084810,2026084810,0,1,0,0,1,0,0,0,0,278,226,195,156
deterministic-3,first,111,2026084811,2026084811,1,1,0,1,0,0,0,0,0,135,174,130,215
deterministic-3,first,112,2026084812,2026084812,0,1,1,1,0,0,0,0,0,145,186,155,185
deterministic-3,first,113,2026084813,2026084813,1,0,0,0,0,0,0,0,0,174,202,171,204
deterministic-3,first,114,2026084814,2026084814,0,0,1,1,0,0,0,0,0,173,224,240,185
deterministic-3,first,115,2026084815,2026084815,1,1,0,0,1,0,0,0,0,199,190,188,182
deterministic-3,first,116,2026084816,2026084816,0,1,1,1,1,0,0,0,0,178,143,178,167
deterministic-3,first,117,2026084817,2026084817,1,0,1,0,1,0,0,0,0,209,302,209,197
deterministic-3,first,118,2026084818,2026084818,0,0,1,1,0,0,0,0,0,209,177,172,215
deterministic-3,first,119,2026084819,2026084819,1,1,0,1,1,0,0,0,0,188,215,183,209
deterministic-3,first,120,2026084820,2026084820,0,1,0,1,0,0,0,0,0,239,149,231,186
deterministic-3,first,121,2026084821,2026084821,1,0,0,0,0,0,0,0,0,153,197,171,176
deterministic-3,first,122,2026084822,2026084822,0,0,0,0,0,0,0,0,0,187,187,192,192
deterministic-3,first,123,2026084823,2026084823,1,0,1,1,1,0,0,0,0,271,258,317,216
deterministic-3,first,124,2026084824,2026084824,0,0,0,1,0,0,0,0,0,182,207,236,251
deterministic-3,first,125,2026084825,2026084825,1,0,1,0,0,0,0,0,0,221,173,217,175
deterministic-3,first,126,2026084826,2026084826,0,1,1,1,1,0,0,0,0,195,164,207,213
deterministic-3,first,127,2026084827,2026084827,1,0,0,0,0,0,0,0,0,233,208,233,219
deterministic-3,first,128,2026084828,2026084828,0,0,1,0,0,0,0,0,0,175,205,172,215
deterministic-3,first,129,2026084829,2026084829,1,1,1,1,1,0,0,0,0,273,241,282,209
deterministic-3,first,130,2026084830,2026084830,0,1,1,0,1,0,0,0,0,181,207,168,194
deterministic-3,first,131,2026084831,2026084831,1,1,1,1,1,0,0,0,0,153,159,157,175
deterministic-3,first,132,2026084832,2026084832,0,1,1,1,1,0,0,0,0,215,155,215,163
deterministic-3,first,133,2026084833,2026084833,1,0,0,0,1,0,0,0,0,190,223,191,209
deterministic-3,first,134,2026084834,2026084834,0,0,0,0,0,0,0,0,0,159,144,191,208
deterministic-3,first,135,2026084835,2026084835,1,0,0,0,0,0,0,0,0,159,184,195,192
deterministic-3,first,136,2026084836,2026084836,0,1,1,1,1,0,0,0,0,125,120,130,133
deterministic-3,first,137,2026084837,2026084837,1,1,0,1,0,0,0,0,0,153,174,150,169
deterministic-3,first,138,2026084838,2026084838,0,0,0,1,0,0,0,0,0,185,157,216,223
deterministic-3,first,139,2026084839,2026084839,1,1,1,1,0,0,0,0,0,168,234,173,221
deterministic-3,first,140,2026084840,2026084840,0,0,0,0,0,0,0,0,0,178,157,178,157
deterministic-3,first,141,2026084841,2026084841,1,1,1,0,1,0,0,0,0,172,133,168,130
deterministic-3,first,142,2026084842,2026084842,0,0,0,1,1,0,0,0,0,136,199,190,163
deterministic-3,first,143,2026084843,2026084843,1,1,0,0,0,0,0,0,0,158,158,168,167
deterministic-3,first,144,2026084844,2026084844,0,1,1,1,1,0,0,0,0,166,206,186,218
deterministic-3,first,145,2026084845,2026084845,1,1,1,0,1,0,0,0,0,169,134,249,198
deterministic-3,first,146,2026084846,2026084846,0,0,0,0,0,0,0,0,0,93,180,93,200
deterministic-3,first,147,2026084847,2026084847,1,1,1,1,0,0,0,0,0,153,278,143,173
deterministic-3,first,148,2026084848,2026084848,0,1,1,1,1,0,0,0,0,181,181,181,174
deterministic-3,first,149,2026084849,2026084849,1,0,0,0,1,0,0,0,0,204,212,216,241
deterministic-3,first,150,2026084850,2026084850,0,1,0,0,0,0,0,0,0,240,195,328,203
deterministic-3,first,151,2026084851,2026084851,1,1,1,0,1,0,0,0,0,165,168,199,295
deterministic-3,first,152,2026084852,2026084852,0,1,1,0,1,0,0,0,0,290,202,207,204
deterministic-3,first,153,2026084853,2026084853,1,0,1,0,1,0,0,0,0,179,188,179,197
deterministic-3,first,154,2026084854,2026084854,0,0,0,1,0,0,0,0,0,251,224,211,249
deterministic-3,first,155,2026084855,2026084855,1,1,1,1,1,0,0,0,0,209,240,209,201
deterministic-3,first,156,2026084856,2026084856,0,0,0,1,1,0,0,0,0,201,206,149,200
deterministic-3,first,157,2026084857,2026084857,1,1,1,1,1,0,0,0,0,201,155,204,262
deterministic-3,first,158,2026084858,2026084858,0,1,0,0,1,0,0,0,0,203,235,214,233
deterministic-3,first,159,2026084859,2026084859,1,1,0,1,1,0,0,0,0,202,245,230,152
deterministic-3,first,160,2026084860,2026084860,0,1,1,1,1,0,0,0,0,167,134,135,166
deterministic-3,first,161,2026084861,2026084861,1,0,0,1,1,0,0,0,0,203,163,214,171
deterministic-3,first,162,2026084862,2026084862,0,0,1,0,0,0,0,0,0,192,212,180,195
deterministic-3,first,163,2026084863,2026084863,1,1,1,1,1,0,0,0,0,167,132,148,137
deterministic-3,first,164,2026084864,2026084864,0,0,1,0,0,0,0,0,0,182,197,164,176
deterministic-3,first,165,2026084865,2026084865,1,0,0,0,0,0,0,0,0,198,217,195,214
deterministic-3,first,166,2026084866,2026084866,0,0,0,0,1,0,0,0,0,227,200,166,199
deterministic-3,first,167,2026084867,2026084867,1,0,0,0,1,0,0,0,0,139,156,156,174
deterministic-3,first,168,2026084868,2026084868,0,1,1,1,1,0,0,0,0,199,198,189,190
deterministic-3,first,169,2026084869,2026084869,1,1,1,1,1,0,0,0,0,125,156,136,142
deterministic-3,first,170,2026084870,2026084870,0,1,0,1,0,0,0,0,0,196,242,216,323
deterministic-3,first,171,2026084871,2026084871,1,1,0,0,1,0,0,0,0,200,191,191,190
deterministic-3,first,172,2026084872,2026084872,0,0,1,0,1,0,0,0,0,223,186,222,220
deterministic-3,first,173,2026084873,2026084873,1,0,1,1,1,0,0,0,0,194,205,112,147
deterministic-3,first,174,2026084874,2026084874,0,1,0,1,1,0,0,0,0,220,186,220,219
deterministic-3,first,175,2026084875,2026084875,1,0,0,0,0,0,0,0,0,208,194,208,198
deterministic-3,first,176,2026084876,2026084876,0,0,1,0,0,0,0,0,0,150,259,150,142
deterministic-3,first,177,2026084877,2026084877,1,1,0,1,1,0,0,0,0,241,241,225,208
deterministic-3,first,178,2026084878,2026084878,0,0,0,0,0,0,0,0,0,211,253,192,230
deterministic-3,first,179,2026084879,2026084879,1,1,0,1,0,0,0,0,0,225,228,163,213
deterministic-3,first,180,2026084880,2026084880,0,0,0,0,1,0,0,0,0,183,139,222,208
deterministic-3,first,181,2026084881,2026084881,1,0,1,0,0,0,0,0,0,175,193,218,176
deterministic-3,first,182,2026084882,2026084882,0,0,1,1,0,0,0,0,0,204,185,198,181
deterministic-3,first,183,2026084883,2026084883,1,1,1,1,1,0,0,0,0,186,178,171,166
deterministic-3,first,184,2026084884,2026084884,0,1,0,1,0,0,0,0,0,184,188,184,206
deterministic-3,first,185,2026084885,2026084885,1,1,1,1,1,0,0,0,0,170,175,123,112
deterministic-3,first,186,2026084886,2026084886,0,0,1,1,1,0,0,0,0,221,209,219,220
deterministic-3,first,187,2026084887,2026084887,1,1,1,1,1,0,0,0,0,170,201,170,140
deterministic-3,first,188,2026084888,2026084888,0,1,1,0,1,0,0,0,0,168,252,212,194
deterministic-3,first,189,2026084889,2026084889,1,1,1,0,0,0,0,0,0,214,198,249,193
deterministic-3,first,190,2026084890,2026084890,0,1,0,0,0,0,0,0,0,226,120,230,197
deterministic-3,first,191,2026084891,2026084891,1,1,0,0,1,0,0,0,0,200,193,178,197
deterministic-3,first,192,2026084892,2026084892,0,1,1,1,1,0,0,0,0,193,213,187,270
deterministic-3,first,193,2026084893,2026084893,1,1,0,1,1,0,0,0,0,208,218,170,189
deterministic-3,first,194,2026084894,2026084894,0,1,1,1,1,0,0,0,0,195,206,219,208
deterministic-3,first,195,2026084895,2026084895,1,1,0,1,1,0,0,0,0,127,202,128,128
deterministic-3,first,196,2026084896,2026084896,0,0,0,1,0,0,0,0,0,186,182,227,248
deterministic-3,first,197,2026084897,2026084897,1,1,1,1,1,0,0,0,0,144,194,144,126
deterministic-3,first,198,2026084898,2026084898,0,1,0,0,0,0,0,0,0,241,238,220,198
deterministic-3,first,199,2026084899,2026084899,1,1,1,1,1,0,0,0,0,171,211,208,165
deterministic-3,second,0,2027084700,2027084700,0,1,1,1,1,0,0,0,0,184,188,184,156
deterministic-3,second,1,2027084701,2027084701,1,1,1,1,1,0,0,0,0,182,251,206,211
deterministic-3,second,2,2027084702,2027084702,0,1,0,1,1,0,0,0,0,167,199,168,169
deterministic-3,second,3,2027084703,2027084703,1,1,0,1,0,0,0,0,0,164,239,164,273
deterministic-3,second,4,2027084704,2027084704,0,1,1,1,0,0,0,0,0,213,246,213,199
deterministic-3,second,5,2027084705,2027084705,1,1,1,1,1,0,0,0,0,228,188,185,158
deterministic-3,second,6,2027084706,2027084706,0,0,1,0,1,0,0,0,0,178,215,177,194
deterministic-3,second,7,2027084707,2027084707,1,0,1,0,0,0,0,0,0,236,219,247,214
deterministic-3,second,8,2027084708,2027084708,0,0,0,1,1,0,0,0,0,162,171,232,224
deterministic-3,second,9,2027084709,2027084709,1,0,0,0,1,0,0,0,0,233,228,233,237
deterministic-3,second,10,2027084710,2027084710,0,1,0,1,0,0,0,0,0,230,186,232,211
deterministic-3,second,11,2027084711,2027084711,1,1,1,1,0,0,0,0,0,169,160,243,182
deterministic-3,second,12,2027084712,2027084712,0,1,0,1,1,0,0,0,0,213,216,233,230
deterministic-3,second,13,2027084713,2027084713,1,1,0,1,1,0,0,0,0,176,179,180,214
deterministic-3,second,14,2027084714,2027084714,0,0,0,1,1,0,0,0,0,293,171,218,200
deterministic-3,second,15,2027084715,2027084715,1,1,0,1,0,0,0,0,0,250,206,250,177
deterministic-3,second,16,2027084716,2027084716,0,1,1,1,0,0,0,0,0,183,197,176,206
deterministic-3,second,17,2027084717,2027084717,1,0,0,1,1,0,0,0,0,227,264,202,213
deterministic-3,second,18,2027084718,2027084718,0,0,1,0,1,0,0,0,0,172,232,224,263
deterministic-3,second,19,2027084719,2027084719,1,1,0,1,0,0,0,0,0,222,213,186,247
deterministic-3,second,20,2027084720,2027084720,0,1,1,1,0,0,0,0,0,190,192,220,190
deterministic-3,second,21,2027084721,2027084721,1,0,0,0,0,0,0,0,0,170,206,193,158
deterministic-3,second,22,2027084722,2027084722,0,1,0,1,0,0,0,0,0,192,120,223,226
deterministic-3,second,23,2027084723,2027084723,1,1,0,0,0,0,0,0,0,260,167,227,184
deterministic-3,second,24,2027084724,2027084724,0,1,1,1,1,0,0,0,0,28,28,28,143
deterministic-3,second,25,2027084725,2027084725,1,1,1,0,0,0,0,0,0,183,220,148,182
deterministic-3,second,26,2027084726,2027084726,0,1,1,1,1,0,0,0,0,184,210,228,190
deterministic-3,second,27,2027084727,2027084727,1,1,0,1,0,0,0,0,0,237,142,237,179
deterministic-3,second,28,2027084728,2027084728,0,1,0,1,1,0,0,0,0,202,263,221,249
deterministic-3,second,29,2027084729,2027084729,1,1,0,1,0,0,0,0,0,161,163,159,158
deterministic-3,second,30,2027084730,2027084730,0,0,0,0,1,0,0,0,0,141,139,141,198
deterministic-3,second,31,2027084731,2027084731,1,0,0,0,0,0,0,0,0,199,177,208,196
deterministic-3,second,32,2027084732,2027084732,0,1,1,0,0,0,0,0,0,222,208,200,187
deterministic-3,second,33,2027084733,2027084733,1,0,0,1,1,0,0,0,0,228,195,190,198
deterministic-3,second,34,2027084734,2027084734,0,0,0,0,0,0,0,0,0,189,156,188,174
deterministic-3,second,35,2027084735,2027084735,1,0,0,0,0,0,0,0,0,201,229,180,191
deterministic-3,second,36,2027084736,2027084736,0,0,0,1,0,0,0,0,0,203,205,169,198
deterministic-3,second,37,2027084737,2027084737,1,0,0,0,0,0,0,0,0,209,178,206,249
deterministic-3,second,38,2027084738,2027084738,0,1,0,1,0,0,0,0,0,208,180,210,184
deterministic-3,second,39,2027084739,2027084739,1,1,1,0,0,0,0,0,0,212,211,158,220
deterministic-3,second,40,2027084740,2027084740,0,1,1,1,1,0,0,0,0,187,188,176,216
deterministic-3,second,41,2027084741,2027084741,1,1,1,1,0,0,0,0,0,204,199,187,203
deterministic-3,second,42,2027084742,2027084742,0,1,1,1,1,0,0,0,0,191,200,212,228
deterministic-3,second,43,2027084743,2027084743,1,0,1,0,0,0,0,0,0,181,166,181,150
deterministic-3,second,44,2027084744,2027084744,0,1,0,0,0,0,0,0,0,188,185,215,173
deterministic-3,second,45,2027084745,2027084745,1,1,0,1,1,0,0,0,0,188,164,197,181
deterministic-3,second,46,2027084746,2027084746,0,1,1,0,0,0,0,0,0,166,158,177,218
deterministic-3,second,47,2027084747,2027084747,1,1,0,1,0,0,0,0,0,187,176,187,199
deterministic-3,second,48,2027084748,2027084748,0,1,0,1,0,0,0,0,0,202,199,202,212
deterministic-3,second,49,2027084749,2027084749,1,1,1,1,0,0,0,0,0,161,180,161,170
deterministic-3,second,50,2027084750,2027084750,0,1,1,1,0,0,0,0,0,184,226,185,193
deterministic-3,second,51,2027084751,2027084751,1,1,0,0,1,0,0,0,0,167,203,158,226
deterministic-3,second,52,2027084752,2027084752,0,1,1,1,0,0,0,0,0,192,226,168,159
deterministic-3,second,53,2027084753,2027084753,1,1,1,0,1,0,0,0,0,210,222,175,201
deterministic-3,second,54,2027084754,2027084754,0,1,1,1,1,0,0,0,0,169,210,187,186
deterministic-3,second,55,2027084755,2027084755,1,0,1,0,1,0,0,0,0,193,216,163,211
deterministic-3,second,56,2027084756,2027084756,0,1,1,1,1,0,0,0,0,183,188,239,206
deterministic-3,second,57,2027084757,2027084757,1,1,1,1,0,0,0,0,0,205,176,212,197
deterministic-3,second,58,2027084758,2027084758,0,1,0,1,0,0,0,0,0,177,193,177,175
deterministic-3,second,59,2027084759,2027084759,1,1,1,0,0,0,0,0,0,239,191,256,214
deterministic-3,second,60,2027084760,2027084760,0,1,1,1,0,0,0,0,0,168,188,183,197
deterministic-3,second,61,2027084761,2027084761,1,0,0,0,1,0,0,0,0,165,183,239,187
deterministic-3,second,62,2027084762,2027084762,0,1,0,1,1,0,0,0,0,181,189,184,209
deterministic-3,second,63,2027084763,2027084763,1,0,1,0,0,0,0,0,0,161,175,161,166
deterministic-3,second,64,2027084764,2027084764,0,0,1,1,0,0,0,0,0,214,193,166,228
deterministic-3,second,65,2027084765,2027084765,1,0,1,1,1,0,0,0,0,166,243,197,166
deterministic-3,second,66,2027084766,2027084766,0,0,1,1,1,0,0,0,0,160,198,168,150
deterministic-3,second,67,2027084767,2027084767,1,0,0,0,0,0,0,0,0,152,140,155,157
deterministic-3,second,68,2027084768,2027084768,0,0,0,0,0,0,0,0,0,176,165,176,207
deterministic-3,second,69,2027084769,2027084769,1,1,1,0,1,0,0,0,0,166,196,153,158
deterministic-3,second,70,2027084770,2027084770,0,1,1,1,0,0,0,0,0,199,165,216,199
deterministic-3,second,71,2027084771,2027084771,1,0,0,0,1,0,0,0,0,165,210,222,202
deterministic-3,second,72,2027084772,2027084772,0,1,1,1,0,0,0,0,0,233,169,203,178
deterministic-3,second,73,2027084773,2027084773,1,1,1,1,1,0,0,0,0,136,139,131,171
deterministic-3,second,74,2027084774,2027084774,0,1,1,1,1,0,0,0,0,195,173,166,173
deterministic-3,second,75,2027084775,2027084775,1,1,1,1,1,0,0,0,0,206,204,204,216
deterministic-3,second,76,2027084776,2027084776,0,0,0,0,0,0,0,0,0,171,171,171,171
deterministic-3,second,77,2027084777,2027084777,1,1,1,1,0,0,0,0,0,193,172,193,150
deterministic-3,second,78,2027084778,2027084778,0,0,0,0,0,0,0,0,0,47,47,47,47
deterministic-3,second,79,2027084779,2027084779,1,0,1,1,1,0,0,0,0,256,225,248,202
deterministic-3,second,80,2027084780,2027084780,0,1,1,1,1,0,0,0,0,252,227,265,211
deterministic-3,second,81,2027084781,2027084781,1,1,1,0,1,0,0,0,0,256,167,266,197
deterministic-3,second,82,2027084782,2027084782,0,1,1,1,0,0,0,0,0,317,236,317,178
deterministic-3,second,83,2027084783,2027084783,1,1,1,1,1,0,0,0,0,190,152,190,176
deterministic-3,second,84,2027084784,2027084784,0,0,0,0,1,0,0,0,0,236,204,173,188
deterministic-3,second,85,2027084785,2027084785,1,0,1,1,1,0,0,0,0,180,238,238,218
deterministic-3,second,86,2027084786,2027084786,0,1,0,1,0,0,0,0,0,224,218,194,202
deterministic-3,second,87,2027084787,2027084787,1,0,0,1,1,0,0,0,0,208,185,179,156
deterministic-3,second,88,2027084788,2027084788,0,0,0,1,1,0,0,0,0,252,150,173,212
deterministic-3,second,89,2027084789,2027084789,1,0,0,0,1,0,0,0,0,172,185,170,183
deterministic-3,second,90,2027084790,2027084790,0,0,1,0,0,0,0,0,0,189,218,196,171
deterministic-3,second,91,2027084791,2027084791,1,1,1,1,1,0,0,0,0,165,187,166,130
deterministic-3,second,92,2027084792,2027084792,0,0,0,1,1,0,0,0,0,229,192,214,169
deterministic-3,second,93,2027084793,2027084793,1,1,1,1,0,0,0,0,0,235,149,218,188
deterministic-3,second,94,2027084794,2027084794,0,1,1,1,1,0,0,0,0,242,203,207,184
deterministic-3,second,95,2027084795,2027084795,1,1,1,1,0,0,0,0,0,223,224,201,181
deterministic-3,second,96,2027084796,2027084796,0,0,0,1,0,0,0,0,0,177,137,203,133
deterministic-3,second,97,2027084797,2027084797,1,1,0,0,0,0,0,0,0,181,173,201,178
deterministic-3,second,98,2027084798,2027084798,0,1,0,0,1,0,0,0,0,180,179,189,213
deterministic-3,second,99,2027084799,2027084799,1,1,1,0,1,0,0,0,0,228,228,225,255
deterministic-3,second,100,2027084800,2027084800,0,0,1,1,1,0,0,0,0,215,220,228,233
deterministic-3,second,101,2027084801,2027084801,1,1,0,0,0,0,0,0,0,194,205,226,213
deterministic-3,second,102,2027084802,2027084802,0,1,0,1,0,0,0,0,0,212,213,189,228
deterministic-3,second,103,2027084803,2027084803,1,1,0,1,0,0,0,0,0,198,165,196,207
deterministic-3,second,104,2027084804,2027084804,0,0,1,1,1,0,0,0,0,218,189,183,160
deterministic-3,second,105,2027084805,2027084805,1,1,1,1,1,0,0,0,0,190,196,190,226
deterministic-3,second,106,2027084806,2027084806,0,1,0,1,0,0,0,0,0,213,151,191,162
deterministic-3,second,107,2027084807,2027084807,1,1,0,0,0,0,0,0,0,179,183,174,178
deterministic-3,second,108,2027084808,2027084808,0,0,0,0,0,0,0,0,0,167,178,184,182
deterministic-3,second,109,2027084809,2027084809,1,0,0,0,0,0,0,0,0,45,45,45,45
deterministic-3,second,110,2027084810,2027084810,0,1,1,1,1,0,0,0,0,181,194,192,196
deterministic-3,second,111,2027084811,2027084811,1,1,1,1,0,0,0,0,0,233,190,217,218
deterministic-3,second,112,2027084812,2027084812,0,1,0,1,1,0,0,0,0,178,189,169,180
deterministic-3,second,113,2027084813,2027084813,1,0,1,0,1,0,0,0,0,183,143,199,189
deterministic-3,second,114,2027084814,2027084814,0,0,1,0,0,0,0,0,0,164,217,159,252
deterministic-3,second,115,2027084815,2027084815,1,1,1,1,0,0,0,0,0,184,192,184,213
deterministic-3,second,116,2027084816,2027084816,0,0,1,0,0,0,0,0,0,197,180,227,210
deterministic-3,second,117,2027084817,2027084817,1,1,0,1,1,0,0,0,0,220,166,199,186
deterministic-3,second,118,2027084818,2027084818,0,0,0,0,1,0,0,0,0,166,162,171,199
deterministic-3,second,119,2027084819,2027084819,1,0,0,0,0,0,0,0,0,164,158,164,164
deterministic-3,second,120,2027084820,2027084820,0,0,1,0,1,0,0,0,0,139,208,175,179
deterministic-3,second,121,2027084821,2027084821,1,0,0,1,0,0,0,0,0,204,198,219,168
deterministic-3,second,122,2027084822,2027084822,0,0,0,1,1,0,0,0,0,200,199,197,185
deterministic-3,second,123,2027084823,2027084823,1,0,0,0,0,0,0,0,0,190,160,162,175
deterministic-3,second,124,2027084824,2027084824,0,0,0,0,0,0,0,0,0,147,173,194,181
deterministic-3,second,125,2027084825,2027084825,1,1,0,1,1,0,0,0,0,206,134,215,184
deterministic-3,second,126,2027084826,2027084826,0,1,1,1,1,0,0,0,0,197,229,209,243
deterministic-3,second,127,2027084827,2027084827,1,0,0,0,0,0,0,0,0,221,218,203,199
deterministic-3,second,128,2027084828,2027084828,0,0,1,1,0,0,0,0,0,210,238,221,223
deterministic-3,second,129,2027084829,2027084829,1,1,0,1,0,0,0,0,0,175,168,199,180
deterministic-3,second,130,2027084830,2027084830,0,0,0,1,0,0,0,0,0,179,192,188,201
deterministic-3,second,131,2027084831,2027084831,1,1,0,1,0,0,0,0,0,181,212,169,147
deterministic-3,second,132,2027084832,2027084832,0,1,1,1,1,0,0,0,0,228,185,212,224
deterministic-3,second,133,2027084833,2027084833,1,1,1,1,1,0,0,0,0,213,189,210,224
deterministic-3,second,134,2027084834,2027084834,0,0,1,0,1,0,0,0,0,178,182,136,192
deterministic-3,second,135,2027084835,2027084835,1,1,1,1,1,0,0,0,0,191,164,214,194
deterministic-3,second,136,2027084836,2027084836,0,0,0,0,0,0,0,0,0,192,192,193,190
deterministic-3,second,137,2027084837,2027084837,1,1,1,0,0,0,0,0,0,200,190,202,129
deterministic-3,second,138,2027084838,2027084838,0,0,0,0,0,0,0,0,0,217,192,218,230
deterministic-3,second,139,2027084839,2027084839,1,0,1,0,0,0,0,0,0,208,161,208,187
deterministic-3,second,140,2027084840,2027084840,0,0,0,1,0,0,0,0,0,237,181,192,223
deterministic-3,second,141,2027084841,2027084841,1,0,1,0,1,0,0,0,0,186,203,222,210
deterministic-3,second,142,2027084842,2027084842,0,1,0,1,1,0,0,0,0,202,183,209,150
deterministic-3,second,143,2027084843,2027084843,1,1,0,1,1,0,0,0,0,186,170,209,226
deterministic-3,second,144,2027084844,2027084844,0,1,1,0,1,0,0,0,0,208,194,163,196
deterministic-3,second,145,2027084845,2027084845,1,0,1,0,1,0,0,0,0,214,234,198,194
deterministic-3,second,146,2027084846,2027084846,0,0,0,0,0,0,0,0,0,180,250,210,192
deterministic-3,second,147,2027084847,2027084847,1,1,1,0,1,0,0,0,0,156,171,198,147
deterministic-3,second,148,2027084848,2027084848,0,0,1,0,0,0,0,0,0,134,152,134,184
deterministic-3,second,149,2027084849,2027084849,1,0,0,0,0,0,0,0,0,35,35,35,35
deterministic-3,second,150,2027084850,2027084850,0,0,0,0,1,0,0,0,0,247,204,207,178
deterministic-3,second,151,2027084851,2027084851,1,1,1,0,1,0,0,0,0,175,190,272,138
deterministic-3,second,152,2027084852,2027084852,0,0,0,1,0,0,0,0,0,160,206,224,240
deterministic-3,second,153,2027084853,2027084853,1,1,1,0,1,0,0,0,0,207,155,274,198
deterministic-3,second,154,2027084854,2027084854,0,1,1,1,1,0,0,0,0,169,221,271,208
deterministic-3,second,155,2027084855,2027084855,1,0,0,0,0,0,0,0,0,154,137,162,175
deterministic-3,second,156,2027084856,2027084856,0,0,0,0,1,0,0,0,0,219,148,183,246
deterministic-3,second,157,2027084857,2027084857,1,1,1,1,0,0,0,0,0,233,199,233,177
deterministic-3,second,158,2027084858,2027084858,0,0,1,0,0,0,0,0,0,159,215,159,175
deterministic-3,second,159,2027084859,2027084859,1,0,1,0,1,0,0,0,0,191,195,200,189
deterministic-3,second,160,2027084860,2027084860,0,0,1,0,0,0,0,0,0,191,220,196,193
deterministic-3,second,161,2027084861,2027084861,1,0,0,0,0,0,0,0,0,258,153,302,202
deterministic-3,second,162,2027084862,2027084862,0,1,0,1,0,0,0,0,0,159,171,159,174
deterministic-3,second,163,2027084863,2027084863,1,0,1,0,0,0,0,0,0,218,222,218,234
deterministic-3,second,164,2027084864,2027084864,0,1,1,0,1,0,0,0,0,204,188,215,229
deterministic-3,second,165,2027084865,2027084865,1,1,1,1,1,0,0,0,0,198,253,194,206
deterministic-3,second,166,2027084866,2027084866,0,0,0,0,0,0,0,0,0,182,203,179,201
deterministic-3,second,167,2027084867,2027084867,1,0,1,0,0,0,0,0,0,147,204,147,229
deterministic-3,second,168,2027084868,2027084868,0,1,1,1,0,0,0,0,0,199,266,202,169
deterministic-3,second,169,2027084869,2027084869,1,1,0,1,1,0,0,0,0,186,185,181,203
deterministic-3,second,170,2027084870,2027084870,0,1,1,0,1,0,0,0,0,294,197,264,187
deterministic-3,second,171,2027084871,2027084871,1,1,1,1,1,0,0,0,0,168,201,171,172
deterministic-3,second,172,2027084872,2027084872,0,0,0,0,0,0,0,0,0,127,127,155,155
deterministic-3,second,173,2027084873,2027084873,1,0,0,0,0,0,0,0,0,180,179,166,180
deterministic-3,second,174,2027084874,2027084874,0,0,0,0,0,0,0,0,0,153,144,153,184
deterministic-3,second,175,2027084875,2027084875,1,0,1,0,1,0,0,0,0,176,174,163,178
deterministic-3,second,176,2027084876,2027084876,0,0,1,0,0,0,0,0,0,256,230,256,180
deterministic-3,second,177,2027084877,2027084877,1,0,1,0,0,0,0,0,0,207,152,206,303
deterministic-3,second,178,2027084878,2027084878,0,1,1,1,0,0,0,0,0,180,208,156,170
deterministic-3,second,179,2027084879,2027084879,1,0,0,0,0,0,0,0,0,235,206,235,210
deterministic-3,second,180,2027084880,2027084880,0,0,0,0,1,0,0,0,0,233,159,252,253
deterministic-3,second,181,2027084881,2027084881,1,0,0,0,0,0,0,0,0,146,131,149,159
deterministic-3,second,182,2027084882,2027084882,0,1,1,1,0,0,0,0,0,193,188,193,178
deterministic-3,second,183,2027084883,2027084883,1,1,1,1,1,0,0,0,0,211,171,182,260
deterministic-3,second,184,2027084884,2027084884,0,0,0,0,0,0,0,0,0,175,221,170,195
deterministic-3,second,185,2027084885,2027084885,1,1,1,1,0,0,0,0,0,193,208,192,223
deterministic-3,second,186,2027084886,2027084886,0,0,0,0,0,0,0,0,0,133,178,189,171
deterministic-3,second,187,2027084887,2027084887,1,0,0,1,0,0,0,0,0,163,235,179,244
deterministic-3,second,188,2027084888,2027084888,0,1,1,1,1,0,0,0,0,199,183,225,243
deterministic-3,second,189,2027084889,2027084889,1,1,1,1,1,0,0,0,0,180,183,169,198
deterministic-3,second,190,2027084890,2027084890,0,0,0,0,0,0,0,0,0,26,26,26,26
deterministic-3,second,191,2027084891,2027084891,1,1,1,1,1,0,0,0,0,178,162,173,189
deterministic-3,second,192,2027084892,2027084892,0,1,0,1,1,0,0,0,0,228,183,228,204
deterministic-3,second,193,2027084893,2027084893,1,1,1,1,1,0,0,0,0,191,185,206,176
deterministic-3,second,194,2027084894,2027084894,0,1,0,0,1,0,0,0,0,263,186,215,251
deterministic-3,second,195,2027084895,2027084895,1,0,1,0,1,0,0,0,0,226,214,222,204
deterministic-3,second,196,2027084896,2027084896,0,0,0,0,1,0,0,0,0,31,197,31,205
deterministic-3,second,197,2027084897,2027084897,1,1,1,1,0,0,0,0,0,209,222,213,185
deterministic-3,second,198,2027084898,2027084898,0,0,1,1,0,0,0,0,0,207,245,212,132
deterministic-3,second,199,2027084899,2027084899,1,1,0,1,1,0,0,0,0,185,200,126,177
deterministic-4,first,0,2026085700,2026085700,0,0,0,0,0,0,0,0,0,26,26,26,26
deterministic-4,first,1,2026085701,2026085701,1,1,0,0,1,0,0,0,0,230,232,187,208
deterministic-4,first,2,2026085702,2026085702,0,0,1,0,1,0,0,0,0,171,210,227,145
deterministic-4,first,3,2026085703,2026085703,1,1,1,0,1,0,0,0,0,155,225,240,161
deterministic-4,first,4,2026085704,2026085704,0,0,0,0,0,0,0,0,0,215,212,195,202
deterministic-4,first,5,2026085705,2026085705,1,0,0,0,0,0,0,0,0,212,212,209,151
deterministic-4,first,6,2026085706,2026085706,0,1,0,1,0,0,0,0,0,194,222,195,188
deterministic-4,first,7,2026085707,2026085707,1,1,0,1,1,0,0,0,0,192,233,189,172
deterministic-4,first,8,2026085708,2026085708,0,0,1,0,1,0,0,0,0,189,216,227,194
deterministic-4,first,9,2026085709,2026085709,1,0,0,0,0,0,0,0,0,203,234,203,204
deterministic-4,first,10,2026085710,2026085710,0,1,0,1,0,0,0,0,0,199,192,199,213
deterministic-4,first,11,2026085711,2026085711,1,1,1,0,0,0,0,0,0,195,197,213,213
deterministic-4,first,12,2026085712,2026085712,0,1,1,1,1,0,0,0,0,137,146,193,166
deterministic-4,first,13,2026085713,2026085713,1,1,1,1,0,0,0,0,0,153,150,168,165
deterministic-4,first,14,2026085714,2026085714,0,0,1,0,1,0,0,0,0,194,200,190,184
deterministic-4,first,15,2026085715,2026085715,1,1,0,1,0,0,0,0,0,217,199,242,152
deterministic-4,first,16,2026085716,2026085716,0,1,0,1,0,0,0,0,0,211,228,133,239
deterministic-4,first,17,2026085717,2026085717,1,1,0,1,1,0,0,0,0,172,172,187,188
deterministic-4,first,18,2026085718,2026085718,0,1,1,1,1,0,0,0,0,179,119,176,125
deterministic-4,first,19,2026085719,2026085719,1,1,1,1,1,0,0,0,0,267,213,240,211
deterministic-4,first,20,2026085720,2026085720,0,1,1,0,1,0,0,0,0,191,197,200,254
deterministic-4,first,21,2026085721,2026085721,1,0,0,0,1,0,0,0,0,212,190,180,170
deterministic-4,first,22,2026085722,2026085722,0,1,1,1,0,0,0,0,0,248,205,208,179
deterministic-4,first,23,2026085723,2026085723,1,0,0,1,0,0,0,0,0,181,175,201,197
deterministic-4,first,24,2026085724,2026085724,0,0,1,0,0,0,0,0,0,227,207,236,243
deterministic-4,first,25,2026085725,2026085725,1,1,1,1,1,0,0,0,0,170,164,170,144
deterministic-4,first,26,2026085726,2026085726,0,1,1,0,0,0,0,0,0,203,160,184,215
deterministic-4,first,27,2026085727,2026085727,1,0,1,0,1,0,0,0,0,179,194,185,215
deterministic-4,first,28,2026085728,2026085728,0,1,1,0,0,0,0,0,0,209,195,220,189
deterministic-4,first,29,2026085729,2026085729,1,0,1,0,0,0,0,0,0,239,192,209,237
deterministic-4,first,30,2026085730,2026085730,0,1,0,1,0,0,0,0,0,199,163,216,173
deterministic-4,first,31,2026085731,2026085731,1,0,1,0,1,0,0,0,0,244,182,260,177
deterministic-4,first,32,2026085732,2026085732,0,1,1,0,0,0,0,0,0,258,191,179,177
deterministic-4,first,33,2026085733,2026085733,1,1,1,1,1,0,0,0,0,171,195,240,193
deterministic-4,first,34,2026085734,2026085734,0,1,1,1,1,0,0,0,0,211,204,182,189
deterministic-4,first,35,2026085735,2026085735,1,0,1,0,0,0,0,0,0,176,202,186,183
deterministic-4,first,36,2026085736,2026085736,0,1,1,1,0,0,0,0,0,178,180,231,256
deterministic-4,first,37,2026085737,2026085737,1,0,0,0,0,0,0,0,0,164,164,164,161
deterministic-4,first,38,2026085738,2026085738,0,1,0,1,1,0,0,0,0,164,126,170,158
deterministic-4,first,39,2026085739,2026085739,1,0,1,1,1,0,0,0,0,183,179,159,185
deterministic-4,first,40,2026085740,2026085740,0,1,1,1,1,0,0,0,0,125,167,141,172
deterministic-4,first,41,2026085741,2026085741,1,0,1,0,0,0,0,0,0,237,225,241,196
deterministic-4,first,42,2026085742,2026085742,0,1,0,1,1,0,0,0,0,166,234,166,187
deterministic-4,first,43,2026085743,2026085743,1,1,0,1,1,0,0,0,0,168,199,168,193
deterministic-4,first,44,2026085744,2026085744,0,0,1,0,1,0,0,0,0,188,235,224,221
deterministic-4,first,45,2026085745,2026085745,1,0,1,0,0,0,0,0,0,206,192,159,193
deterministic-4,first,46,2026085746,2026085746,0,1,0,1,0,0,0,0,0,206,208,201,216
deterministic-4,first,47,2026085747,2026085747,1,1,1,1,1,0,0,0,0,155,178,155,207
deterministic-4,first,48,2026085748,2026085748,0,0,1,0,1,0,0,0,0,153,185,152,175
deterministic-4,first,49,2026085749,2026085749,1,1,1,1,1,0,0,0,0,155,156,154,160
deterministic-4,first,50,2026085750,2026085750,0,1,1,1,1,0,0,0,0,191,206,191,204
deterministic-4,first,51,2026085751,2026085751,1,1,0,1,1,0,0,0,0,218,222,188,187
deterministic-4,first,52,2026085752,2026085752,0,0,1,0,0,0,0,0,0,199,224,170,173
deterministic-4,first,53,2026085753,2026085753,1,0,0,1,0,0,0,0,0,240,244,203,217
deterministic-4,first,54,2026085754,2026085754,0,1,1,1,1,0,0,0,0,170,170,211,183
deterministic-4,first,55,2026085755,2026085755,1,0,1,0,0,0,0,0,0,163,186,163,199
deterministic-4,first,56,2026085756,2026085756,0,1,1,1,1,0,0,0,0,184,211,185,222
deterministic-4,first,57,2026085757,2026085757,1,1,0,1,0,0,0,0,0,193,194,218,227
deterministic-4,first,58,2026085758,2026085758,0,1,1,0,1,0,0,0,0,205,196,214,160
deterministic-4,first,59,2026085759,2026085759,1,1,1,0,0,0,0,0,0,229,192,230,213
deterministic-4,first,60,2026085760,2026085760,0,1,1,1,1,0,0,0,0,199,208,182,182
deterministic-4,first,61,2026085761,2026085761,1,1,0,1,0,0,0,0,0,210,278,203,256
deterministic-4,first,62,2026085762,2026085762,0,0,0,0,0,0,0,0,0,168,158,168,153
deterministic-4,first,63,2026085763,2026085763,1,0,0,1,1,0,0,0,0,236,224,196,241
deterministic-4,first,64,2026085764,2026085764,0,1,1,1,0,0,0,0,0,199,195,210,174
deterministic-4,first,65,2026085765,2026085765,1,0,1,0,0,0,0,0,0,141,169,136,183
deterministic-4,first,66,2026085766,2026085766,0,0,0,0,0,0,0,0,0,218,206,213,218
deterministic-4,first,67,2026085767,2026085767,1,1,1,0,0,0,0,0,0,181,228,168,247
deterministic-4,first,68,2026085768,2026085768,0,0,0,0,1,0,0,0,0,177,188,177,173
deterministic-4,first,69,2026085769,2026085769,1,0,1,1,1,0,0,0,0,186,162,166,166
deterministic-4,first,70,2026085770,2026085770,0,1,1,0,1,0,0,0,0,190,241,273,270
deterministic-4,first,71,2026085771,2026085771,1,1,1,0,1,0,0,0,0,187,247,140,153
deterministic-4,first,72,2026085772,2026085772,0,1,1,1,0,0,0,0,0,169,157,169,259
deterministic-4,first,73,2026085773,2026085773,1,1,0,1,0,0,0,0,0,199,239,182,204
deterministic-4,first,74,2026085774,2026085774,0,1,1,1,0,0,0,0,0,172,230,187,219
deterministic-4,first,75,2026085775,2026085775,1,1,1,1,1,0,0,0,0,171,207,208,192
deterministic-4,first,76,2026085776,2026085776,0,1,1,1,0,0,0,0,0,192,203,192,187
deterministic-4,first,77,2026085777,2026085777,1,1,1,1,1,0,0,0,0,196,180,198,221
deterministic-4,first,78,2026085778,2026085778,0,1,1,1,1,0,0,0,0,203,212,210,214
deterministic-4,first,79,2026085779,2026085779,1,0,0,1,1,0,0,0,0,221,192,197,208
deterministic-4,first,80,2026085780,2026085780,0,1,1,1,1,0,0,0,0,214,130,187,130
deterministic-4,first,81,2026085781,2026085781,1,0,0,0,1,0,0,0,0,220,186,185,247
deterministic-4,first,82,2026085782,2026085782,0,1,1,1,1,0,0,0,0,166,163,164,221
deterministic-4,first,83,2026085783,2026085783,1,1,1,1,0,0,0,0,0,171,182,171,247
deterministic-4,first,84,2026085784,2026085784,0,0,1,0,1,0,0,0,0,221,177,224,177
deterministic-4,first,85,2026085785,2026085785,1,1,1,1,1,0,0,0,0,177,205,177,184
deterministic-4,first,86,2026085786,2026085786,0,1,1,1,0,0,0,0,0,191,202,188,178
deterministic-4,first,87,2026085787,2026085787,1,1,1,0,1,0,0,0,0,260,198,223,186
deterministic-4,first,88,2026085788,2026085788,0,0,0,0,1,0,0,0,0,220,206,203,239
deterministic-4,first,89,2026085789,2026085789,1,1,0,1,0,0,0,0,0,239,195,211,160
deterministic-4,first,90,2026085790,2026085790,0,1,1,1,1,0,0,0,0,207,177,209,185
deterministic-4,first,91,2026085791,2026085791,1,0,1,0,1,0,0,0,0,204,208,232,194
deterministic-4,first,92,2026085792,2026085792,0,0,0,1,1,0,0,0,0,207,216,204,192
deterministic-4,first,93,2026085793,2026085793,1,1,1,1,1,0,0,0,0,151,195,146,212
deterministic-4,first,94,2026085794,2026085794,0,0,0,0,0,0,0,0,0,206,197,227,245
deterministic-4,first,95,2026085795,2026085795,1,0,1,0,1,0,0,0,0,191,146,195,168
deterministic-4,first,96,2026085796,2026085796,0,1,0,0,0,0,0,0,0,264,254,216,216
deterministic-4,first,97,2026085797,2026085797,1,1,1,1,1,0,0,0,0,194,196,203,203
deterministic-4,first,98,2026085798,2026085798,0,1,0,1,1,0,0,0,0,191,199,210,241
deterministic-4,first,99,2026085799,2026085799,1,0,1,0,0,0,0,0,0,186,160,186,173
deterministic-4,first,100,2026085800,2026085800,0,0,0,0,0,0,0,0,0,162,173,231,208
deterministic-4,first,101,2026085801,2026085801,1,0,1,0,1,0,0,0,0,231,149,229,144
deterministic-4,first,102,2026085802,2026085802,0,1,0,0,1,0,0,0,0,184,240,245,330
deterministic-4,first,103,2026085803,2026085803,1,1,1,1,1,0,0,0,0,167,189,148,195
deterministic-4,first,104,2026085804,2026085804,0,0,0,1,0,0,0,0,0,184,192,203,199
deterministic-4,first,105,2026085805,2026085805,1,1,1,1,1,0,0,0,0,210,193,220,180
deterministic-4,first,106,2026085806,2026085806,0,0,0,0,0,0,0,0,0,219,216,206,212
deterministic-4,first,107,2026085807,2026085807,1,1,1,1,1,0,0,0,0,123,213,135,156
deterministic-4,first,108,2026085808,2026085808,0,0,1,1,1,0,0,0,0,230,208,193,204
deterministic-4,first,109,2026085809,2026085809,1,0,0,0,1,0,0,0,0,206,208,206,161
deterministic-4,first,110,2026085810,2026085810,0,1,0,1,1,0,0,0,0,207,229,206,228
deterministic-4,first,111,2026085811,2026085811,1,0,1,0,1,0,0,0,0,188,178,188,208
deterministic-4,first,112,2026085812,2026085812,0,0,1,1,0,0,0,0,0,219,196,187,254
deterministic-4,first,113,2026085813,2026085813,1,1,1,1,1,0,0,0,0,168,159,171,212
deterministic-4,first,114,2026085814,2026085814,0,0,0,0,0,0,0,0,0,145,218,145,212
deterministic-4,first,115,2026085815,2026085815,1,1,1,1,0,0,0,0,0,237,215,182,275
deterministic-4,first,116,2026085816,2026085816,0,1,0,1,0,0,0,0,0,185,229,220,180
deterministic-4,first,117,2026085817,2026085817,1,1,1,1,0,0,0,0,0,161,232,158,203
deterministic-4,first,118,2026085818,2026085818,0,0,0,0,0,0,0,0,0,246,199,266,237
deterministic-4,first,119,2026085819,2026085819,1,1,1,1,0,0,0,0,0,179,201,184,253
deterministic-4,first,120,2026085820,2026085820,0,1,1,1,1,0,0,0,0,137,186,135,169
deterministic-4,first,121,2026085821,2026085821,1,0,1,0,0,0,0,0,0,190,170,183,250
deterministic-4,first,122,2026085822,2026085822,0,1,0,1,0,0,0,0,0,154,219,154,191
deterministic-4,first,123,2026085823,2026085823,1,1,1,1,1,0,0,0,0,103,149,108,181
deterministic-4,first,124,2026085824,2026085824,0,1,1,1,1,0,0,0,0,169,190,169,178
deterministic-4,first,125,2026085825,2026085825,1,0,0,0,0,0,0,0,0,198,199,197,198
deterministic-4,first,126,2026085826,2026085826,0,1,1,1,1,0,0,0,0,126,129,115,126
deterministic-4,first,127,2026085827,2026085827,1,1,1,0,1,0,0,0,0,212,235,209,199
deterministic-4,first,128,2026085828,2026085828,0,1,1,1,1,0,0,0,0,160,211,141,167
deterministic-4,first,129,2026085829,2026085829,1,0,1,1,1,0,0,0,0,231,187,224,210
deterministic-4,first,130,2026085830,2026085830,0,0,0,0,0,0,0,0,0,153,183,144,195
deterministic-4,first,131,2026085831,2026085831,1,1,1,0,1,0,0,0,0,183,228,182,243
deterministic-4,first,132,2026085832,2026085832,0,1,1,1,1,0,0,0,0,170,193,203,172
deterministic-4,first,133,2026085833,2026085833,1,0,1,1,1,0,0,0,0,201,210,226,185
deterministic-4,first,134,2026085834,2026085834,0,1,1,0,0,0,0,0,0,174,178,172,173
deterministic-4,first,135,2026085835,2026085835,1,1,0,1,1,0,0,0,0,151,217,145,174
deterministic-4,first,136,2026085836,2026085836,0,1,1,1,1,0,0,0,0,187,206,187,172
deterministic-4,first,137,2026085837,2026085837,1,0,0,0,0,0,0,0,0,152,216,152,152
deterministic-4,first,138,2026085838,2026085838,0,1,0,0,0,0,0,0,0,167,179,203,232
deterministic-4,first,139,2026085839,2026085839,1,0,0,1,0,0,0,0,0,195,188,192,185
deterministic-4,first,140,2026085840,2026085840,0,0,0,0,0,0,0,0,0,168,212,168,208
deterministic-4,first,141,2026085841,2026085841,1,0,1,0,0,0,0,0,0,160,170,150,184
deterministic-4,first,142,2026085842,2026085842,0,1,0,0,1,0,0,0,0,156,164,163,184
deterministic-4,first,143,2026085843,2026085843,1,1,1,1,1,0,0,0,0,140,173,165,172
deterministic-4,first,144,2026085844,2026085844,0,1,1,1,1,0,0,0,0,219,179,221,170
deterministic-4,first,145,2026085845,2026085845,1,1,1,1,1,0,0,0,0,202,200,205,199
deterministic-4,first,146,2026085846,2026085846,0,1,0,0,0,0,0,0,0,198,218,202,144
deterministic-4,first,147,2026085847,2026085847,1,0,1,0,1,0,0,0,0,248,222,211,185
deterministic-4,first,148,2026085848,2026085848,0,1,1,0,1,0,0,0,0,162,144,175,200
deterministic-4,first,149,2026085849,2026085849,1,0,0,1,1,0,0,0,0,199,222,206,207
deterministic-4,first,150,2026085850,2026085850,0,0,0,0,0,0,0,0,0,137,184,136,158
deterministic-4,first,151,2026085851,2026085851,1,0,0,0,0,0,0,0,0,147,147,152,152
deterministic-4,first,152,2026085852,2026085852,0,1,0,0,0,0,0,0,0,246,207,185,281
deterministic-4,first,153,2026085853,2026085853,1,1,1,1,1,0,0,0,0,121,219,122,183
deterministic-4,first,154,2026085854,2026085854,0,0,1,0,1,0,0,0,0,208,244,224,200
deterministic-4,first,155,2026085855,2026085855,1,0,0,0,0,0,0,0,0,197,207,201,178
deterministic-4,first,156,2026085856,2026085856,0,0,1,0,1,0,0,0,0,199,173,248,185
deterministic-4,first,157,2026085857,2026085857,1,0,0,1,0,0,0,0,0,213,183,204,228
deterministic-4,first,158,2026085858,2026085858,0,1,1,1,1,0,0,0,0,172,174,172,174
deterministic-4,first,159,2026085859,2026085859,1,0,1,1,0,0,0,0,0,233,229,187,222
deterministic-4,first,160,2026085860,2026085860,0,1,0,0,0,0,0,0,0,180,194,192,188
deterministic-4,first,161,2026085861,2026085861,1,1,0,1,0,0,0,0,0,263,212,249,242
deterministic-4,first,162,2026085862,2026085862,0,0,1,0,0,0,0,0,0,236,224,198,206
deterministic-4,first,163,2026085863,2026085863,1,0,0,0,0,0,0,0,0,162,157,211,208
deterministic-4,first,164,2026085864,2026085864,0,0,0,0,1,0,0,0,0,158,240,161,211
deterministic-4,first,165,2026085865,2026085865,1,1,1,1,1,0,0,0,0,165,188,165,168
deterministic-4,first,166,2026085866,2026085866,0,1,0,0,0,0,0,0,0,220,203,215,213
deterministic-4,first,167,2026085867,2026085867,1,1,1,0,1,0,0,0,0,217,174,200,205
deterministic-4,first,168,2026085868,2026085868,0,1,0,1,0,0,0,0,0,188,176,187,157
deterministic-4,first,169,2026085869,2026085869,1,1,1,1,1,0,0,0,0,155,154,165,168
deterministic-4,first,170,2026085870,2026085870,0,1,1,1,1,0,0,0,0,223,203,223,202
deterministic-4,first,171,2026085871,2026085871,1,0,0,1,1,0,0,0,0,186,204,213,217
deterministic-4,first,172,2026085872,2026085872,0,0,1,0,1,0,0,0,0,174,205,181,207
deterministic-4,first,173,2026085873,2026085873,1,0,0,0,0,0,0,0,0,230,199,230,174
deterministic-4,first,174,2026085874,2026085874,0,1,0,0,1,0,0,0,0,207,290,203,272
deterministic-4,first,175,2026085875,2026085875,1,1,1,1,1,0,0,0,0,192,172,192,185
deterministic-4,first,176,2026085876,2026085876,0,0,1,0,0,0,0,0,0,180,150,163,154
deterministic-4,first,177,2026085877,2026085877,1,1,1,1,1,0,0,0,0,165,209,188,226
deterministic-4,first,178,2026085878,2026085878,0,1,1,0,0,0,0,0,0,178,215,207,192
deterministic-4,first,179,2026085879,2026085879,1,0,1,0,0,0,0,0,0,171,224,217,196
deterministic-4,first,180,2026085880,2026085880,0,0,1,1,1,0,0,0,0,218,169,196,203
deterministic-4,first,181,2026085881,2026085881,1,1,0,1,0,0,0,0,0,209,141,191,141
deterministic-4,first,182,2026085882,2026085882,0,1,1,1,0,0,0,0,0,215,231,215,199
deterministic-4,first,183,2026085883,2026085883,1,0,0,1,0,0,0,0,0,226,211,238,236
deterministic-4,first,184,2026085884,2026085884,0,0,1,0,1,0,0,0,0,247,181,234,228
deterministic-4,first,185,2026085885,2026085885,1,1,1,0,1,0,0,0,0,205,211,241,230
deterministic-4,first,186,2026085886,2026085886,0,0,1,0,0,0,0,0,0,216,225,242,212
deterministic-4,first,187,2026085887,2026085887,1,0,0,0,0,0,0,0,0,152,196,146,205
deterministic-4,first,188,2026085888,2026085888,0,0,1,0,0,0,0,0,0,138,147,138,157
deterministic-4,first,189,2026085889,2026085889,1,1,0,1,0,0,0,0,0,200,174,185,206
deterministic-4,first,190,2026085890,2026085890,0,1,1,0,1,0,0,0,0,177,176,214,180
deterministic-4,first,191,2026085891,2026085891,1,0,0,0,0,0,0,0,0,248,168,217,261
deterministic-4,first,192,2026085892,2026085892,0,1,0,0,1,0,0,0,0,181,170,190,180
deterministic-4,first,193,2026085893,2026085893,1,0,0,0,0,0,0,0,0,237,209,237,215
deterministic-4,first,194,2026085894,2026085894,0,1,1,1,1,0,0,0,0,28,28,28,28
deterministic-4,first,195,2026085895,2026085895,1,0,1,1,1,0,0,0,0,217,148,149,149
deterministic-4,first,196,2026085896,2026085896,0,0,1,0,1,0,0,0,0,132,211,180,208
deterministic-4,first,197,2026085897,2026085897,1,0,1,1,1,0,0,0,0,212,180,229,176
deterministic-4,first,198,2026085898,2026085898,0,0,1,1,1,0,0,0,0,233,173,198,200
deterministic-4,first,199,2026085899,2026085899,1,0,1,0,0,0,0,0,0,180,185,203,201
deterministic-4,second,0,2027085700,2027085700,0,0,1,0,1,0,0,0,0,183,157,195,183
deterministic-4,second,1,2027085701,2027085701,1,1,1,1,0,0,0,0,0,160,176,150,200
deterministic-4,second,2,2027085702,2027085702,0,1,1,1,1,0,0,0,0,251,236,258,227
deterministic-4,second,3,2027085703,2027085703,1,1,0,1,0,0,0,0,0,168,233,207,208
deterministic-4,second,4,2027085704,2027085704,0,1,0,1,1,0,0,0,0,180,155,179,183
deterministic-4,second,5,2027085705,2027085705,1,0,0,1,1,0,0,0,0,187,230,198,192
deterministic-4,second,6,2027085706,2027085706,0,1,0,1,1,0,0,0,0,180,224,174,187
deterministic-4,second,7,2027085707,2027085707,1,1,1,0,1,0,0,0,0,211,152,214,171
deterministic-4,second,8,2027085708,2027085708,0,1,1,1,1,0,0,0,0,234,154,198,224
deterministic-4,second,9,2027085709,2027085709,1,0,0,1,1,0,0,0,0,235,197,259,220
deterministic-4,second,10,2027085710,2027085710,0,0,0,0,1,0,0,0,0,202,256,238,154
deterministic-4,second,11,2027085711,2027085711,1,0,1,0,1,0,0,0,0,156,208,152,197
deterministic-4,second,12,2027085712,2027085712,0,0,0,1,0,0,0,0,0,197,246,230,237
deterministic-4,second,13,2027085713,2027085713,1,0,1,0,1,0,0,0,0,201,201,196,230
deterministic-4,second,14,2027085714,2027085714,0,1,0,0,0,0,0,0,0,190,211,233,145
deterministic-4,second,15,2027085715,2027085715,1,1,1,1,1,0,0,0,0,152,125,177,178
deterministic-4,second,16,2027085716,2027085716,0,0,0,0,1,0,0,0,0,180,176,183,202
deterministic-4,second,17,2027085717,2027085717,1,0,0,1,1,0,0,0,0,251,190,274,275
deterministic-4,second,18,2027085718,2027085718,0,1,1,0,0,0,0,0,0,222,209,199,171
deterministic-4,second,19,2027085719,2027085719,1,0,0,0,0,0,0,0,0,209,203,211,245
deterministic-4,second,20,2027085720,2027085720,0,1,1,1,1,0,0,0,0,255,227,255,173
deterministic-4,second,21,2027085721,2027085721,1,1,0,1,1,0,0,0,0,155,116,155,223
deterministic-4,second,22,2027085722,2027085722,0,0,1,0,1,0,0,0,0,132,221,132,158
deterministic-4,second,23,2027085723,2027085723,1,0,0,0,0,0,0,0,0,192,190,251,160
deterministic-4,second,24,2027085724,2027085724,0,1,1,1,1,0,0,0,0,207,204,186,179
deterministic-4,second,25,2027085725,2027085725,1,0,0,0,0,0,0,0,0,154,190,154,173
deterministic-4,second,26,2027085726,2027085726,0,1,1,1,0,0,0,0,0,176,191,176,193
deterministic-4,second,27,2027085727,2027085727,1,1,1,0,1,0,0,0,0,180,212,240,200
deterministic-4,second,28,2027085728,2027085728,0,0,1,0,1,0,0,0,0,194,201,175,196
deterministic-4,second,29,2027085729,2027085729,1,0,1,0,1,0,0,0,0,166,202,184,196
deterministic-4,second,30,2027085730,2027085730,0,1,1,1,1,0,0,0,0,142,146,173,173
deterministic-4,second,31,2027085731,2027085731,1,1,1,0,0,0,0,0,0,184,210,170,165
deterministic-4,second,32,2027085732,2027085732,0,0,1,0,1,0,0,0,0,215,219,198,221
deterministic-4,second,33,2027085733,2027085733,1,0,0,0,1,0,0,0,0,193,171,193,196
deterministic-4,second,34,2027085734,2027085734,0,1,1,1,1,0,0,0,0,180,214,280,187
deterministic-4,second,35,2027085735,2027085735,1,1,1,1,1,0,0,0,0,165,137,160,230
deterministic-4,second,36,2027085736,2027085736,0,0,0,0,0,0,0,0,0,151,164,151,201
deterministic-4,second,37,2027085737,2027085737,1,0,0,0,0,0,0,0,0,172,150,172,171
deterministic-4,second,38,2027085738,2027085738,0,1,0,1,0,0,0,0,0,200,245,214,229
deterministic-4,second,39,2027085739,2027085739,1,0,1,1,0,0,0,0,0,221,197,186,175
deterministic-4,second,40,2027085740,2027085740,0,0,1,0,0,0,0,0,0,184,229,184,210
deterministic-4,second,41,2027085741,2027085741,1,1,0,1,1,0,0,0,0,225,216,225,234
deterministic-4,second,42,2027085742,2027085742,0,1,0,0,1,0,0,0,0,224,230,216,175
deterministic-4,second,43,2027085743,2027085743,1,1,1,1,1,0,0,0,0,200,208,197,205
deterministic-4,second,44,2027085744,2027085744,0,1,1,1,1,0,0,0,0,143,170,166,168
deterministic-4,second,45,2027085745,2027085745,1,0,0,0,0,0,0,0,0,174,221,238,177
deterministic-4,second,46,2027085746,2027085746,0,0,0,0,0,0,0,0,0,271,146,260,219
deterministic-4,second,47,2027085747,2027085747,1,0,0,0,0,0,0,0,0,184,194,171,201
deterministic-4,second,48,2027085748,2027085748,0,1,1,1,1,0,0,0,0,230,221,224,249
deterministic-4,second,49,2027085749,2027085749,1,0,1,0,0,0,0,0,0,214,178,211,192
deterministic-4,second,50,2027085750,2027085750,0,1,1,1,1,0,0,0,0,195,199,195,176
deterministic-4,second,51,2027085751,2027085751,1,0,0,0,0,0,0,0,0,187,176,187,150
deterministic-4,second,52,2027085752,2027085752,0,1,0,1,0,0,0,0,0,210,240,224,193
deterministic-4,second,53,2027085753,2027085753,1,1,1,1,0,0,0,0,0,238,201,238,209
deterministic-4,second,54,2027085754,2027085754,0,0,0,0,1,0,0,0,0,119,139,139,203
deterministic-4,second,55,2027085755,2027085755,1,0,1,0,1,0,0,0,0,207,224,207,156
deterministic-4,second,56,2027085756,2027085756,0,0,1,0,0,0,0,0,0,216,170,120,235
deterministic-4,second,57,2027085757,2027085757,1,0,0,0,0,0,0,0,0,217,174,217,208
deterministic-4,second,58,2027085758,2027085758,0,1,1,0,0,0,0,0,0,179,183,198,176
deterministic-4,second,59,2027085759,2027085759,1,0,0,1,1,0,0,0,0,230,203,189,198
deterministic-4,second,60,2027085760,2027085760,0,0,0,1,0,0,0,0,0,185,177,163,227
deterministic-4,second,61,2027085761,2027085761,1,0,0,0,1,0,0,0,0,231,245,233,244
deterministic-4,second,62,2027085762,2027085762,0,1,1,1,1,0,0,0,0,141,169,141,203
deterministic-4,second,63,2027085763,2027085763,1,0,0,0,0,0,0,0,0,151,184,206,184
deterministic-4,second,64,2027085764,2027085764,0,1,1,1,1,0,0,0,0,220,166,65,293
deterministic-4,second,65,2027085765,2027085765,1,0,1,1,1,0,0,0,0,201,187,202,206
deterministic-4,second,66,2027085766,2027085766,0,0,1,0,0,0,0,0,0,189,213,226,190
deterministic-4,second,67,2027085767,2027085767,1,1,1,1,1,0,0,0,0,167,220,215,223
deterministic-4,second,68,2027085768,2027085768,0,0,0,0,0,0,0,0,0,161,165,161,165
deterministic-4,second,69,2027085769,2027085769,1,0,1,1,1,0,0,0,0,278,220,205,238
deterministic-4,second,70,2027085770,2027085770,0,0,1,0,0,0,0,0,0,214,219,206,187
deterministic-4,second,71,2027085771,2027085771,1,1,1,1,1,0,0,0,0,192,194,192,220
deterministic-4,second,72,2027085772,2027085772,0,1,1,1,1,0,0,0,0,196,197,207,235
deterministic-4,second,73,2027085773,2027085773,1,1,0,1,1,0,0,0,0,190,176,190,195
deterministic-4,second,74,2027085774,2027085774,0,1,1,1,1,0,0,0,0,197,205,197,200
deterministic-4,second,75,2027085775,2027085775,1,1,0,1,0,0,0,0,0,186,192,257,201
deterministic-4,second,76,2027085776,2027085776,0,1,0,1,0,0,0,0,0,202,198,202,252
deterministic-4,second,77,2027085777,2027085777,1,0,1,0,1,0,0,0,0,234,189,220,246
deterministic-4,second,78,2027085778,2027085778,0,1,0,1,1,0,0,0,0,181,214,192,208
deterministic-4,second,79,2027085779,2027085779,1,1,0,1,0,0,0,0,0,183,229,208,213
deterministic-4,second,80,2027085780,2027085780,0,0,1,0,0,0,0,0,0,155,179,179,188
deterministic-4,second,81,2027085781,2027085781,1,1,1,1,0,0,0,0,0,132,199,132,184
deterministic-4,second,82,2027085782,2027085782,0,0,1,1,0,0,0,0,0,224,223,228,197
deterministic-4,second,83,2027085783,2027085783,1,1,0,1,1,0,0,0,0,191,207,208,212
deterministic-4,second,84,2027085784,2027085784,0,1,0,0,0,0,0,0,0,214,189,256,208
deterministic-4,second,85,2027085785,2027085785,1,1,1,1,1,0,0,0,0,215,188,215,222
deterministic-4,second,86,2027085786,2027085786,0,0,0,0,0,0,0,0,0,175,164,175,175
deterministic-4,second,87,2027085787,2027085787,1,1,1,0,1,0,0,0,0,191,247,209,199
deterministic-4,second,88,2027085788,2027085788,0,1,1,0,1,0,0,0,0,204,174,217,185
deterministic-4,second,89,2027085789,2027085789,1,1,0,1,0,0,0,0,0,159,183,159,167
deterministic-4,second,90,2027085790,2027085790,0,0,0,0,1,0,0,0,0,173,205,180,163
deterministic-4,second,91,2027085791,2027085791,1,0,1,0,0,0,0,0,0,184,230,184,217
deterministic-4,second,92,2027085792,2027085792,0,1,1,1,1,0,0,0,0,184,198,194,202
deterministic-4,second,93,2027085793,2027085793,1,1,0,0,0,0,0,0,0,192,253,262,164
deterministic-4,second,94,2027085794,2027085794,0,1,1,1,0,0,0,0,0,141,172,141,191
deterministic-4,second,95,2027085795,2027085795,1,1,1,1,1,0,0,0,0,184,191,184,189
deterministic-4,second,96,2027085796,2027085796,0,1,0,0,0,0,0,0,0,183,178,163,209
deterministic-4,second,97,2027085797,2027085797,1,1,0,0,0,0,0,0,0,197,153,181,193
deterministic-4,second,98,2027085798,2027085798,0,1,0,0,1,0,0,0,0,161,170,205,175
deterministic-4,second,99,2027085799,2027085799,1,0,0,0,0,0,0,0,0,222,232,199,205
deterministic-4,second,100,2027085800,2027085800,0,0,1,0,0,0,0,0,0,173,189,166,212
deterministic-4,second,101,2027085801,2027085801,1,1,1,1,1,0,0,0,0,156,156,151,147
deterministic-4,second,102,2027085802,2027085802,0,0,0,1,1,0,0,0,0,188,231,195,217
deterministic-4,second,103,2027085803,2027085803,1,0,0,1,0,0,0,0,0,175,223,232,200
deterministic-4,second,104,2027085804,2027085804,0,1,1,1,1,0,0,0,0,191,228,192,192
deterministic-4,second,105,2027085805,2027085805,1,0,1,0,0,0,0,0,0,176,270,212,218
deterministic-4,second,106,2027085806,2027085806,0,1,1,1,1,0,0,0,0,176,148,176,171
deterministic-4,second,107,2027085807,2027085807,1,0,0,1,1,0,0,0,0,246,156,177,171
deterministic-4,second,108,2027085808,2027085808,0,1,1,1,1,0,0,0,0,187,197,187,229
deterministic-4,second,109,2027085809,2027085809,1,1,1,1,0,0,0,0,0,287,180,208,194
deterministic-4,second,110,2027085810,2027085810,0,1,1,1,1,0,0,0,0,217,166,188,283
deterministic-4,second,111,2027085811,2027085811,1,1,1,1,1,0,0,0,0,172,184,168,199
deterministic-4,second,112,2027085812,2027085812,0,0,0,0,0,0,0,0,0,228,250,248,228
deterministic-4,second,113,2027085813,2027085813,1,1,1,1,1,0,0,0,0,241,197,236,188
deterministic-4,second,114,2027085814,2027085814,0,1,0,0,1,0,0,0,0,217,198,220,217
deterministic-4,second,115,2027085815,2027085815,1,1,1,0,0,0,0,0,0,203,253,240,240
deterministic-4,second,116,2027085816,2027085816,0,1,1,1,1,0,0,0,0,225,248,225,217
deterministic-4,second,117,2027085817,2027085817,1,0,1,0,1,0,0,0,0,209,232,215,252
deterministic-4,second,118,2027085818,2027085818,0,1,0,1,1,0,0,0,0,178,187,175,205
deterministic-4,second,119,2027085819,2027085819,1,0,0,0,1,0,0,0,0,192,170,192,210
deterministic-4,second,120,2027085820,2027085820,0,1,0,1,1,0,0,0,0,213,197,216,185
deterministic-4,second,121,2027085821,2027085821,1,0,0,0,0,0,0,0,0,171,189,171,208
deterministic-4,second,122,2027085822,2027085822,0,1,0,0,0,0,0,0,0,202,227,182,200
deterministic-4,second,123,2027085823,2027085823,1,1,0,0,1,0,0,0,0,177,182,172,211
deterministic-4,second,124,2027085824,2027085824,0,0,0,0,0,0,0,0,0,33,33,33,143
deterministic-4,second,125,2027085825,2027085825,1,1,1,1,1,0,0,0,0,212,206,202,230
deterministic-4,second,126,2027085826,2027085826,0,1,0,1,1,0,0,0,0,236,208,225,176
deterministic-4,second,127,2027085827,2027085827,1,1,1,1,1,0,0,0,0,222,181,222,186
deterministic-4,second,128,2027085828,2027085828,0,0,0,0,0,0,0,0,0,199,195,200,213
deterministic-4,second,129,2027085829,2027085829,1,0,0,0,0,0,0,0,0,176,192,206,170
deterministic-4,second,130,2027085830,2027085830,0,0,0,0,1,0,0,0,0,206,177,196,168
deterministic-4,second,131,2027085831,2027085831,1,1,0,0,0,0,0,0,0,191,182,157,204
deterministic-4,second,132,2027085832,2027085832,0,1,0,0,1,0,0,0,0,177,177,204,199
deterministic-4,second,133,2027085833,2027085833,1,1,1,0,1,0,0,0,0,260,196,139,195
deterministic-4,second,134,2027085834,2027085834,0,0,1,1,1,0,0,0,0,199,283,238,231
deterministic-4,second,135,2027085835,2027085835,1,0,1,0,1,0,0,0,0,213,181,208,189
deterministic-4,second,136,2027085836,2027085836,0,0,0,0,0,0,0,0,0,209,189,258,234
deterministic-4,second,137,2027085837,2027085837,1,1,0,0,0,0,0,0,0,190,211,218,201
deterministic-4,second,138,2027085838,2027085838,0,0,1,0,0,1,0,0,0,181,219,229,175
deterministic-4,second,139,2027085839,2027085839,1,1,1,1,1,0,0,0,0,209,203,182,210
deterministic-4,second,140,2027085840,2027085840,0,0,1,1,1,0,0,0,0,218,201,174,160
deterministic-4,second,141,2027085841,2027085841,1,1,0,1,0,0,0,0,0,185,195,189,276
deterministic-4,second,142,2027085842,2027085842,0,0,0,0,1,0,0,0,0,210,200,211,208
deterministic-4,second,143,2027085843,2027085843,1,1,1,0,1,0,0,0,0,219,202,206,198
deterministic-4,second,144,2027085844,2027085844,0,0,0,0,0,0,0,0,0,119,189,170,179
deterministic-4,second,145,2027085845,2027085845,1,0,1,0,1,0,0,0,0,213,166,254,186
deterministic-4,second,146,2027085846,2027085846,0,0,1,0,0,0,0,0,0,233,205,233,212
deterministic-4,second,147,2027085847,2027085847,1,0,0,0,1,0,0,0,0,209,197,209,212
deterministic-4,second,148,2027085848,2027085848,0,0,0,0,1,0,0,0,0,195,183,222,204
deterministic-4,second,149,2027085849,2027085849,1,1,0,1,1,0,0,0,0,153,182,141,160
deterministic-4,second,150,2027085850,2027085850,0,0,0,0,0,0,0,0,0,210,197,231,163
deterministic-4,second,151,2027085851,2027085851,1,0,0,0,0,0,0,0,0,216,184,220,204
deterministic-4,second,152,2027085852,2027085852,0,1,1,1,1,0,0,0,0,125,138,164,163
deterministic-4,second,153,2027085853,2027085853,1,1,1,1,1,0,0,0,0,163,236,160,177
deterministic-4,second,154,2027085854,2027085854,0,1,1,1,0,0,0,0,0,153,204,169,227
deterministic-4,second,155,2027085855,2027085855,1,0,1,1,1,0,0,0,0,138,190,166,188
deterministic-4,second,156,2027085856,2027085856,0,1,0,1,0,0,0,0,0,166,204,210,219
deterministic-4,second,157,2027085857,2027085857,1,1,1,1,1,0,0,0,0,194,178,194,160
deterministic-4,second,158,2027085858,2027085858,0,0,0,0,1,0,0,0,0,236,220,209,241
deterministic-4,second,159,2027085859,2027085859,1,1,1,1,0,0,0,0,0,189,234,176,212
deterministic-4,second,160,2027085860,2027085860,0,1,1,1,0,0,0,0,0,215,206,181,282
deterministic-4,second,161,2027085861,2027085861,1,0,1,0,0,0,0,0,0,160,171,175,161
deterministic-4,second,162,2027085862,2027085862,0,1,0,1,1,0,0,0,0,220,262,221,241
deterministic-4,second,163,2027085863,2027085863,1,0,1,0,1,0,0,0,0,208,211,241,314
deterministic-4,second,164,2027085864,2027085864,0,1,1,1,1,0,0,0,0,152,204,158,173
deterministic-4,second,165,2027085865,2027085865,1,1,0,1,1,0,0,0,0,162,173,159,153
deterministic-4,second,166,2027085866,2027085866,0,0,1,1,0,0,0,0,0,230,202,273,197
deterministic-4,second,167,2027085867,2027085867,1,1,0,0,1,0,0,0,0,213,207,186,214
deterministic-4,second,168,2027085868,2027085868,0,0,0,0,0,0,0,0,0,180,179,180,184
deterministic-4,second,169,2027085869,2027085869,1,0,1,0,1,0,0,0,0,204,229,187,233
deterministic-4,second,170,2027085870,2027085870,0,0,0,0,0,0,0,0,0,210,195,206,208
deterministic-4,second,171,2027085871,2027085871,1,0,1,1,0,0,0,0,0,228,262,238,222
deterministic-4,second,172,2027085872,2027085872,0,1,0,1,0,0,0,0,0,207,180,246,151
deterministic-4,second,173,2027085873,2027085873,1,0,0,0,0,0,0,0,0,213,174,201,129
deterministic-4,second,174,2027085874,2027085874,0,0,1,0,1,0,0,0,0,186,207,169,201
deterministic-4,second,175,2027085875,2027085875,1,0,0,0,0,0,0,0,0,185,145,184,175
deterministic-4,second,176,2027085876,2027085876,0,1,1,1,1,0,0,0,0,175,187,175,162
deterministic-4,second,177,2027085877,2027085877,1,1,0,1,1,0,0,0,0,196,241,203,204
deterministic-4,second,178,2027085878,2027085878,0,0,1,0,0,0,0,0,0,173,190,154,173
deterministic-4,second,179,2027085879,2027085879,1,1,0,1,0,0,0,0,0,194,154,213,200
deterministic-4,second,180,2027085880,2027085880,0,1,0,0,1,0,0,0,0,155,220,194,172
deterministic-4,second,181,2027085881,2027085881,1,1,0,0,0,0,0,0,0,194,175,310,152
deterministic-4,second,182,2027085882,2027085882,0,1,1,1,1,0,0,0,0,185,208,172,200
deterministic-4,second,183,2027085883,2027085883,1,0,0,0,0,0,0,0,0,141,146,141,201
deterministic-4,second,184,2027085884,2027085884,0,0,1,0,0,0,0,0,0,168,213,168,187
deterministic-4,second,185,2027085885,2027085885,1,0,1,0,1,0,0,0,0,149,206,147,171
deterministic-4,second,186,2027085886,2027085886,0,1,0,1,1,0,0,0,0,190,195,218,244
deterministic-4,second,187,2027085887,2027085887,1,1,1,1,0,0,0,0,0,191,231,195,163
deterministic-4,second,188,2027085888,2027085888,0,0,0,0,1,0,0,0,0,159,191,189,201
deterministic-4,second,189,2027085889,2027085889,1,1,1,1,1,0,0,0,0,184,168,181,167
deterministic-4,second,190,2027085890,2027085890,0,0,1,0,0,0,0,0,0,204,188,204,232
deterministic-4,second,191,2027085891,2027085891,1,1,0,1,1,0,0,0,0,200,153,218,197
deterministic-4,second,192,2027085892,2027085892,0,1,1,0,0,0,0,0,0,238,235,216,206
deterministic-4,second,193,2027085893,2027085893,1,0,1,0,0,0,0,0,0,230,210,208,195
deterministic-4,second,194,2027085894,2027085894,0,1,0,1,0,0,0,0,0,237,239,230,230
deterministic-4,second,195,2027085895,2027085895,1,0,1,0,0,0,0,0,0,156,217,139,160
deterministic-4,second,196,2027085896,2027085896,0,1,0,0,1,0,0,0,0,187,171,197,216
deterministic-4,second,197,2027085897,2027085897,1,0,1,0,0,0,0,0,0,188,258,194,194
deterministic-4,second,198,2027085898,2027085898,0,1,0,1,0,0,0,0,0,214,186,216,200
deterministic-4,second,199,2027085899,2027085899,1,1,0,1,0,0,0,0,0,163,204,203,192
deterministic-5,first,0,2026086700,2026086700,0,1,1,1,1,0,0,0,0,101,82,101,99
deterministic-5,first,1,2026086701,2026086701,1,0,1,0,1,0,0,0,0,199,165,142,134
deterministic-5,first,2,2026086702,2026086702,0,1,1,1,1,0,0,0,0,150,158,145,128
deterministic-5,first,3,2026086703,2026086703,1,1,1,1,1,0,0,0,0,131,207,129,196
deterministic-5,first,4,2026086704,2026086704,0,0,1,1,1,0,0,0,0,161,144,184,165
deterministic-5,first,5,2026086705,2026086705,1,1,1,1,1,0,0,0,0,164,245,164,256
deterministic-5,first,6,2026086706,2026086706,0,1,1,1,1,0,0,0,0,171,158,169,184
deterministic-5,first,7,2026086707,2026086707,1,1,1,1,1,0,0,0,0,162,164,127,152
deterministic-5,first,8,2026086708,2026086708,0,1,1,1,1,0,0,0,0,127,105,122,109
deterministic-5,first,9,2026086709,2026086709,1,0,0,1,0,0,0,0,0,115,115,178,178
deterministic-5,first,10,2026086710,2026086710,0,1,1,1,1,0,0,0,0,155,213,189,154
deterministic-5,first,11,2026086711,2026086711,1,1,0,1,1,0,0,0,0,110,180,109,197
deterministic-5,first,12,2026086712,2026086712,0,1,1,0,1,0,0,0,0,179,174,159,147
deterministic-5,first,13,2026086713,2026086713,1,1,1,1,1,0,0,0,0,169,184,183,180
deterministic-5,first,14,2026086714,2026086714,0,1,1,1,1,0,0,0,0,149,128,151,154
deterministic-5,first,15,2026086715,2026086715,1,1,0,1,1,0,0,0,0,185,208,184,189
deterministic-5,first,16,2026086716,2026086716,0,1,1,1,1,0,0,0,0,63,121,52,93
deterministic-5,first,17,2026086717,2026086717,1,1,1,1,1,0,0,0,0,167,127,167,171
deterministic-5,first,18,2026086718,2026086718,0,1,1,1,1,0,0,0,0,173,167,160,166
deterministic-5,first,19,2026086719,2026086719,1,1,1,1,1,0,0,0,0,127,148,164,157
deterministic-5,first,20,2026086720,2026086720,0,1,1,1,1,0,0,0,0,145,144,145,145
deterministic-5,first,21,2026086721,2026086721,1,1,1,0,1,0,0,0,0,184,156,180,175
deterministic-5,first,22,2026086722,2026086722,0,1,1,1,1,0,0,0,0,169,186,164,199
deterministic-5,first,23,2026086723,2026086723,1,1,1,1,1,0,0,0,0,139,150,142,140
deterministic-5,first,24,2026086724,2026086724,0,1,1,1,0,0,0,0,0,178,173,172,190
deterministic-5,first,25,2026086725,2026086725,1,1,1,1,1,0,0,0,0,146,198,141,169
deterministic-5,first,26,2026086726,2026086726,0,1,1,1,1,0,0,0,0,69,44,68,45
deterministic-5,first,27,2026086727,2026086727,1,0,1,0,1,0,0,0,0,181,171,178,163
deterministic-5,first,28,2026086728,2026086728,0,1,1,1,1,0,0,0,0,159,140,159,159
deterministic-5,first,29,2026086729,2026086729,1,0,0,1,1,0,0,0,0,148,131,178,183
deterministic-5,first,30,2026086730,2026086730,0,1,1,1,1,0,0,0,0,196,144,196,146
deterministic-5,first,31,2026086731,2026086731,1,1,1,1,0,0,0,0,0,194,196,194,160
deterministic-5,first,32,2026086732,2026086732,0,1,1,1,1,0,0,0,0,131,136,92,133
deterministic-5,first,33,2026086733,2026086733,1,1,1,1,1,0,0,0,0,134,158,134,148
deterministic-5,first,34,2026086734,2026086734,0,1,1,1,1,0,0,0,0,166,172,164,169
deterministic-5,first,35,2026086735,2026086735,1,1,1,1,1,0,0,0,0,129,146,133,142
deterministic-5,first,36,2026086736,2026086736,0,1,1,1,1,0,0,0,0,36,30,36,30
deterministic-5,first,37,2026086737,2026086737,1,0,0,0,0,0,0,0,0,139,144,196,194
deterministic-5,first,38,2026086738,2026086738,0,1,1,1,1,0,0,0,0,187,130,200,132
deterministic-5,first,39,2026086739,2026086739,1,1,1,1,1,0,0,0,0,121,174,120,132
deterministic-5,first,40,2026086740,2026086740,0,1,1,1,1,0,0,0,0,136,125,136,134
deterministic-5,first,41,2026086741,2026086741,1,1,1,1,1,0,0,0,0,164,180,138,162
deterministic-5,first,42,2026086742,2026086742,0,1,1,1,0,0,0,0,0,140,183,153,129
deterministic-5,first,43,2026086743,2026086743,1,1,1,1,0,0,0,0,0,153,184,182,147
deterministic-5,first,44,2026086744,2026086744,0,1,1,1,1,0,0,0,0,179,137,166,178
deterministic-5,first,45,2026086745,2026086745,1,0,1,0,0,0,0,0,0,122,155,122,127
deterministic-5,first,46,2026086746,2026086746,0,1,1,1,1,0,0,0,0,163,178,168,140
deterministic-5,first,47,2026086747,2026086747,1,0,1,1,1,0,0,0,0,179,165,202,165
deterministic-5,first,48,2026086748,2026086748,0,1,1,1,1,0,0,0,0,138,149,138,148
deterministic-5,first,49,2026086749,2026086749,1,1,1,1,1,0,0,0,0,146,181,149,153
deterministic-5,first,50,2026086750,2026086750,0,1,1,1,1,0,0,0,0,135,149,164,181
deterministic-5,first,51,2026086751,2026086751,1,0,1,1,1,0,0,0,0,182,154,156,164
deterministic-5,first,52,2026086752,2026086752,0,1,1,1,1,0,0,0,0,147,150,160,135
deterministic-5,first,53,2026086753,2026086753,1,1,1,1,1,0,0,0,0,190,166,164,184
deterministic-5,first,54,2026086754,2026086754,0,1,1,1,1,0,0,0,0,186,190,145,157
deterministic-5,first,55,2026086755,2026086755,1,0,1,1,1,0,0,0,0,226,136,187,166
deterministic-5,first,56,2026086756,2026086756,0,1,1,1,1,0,0,0,0,165,151,173,185
deterministic-5,first,57,2026086757,2026086757,1,1,1,1,1,0,0,0,0,143,151,143,180
deterministic-5,first,58,2026086758,2026086758,0,1,1,1,1,0,0,0,0,127,159,144,159
deterministic-5,first,59,2026086759,2026086759,1,0,0,0,0,0,0,0,0,169,169,173,169
deterministic-5,first,60,2026086760,2026086760,0,1,1,1,1,0,0,0,0,159,190,161,186
deterministic-5,first,61,2026086761,2026086761,1,1,1,1,1,0,0,0,0,159,154,159,200
deterministic-5,first,62,2026086762,2026086762,0,1,1,1,1,0,0,0,0,141,142,146,130
deterministic-5,first,63,2026086763,2026086763,1,0,1,1,1,0,0,0,0,167,173,185,169
deterministic-5,first,64,2026086764,2026086764,0,0,0,0,0,0,0,0,0,207,201,150,254
deterministic-5,first,65,2026086765,2026086765,1,1,1,1,1,0,0,0,0,219,166,157,186
deterministic-5,first,66,2026086766,2026086766,0,1,1,1,1,0,0,0,0,225,207,115,111
deterministic-5,first,67,2026086767,2026086767,1,1,1,1,1,0,0,0,0,180,186,188,184
deterministic-5,first,68,2026086768,2026086768,0,1,1,1,1,0,0,0,0,178,230,175,167
deterministic-5,first,69,2026086769,2026086769,1,1,1,1,1,0,0,0,0,126,145,133,133
deterministic-5,first,70,2026086770,2026086770,0,1,1,0,1,0,0,0,0,150,108,181,114
deterministic-5,first,71,2026086771,2026086771,1,0,0,0,0,0,0,0,0,154,177,154,174
deterministic-5,first,72,2026086772,2026086772,0,1,1,1,0,0,0,0,0,165,140,232,167
deterministic-5,first,73,2026086773,2026086773,1,1,1,1,1,0,0,0,0,182,151,182,151
deterministic-5,first,74,2026086774,2026086774,0,1,1,1,1,0,0,0,0,196,136,222,158
deterministic-5,first,75,2026086775,2026086775,1,1,1,1,1,0,0,0,0,171,170,171,154
deterministic-5,first,76,2026086776,2026086776,0,1,1,1,1,0,0,0,0,167,173,165,189
deterministic-5,first,77,2026086777,2026086777,1,1,1,1,1,0,0,0,0,183,169,193,151
deterministic-5,first,78,2026086778,2026086778,0,1,1,0,1,0,0,0,0,138,168,184,180
deterministic-5,first,79,2026086779,2026086779,1,1,1,1,1,0,0,0,0,145,176,159,164
deterministic-5,first,80,2026086780,2026086780,0,1,1,1,1,0,0,0,0,219,140,222,160
deterministic-5,first,81,2026086781,2026086781,1,1,1,1,1,0,0,0,0,123,126,123,125
deterministic-5,first,82,2026086782,2026086782,0,1,1,1,1,0,0,0,0,123,157,161,170
deterministic-5,first,83,2026086783,2026086783,1,1,1,1,1,0,0,0,0,147,161,150,189
deterministic-5,first,84,2026086784,2026086784,0,0,1,0,1,0,0,0,0,198,170,198,183
deterministic-5,first,85,2026086785,2026086785,1,0,0,1,1,0,0,0,0,143,152,168,197
deterministic-5,first,86,2026086786,2026086786,0,1,1,1,1,0,0,0,0,211,185,211,171
deterministic-5,first,87,2026086787,2026086787,1,1,1,1,1,0,0,0,0,176,168,176,167
deterministic-5,first,88,2026086788,2026086788,0,1,1,1,1,0,0,0,0,144,127,121,125
deterministic-5,first,89,2026086789,2026086789,1,1,1,1,1,0,0,0,0,128,142,175,162
deterministic-5,first,90,2026086790,2026086790,0,1,1,1,1,0,0,0,0,177,190,224,173
deterministic-5,first,91,2026086791,2026086791,1,0,0,0,0,0,0,0,0,140,140,140,140
deterministic-5,first,92,2026086792,2026086792,0,0,1,0,1,0,0,0,0,189,164,196,135
deterministic-5,first,93,2026086793,2026086793,1,1,1,1,1,0,0,0,0,138,197,180,164
deterministic-5,first,94,2026086794,2026086794,0,1,1,1,1,0,0,0,0,157,122,126,135
deterministic-5,first,95,2026086795,2026086795,1,1,1,1,1,0,0,0,0,167,183,192,146
deterministic-5,first,96,2026086796,2026086796,0,1,1,1,1,0,0,0,0,200,168,184,165
deterministic-5,first,97,2026086797,2026086797,1,1,1,1,1,0,0,0,0,171,175,171,175
deterministic-5,first,98,2026086798,2026086798,0,1,1,1,0,0,0,0,0,134,167,167,212
deterministic-5,first,99,2026086799,2026086799,1,0,1,1,1,0,0,0,0,216,168,220,235
deterministic-5,first,100,2026086800,2026086800,0,1,1,1,1,0,0,0,0,198,178,171,147
deterministic-5,first,101,2026086801,2026086801,1,0,0,0,1,0,0,0,0,168,168,157,160
deterministic-5,first,102,2026086802,2026086802,0,1,1,1,1,0,0,0,0,168,178,175,171
deterministic-5,first,103,2026086803,2026086803,1,1,1,1,1,0,0,0,0,147,113,147,154
deterministic-5,first,104,2026086804,2026086804,0,1,1,1,1,0,0,0,0,210,194,162,155
deterministic-5,first,105,2026086805,2026086805,1,1,1,1,1,0,0,0,0,162,137,151,111
deterministic-5,first,106,2026086806,2026086806,0,1,1,1,1,0,0,0,0,143,149,143,148
deterministic-5,first,107,2026086807,2026086807,1,1,1,1,1,0,0,0,0,221,167,202,149
deterministic-5,first,108,2026086808,2026086808,0,1,1,1,0,0,0,0,0,186,152,186,200
deterministic-5,first,109,2026086809,2026086809,1,1,1,1,1,0,0,0,0,184,200,179,156
deterministic-5,first,110,2026086810,2026086810,0,1,1,1,1,0,0,0,0,153,152,149,146
deterministic-5,first,111,2026086811,2026086811,1,1,1,1,1,0,0,0,0,198,138,204,186
deterministic-5,first,112,2026086812,2026086812,0,0,1,1,0,0,0,0,0,231,158,201,196
deterministic-5,first,113,2026086813,2026086813,1,1,1,1,1,0,0,0,0,160,157,163,160
deterministic-5,first,114,2026086814,2026086814,0,1,1,1,1,0,0,0,0,143,128,135,140
deterministic-5,first,115,2026086815,2026086815,1,1,1,1,1,0,0,0,0,147,158,147,149
deterministic-5,first,116,2026086816,2026086816,0,1,1,1,1,0,0,0,0,164,161,152,192
deterministic-5,first,117,2026086817,2026086817,1,1,1,1,1,0,0,0,0,160,153,160,160
deterministic-5,first,118,2026086818,2026086818,0,0,1,0,1,0,0,0,0,142,236,142,148
deterministic-5,first,119,2026086819,2026086819,1,1,1,1,1,0,0,0,0,118,115,104,156
deterministic-5,first,120,2026086820,2026086820,0,1,1,1,1,0,0,0,0,79,92,82,104
deterministic-5,first,121,2026086821,2026086821,1,1,1,1,1,0,0,0,0,142,131,162,134
deterministic-5,first,122,2026086822,2026086822,0,0,0,1,1,0,0,0,0,67,157,172,149
deterministic-5,first,123,2026086823,2026086823,1,0,1,1,1,0,0,0,0,203,201,207,176
deterministic-5,first,124,2026086824,2026086824,0,1,1,1,0,0,0,0,0,163,165,176,167
deterministic-5,first,125,2026086825,2026086825,1,1,1,1,1,0,0,0,0,105,138,169,200
deterministic-5,first,126,2026086826,2026086826,0,1,1,1,0,0,0,0,0,192,192,199,218
deterministic-5,first,127,2026086827,2026086827,1,1,1,1,1,0,0,0,0,175,139,175,169
deterministic-5,first,128,2026086828,2026086828,0,1,1,1,1,0,0,0,0,163,155,163,128
deterministic-5,first,129,2026086829,2026086829,1,1,1,1,1,0,0,0,0,194,171,194,149
deterministic-5,first,130,2026086830,2026086830,0,1,0,0,0,0,0,0,0,184,163,163,166
deterministic-5,first,131,2026086831,2026086831,1,1,1,1,1,0,0,0,0,139,150,140,151
deterministic-5,first,132,2026086832,2026086832,0,1,1,1,1,0,0,0,0,182,155,149,169
deterministic-5,first,133,2026086833,2026086833,1,1,1,1,1,0,0,0,0,182,169,182,170
deterministic-5,first,134,2026086834,2026086834,0,1,1,1,1,0,0,0,0,164,175,119,159
deterministic-5,first,135,2026086835,2026086835,1,0,1,1,1,1,0,0,0,198,205,149,204
deterministic-5,first,136,2026086836,2026086836,0,1,1,1,1,0,0,0,0,197,170,199,181
deterministic-5,first,137,2026086837,2026086837,1,0,0,0,0,0,0,0,0,147,136,147,132
deterministic-5,first,138,2026086838,2026086838,0,1,0,1,1,0,0,0,0,203,161,146,196
deterministic-5,first,139,2026086839,2026086839,1,1,1,1,1,0,0,0,0,128,134,129,125
deterministic-5,first,140,2026086840,2026086840,0,1,1,1,1,0,0,0,0,182,179,182,157
deterministic-5,first,141,2026086841,2026086841,1,1,1,1,1,0,0,0,0,179,168,183,199
deterministic-5,first,142,2026086842,2026086842,0,1,1,1,1,0,0,0,0,267,180,228,139
deterministic-5,first,143,2026086843,2026086843,1,1,1,1,1,0,0,0,0,61,78,61,74
deterministic-5,first,144,2026086844,2026086844,0,1,1,1,1,0,0,0,0,148,155,147,141
deterministic-5,first,145,2026086845,2026086845,1,1,1,1,1,0,0,0,0,175,172,207,165
deterministic-5,first,146,2026086846,2026086846,0,1,1,1,1,0,0,0,0,127,175,122,100
deterministic-5,first,147,2026086847,2026086847,1,1,1,1,1,0,0,0,0,180,149,185,198
deterministic-5,first,148,2026086848,2026086848,0,1,1,1,1,0,0,0,0,157,153,160,173
deterministic-5,first,149,2026086849,2026086849,1,1,0,1,1,0,0,0,0,185,161,165,163
deterministic-5,first,150,2026086850,2026086850,0,1,0,1,0,0,0,0,0,218,173,183,184
deterministic-5,first,151,2026086851,2026086851,1,1,1,1,1,0,0,0,0,170,167,169,163
deterministic-5,first,152,2026086852,2026086852,0,1,0,1,1,0,0,0,0,211,166,167,170
deterministic-5,first,153,2026086853,2026086853,1,1,1,1,1,0,0,0,0,109,59,109,51
deterministic-5,first,154,2026086854,2026086854,0,1,1,1,1,0,0,0,0,133,141,144,144
deterministic-5,first,155,2026086855,2026086855,1,1,1,1,1,0,0,0,0,92,141,95,114
deterministic-5,first,156,2026086856,2026086856,0,1,0,1,1,0,0,0,0,178,154,178,178
deterministic-5,first,157,2026086857,2026086857,1,1,1,1,1,0,0,0,0,154,145,154,145
deterministic-5,first,158,2026086858,2026086858,0,0,1,0,1,0,0,0,0,184,146,184,168
deterministic-5,first,159,2026086859,2026086859,1,1,1,1,1,0,0,0,0,142,165,138,177
deterministic-5,first,160,2026086860,2026086860,0,1,0,1,1,0,0,0,0,152,170,152,141
deterministic-5,first,161,2026086861,2026086861,1,1,1,1,1,0,0,0,0,151,184,161,126
deterministic-5,first,162,2026086862,2026086862,0,1,1,0,1,0,0,0,0,197,126,176,175
deterministic-5,first,163,2026086863,2026086863,1,1,1,1,1,0,0,0,0,159,141,159,142
deterministic-5,first,164,2026086864,2026086864,0,0,1,0,1,0,0,0,0,58,171,58,168
deterministic-5,first,165,2026086865,2026086865,1,0,0,0,0,0,0,0,0,105,105,105,104
deterministic-5,first,166,2026086866,2026086866,0,1,1,1,0,0,0,0,0,157,187,157,204
deterministic-5,first,167,2026086867,2026086867,1,1,1,1,1,0,0,0,0,43,71,41,180
deterministic-5,first,168,2026086868,2026086868,0,1,1,0,1,0,0,0,0,105,189,163,151
deterministic-5,first,169,2026086869,2026086869,1,1,1,1,1,0,0,0,0,171,171,171,130
deterministic-5,first,170,2026086870,2026086870,0,1,1,0,1,0,0,0,0,182,189,190,185
deterministic-5,first,171,2026086871,2026086871,1,1,0,1,1,0,0,0,0,157,196,157,145
deterministic-5,first,172,2026086872,2026086872,0,1,1,1,1,0,0,0,0,189,152,187,201
deterministic-5,first,173,2026086873,2026086873,1,1,1,1,1,0,0,0,0,139,208,186,164
deterministic-5,first,174,2026086874,2026086874,0,1,1,1,1,0,0,0,0,138,132,144,152
deterministic-5,first,175,2026086875,2026086875,1,1,1,1,1,0,0,0,0,160,182,160,174
deterministic-5,first,176,2026086876,2026086876,0,1,1,1,1,0,0,0,0,127,134,163,170
deterministic-5,first,177,2026086877,2026086877,1,1,1,1,1,0,0,0,0,188,164,188,173
deterministic-5,first,178,2026086878,2026086878,0,0,0,0,0,0,0,0,0,151,158,131,152
deterministic-5,first,179,2026086879,2026086879,1,1,1,1,1,0,0,0,0,146,185,164,173
deterministic-5,first,180,2026086880,2026086880,0,1,1,1,1,0,0,0,0,146,152,177,135
deterministic-5,first,181,2026086881,2026086881,1,1,1,1,0,0,0,0,0,175,139,166,185
deterministic-5,first,182,2026086882,2026086882,0,1,1,1,0,0,0,0,0,143,127,155,213
deterministic-5,first,183,2026086883,2026086883,1,1,1,1,1,0,0,0,0,163,166,163,177
deterministic-5,first,184,2026086884,2026086884,0,1,1,1,1,0,0,0,0,161,211,166,131
deterministic-5,first,185,2026086885,2026086885,1,1,1,1,1,0,0,0,0,174,192,151,176
deterministic-5,first,186,2026086886,2026086886,0,0,0,0,0,0,0,0,0,149,151,149,151
deterministic-5,first,187,2026086887,2026086887,1,1,1,1,1,0,0,0,0,39,122,39,38
deterministic-5,first,188,2026086888,2026086888,0,1,1,1,1,0,0,0,0,194,173,186,206
deterministic-5,first,189,2026086889,2026086889,1,1,1,1,1,0,0,0,0,141,153,141,183
deterministic-5,first,190,2026086890,2026086890,0,1,0,1,0,0,0,0,0,194,158,191,209
deterministic-5,first,191,2026086891,2026086891,1,0,1,0,1,0,0,0,0,170,161,132,142
deterministic-5,first,192,2026086892,2026086892,0,1,1,1,1,0,0,0,0,173,185,178,147
deterministic-5,first,193,2026086893,2026086893,1,1,1,1,1,0,0,0,0,175,149,139,144
deterministic-5,first,194,2026086894,2026086894,0,1,1,1,1,0,0,0,0,131,145,131,136
deterministic-5,first,195,2026086895,2026086895,1,1,1,1,1,0,0,0,0,137,136,137,140
deterministic-5,first,196,2026086896,2026086896,0,1,1,1,1,0,0,0,0,131,129,136,129
deterministic-5,first,197,2026086897,2026086897,1,1,1,1,1,0,0,0,0,132,166,134,165
deterministic-5,first,198,2026086898,2026086898,0,1,0,1,1,0,0,0,0,147,207,147,181
deterministic-5,first,199,2026086899,2026086899,1,1,1,1,0,0,0,0,0,169,207,169,178
deterministic-5,second,0,2027086700,2027086700,0,0,0,1,1,0,0,0,0,149,166,154,165
deterministic-5,second,1,2027086701,2027086701,1,0,1,1,1,0,0,0,0,155,149,140,181
deterministic-5,second,2,2027086702,2027086702,0,1,1,0,1,0,0,0,0,185,143,146,165
deterministic-5,second,3,2027086703,2027086703,1,1,1,1,1,0,0,0,0,158,158,158,158
deterministic-5,second,4,2027086704,2027086704,0,1,1,0,0,0,0,0,0,183,148,171,151
deterministic-5,second,5,2027086705,2027086705,1,1,1,1,1,0,0,0,0,126,131,126,131
deterministic-5,second,6,2027086706,2027086706,0,1,1,0,1,0,0,0,0,161,148,154,154
deterministic-5,second,7,2027086707,2027086707,1,1,1,1,0,0,0,0,0,142,165,142,188
deterministic-5,second,8,2027086708,2027086708,0,1,1,1,1,0,0,0,0,142,87,139,197
deterministic-5,second,9,2027086709,2027086709,1,1,1,1,1,0,0,0,0,131,186,131,104
deterministic-5,second,10,2027086710,2027086710,0,1,1,1,1,0,0,0,0,146,172,155,134
deterministic-5,second,11,2027086711,2027086711,1,1,1,1,1,0,0,0,0,158,187,192,184
deterministic-5,second,12,2027086712,2027086712,0,1,1,1,0,0,0,0,0,174,181,140,144
deterministic-5,second,13,2027086713,2027086713,1,0,0,0,0,0,0,0,0,48,48,48,189
deterministic-5,second,14,2027086714,2027086714,0,1,1,1,1,0,0,0,0,151,180,183,155
deterministic-5,second,15,2027086715,2027086715,1,1,1,0,1,0,0,0,0,182,178,170,198
deterministic-5,second,16,2027086716,2027086716,0,1,1,1,1,0,0,0,0,139,155,139,155
deterministic-5,second,17,2027086717,2027086717,1,1,1,1,1,0,0,0,0,172,186,157,138
deterministic-5,second,18,2027086718,2027086718,0,1,1,1,1,0,0,0,0,133,146,139,136
deterministic-5,second,19,2027086719,2027086719,1,0,0,0,1,0,0,0,0,170,172,171,170
deterministic-5,second,20,2027086720,2027086720,0,1,1,1,1,0,0,0,0,151,163,151,137
deterministic-5,second,21,2027086721,2027086721,1,1,1,1,1,0,0,0,0,155,150,162,133
deterministic-5,second,22,2027086722,2027086722,0,1,1,1,1,0,0,0,0,143,144,145,121
deterministic-5,second,23,2027086723,2027086723,1,0,1,0,1,0,0,0,0,146,176,146,144
deterministic-5,second,24,2027086724,2027086724,0,0,1,1,1,0,0,0,0,98,217,157,148
deterministic-5,second,25,2027086725,2027086725,1,1,1,1,1,0,0,0,0,158,154,159,154
deterministic-5,second,26,2027086726,2027086726,0,1,1,1,1,0,0,0,0,184,160,172,151
deterministic-5,second,27,2027086727,2027086727,1,0,1,0,1,0,0,0,0,147,175,147,142
deterministic-5,second,28,2027086728,2027086728,0,1,1,1,1,0,0,0,0,169,140,165,139
deterministic-5,second,29,2027086729,2027086729,1,1,1,1,1,0,0,0,0,172,164,172,165
deterministic-5,second,30,2027086730,2027086730,0,1,1,1,1,0,0,0,0,158,175,207,181
deterministic-5,second,31,2027086731,2027086731,1,1,1,1,1,0,0,0,0,117,134,117,201
deterministic-5,second,32,2027086732,2027086732,0,1,1,1,1,0,0,0,0,147,160,155,195
deterministic-5,second,33,2027086733,2027086733,1,1,1,1,1,0,0,0,0,140,190,164,160
deterministic-5,second,34,2027086734,2027086734,0,0,1,0,1,0,0,0,0,168,147,168,205
deterministic-5,second,35,2027086735,2027086735,1,1,1,1,1,0,0,0,0,133,159,133,123
deterministic-5,second,36,2027086736,2027086736,0,1,0,1,1,0,0,0,0,183,194,179,177
deterministic-5,second,37,2027086737,2027086737,1,1,1,1,1,0,0,0,0,126,126,110,112
deterministic-5,second,38,2027086738,2027086738,0,1,1,0,1,0,0,0,0,163,173,198,165
deterministic-5,second,39,2027086739,2027086739,1,1,1,1,0,0,0,0,0,185,168,185,222
deterministic-5,second,40,2027086740,2027086740,0,0,0,0,0,0,0,0,0,127,128,128,130
deterministic-5,second,41,2027086741,2027086741,1,0,1,1,1,0,0,0,0,141,149,162,206
deterministic-5,second,42,2027086742,2027086742,0,1,1,1,1,0,0,0,0,156,163,156,153
deterministic-5,second,43,2027086743,2027086743,1,1,1,1,1,0,0,0,0,124,150,171,149
deterministic-5,second,44,2027086744,2027086744,0,1,1,1,1,0,0,0,0,204,153,186,205
deterministic-5,second,45,2027086745,2027086745,1,1,1,1,0,0,0,0,0,126,186,125,172
deterministic-5,second,46,2027086746,2027086746,0,1,1,1,1,0,0,0,0,166,127,142,146
deterministic-5,second,47,2027086747,2027086747,1,1,1,1,0,0,0,0,0,164,189,146,134
deterministic-5,second,48,2027086748,2027086748,0,1,1,1,1,0,0,0,0,165,131,146,137
deterministic-5,second,49,2027086749,2027086749,1,1,1,1,1,0,0,0,0,140,167,138,130
deterministic-5,second,50,2027086750,2027086750,0,1,1,1,1,0,0,0,0,127,96,76,88
deterministic-5,second,51,2027086751,2027086751,1,1,1,1,1,0,0,0,0,49,58,49,50
deterministic-5,second,52,2027086752,2027086752,0,1,1,1,0,0,0,0,0,178,166,145,208
deterministic-5,second,53,2027086753,2027086753,1,1,1,1,1,0,0,0,0,105,148,170,167
deterministic-5,second,54,2027086754,2027086754,0,1,1,1,1,0,0,0,0,165,125,207,158
deterministic-5,second,55,2027086755,2027086755,1,1,1,1,1,0,0,0,0,174,140,174,115
deterministic-5,second,56,2027086756,2027086756,0,1,1,1,1,0,0,0,0,131,130,131,174
deterministic-5,second,57,2027086757,2027086757,1,1,1,1,0,0,0,0,0,143,132,143,199
deterministic-5,second,58,2027086758,2027086758,0,1,1,1,1,0,0,0,0,130,167,139,162
deterministic-5,second,59,2027086759,2027086759,1,1,1,1,1,0,0,0,0,174,172,152,133
deterministic-5,second,60,2027086760,2027086760,0,1,1,1,1,0,0,0,0,158,183,157,144
deterministic-5,second,61,2027086761,2027086761,1,1,1,1,1,0,0,0,0,213,175,220,176
deterministic-5,second,62,2027086762,2027086762,0,1,1,1,1,0,0,0,0,145,201,134,196
deterministic-5,second,63,2027086763,2027086763,1,1,1,1,1,0,0,0,0,195,174,185,167
deterministic-5,second,64,2027086764,2027086764,0,1,1,1,1,0,0,0,0,134,160,134,148
deterministic-5,second,65,2027086765,2027086765,1,1,1,1,1,0,0,0,0,190,170,190,166
deterministic-5,second,66,2027086766,2027086766,0,1,1,1,1,0,0,0,0,162,154,162,158
deterministic-5,second,67,2027086767,2027086767,1,1,1,1,1,0,0,0,0,157,153,176,166
deterministic-5,second,68,2027086768,2027086768,0,1,1,1,1,0,0,0,0,159,163,153,136
deterministic-5,second,69,2027086769,2027086769,1,0,1,1,1,0,0,0,0,163,146,161,164
deterministic-5,second,70,2027086770,2027086770,0,1,1,1,0,0,0,0,0,160,157,195,150
deterministic-5,second,71,2027086771,2027086771,1,1,1,1,1,0,0,0,0,132,142,140,159
deterministic-5,second,72,2027086772,2027086772,0,1,1,1,1,0,0,0,0,132,129,181,144
deterministic-5,second,73,2027086773,2027086773,1,1,0,1,1,0,0,0,0,136,223,141,161
deterministic-5,second,74,2027086774,2027086774,0,1,1,1,1,0,0,0,0,172,179,136,187
deterministic-5,second,75,2027086775,2027086775,1,0,1,1,1,0,0,0,0,167,194,149,189
deterministic-5,second,76,2027086776,2027086776,0,1,1,1,1,0,0,0,0,197,133,199,153
deterministic-5,second,77,2027086777,2027086777,1,1,1,1,1,0,0,0,0,145,126,152,167
deterministic-5,second,78,2027086778,2027086778,0,1,1,1,1,0,0,0,0,163,108,163,157
deterministic-5,second,79,2027086779,2027086779,1,1,1,1,0,0,0,0,0,136,196,209,180
deterministic-5,second,80,2027086780,2027086780,0,0,0,0,0,0,0,0,0,144,159,137,142
deterministic-5,second,81,2027086781,2027086781,1,1,1,1,1,0,0,0,0,145,173,200,199
deterministic-5,second,82,2027086782,2027086782,0,1,1,0,1,0,0,0,0,234,175,184,198
deterministic-5,second,83,2027086783,2027086783,1,1,1,1,1,0,0,0,0,176,156,176,169
deterministic-5,second,84,2027086784,2027086784,0,1,1,1,1,0,0,0,0,171,158,155,154
deterministic-5,second,85,2027086785,2027086785,1,1,1,1,1,0,0,0,0,157,144,135,141
deterministic-5,second,86,2027086786,2027086786,0,1,1,1,1,0,0,0,0,166,142,167,170
deterministic-5,second,87,2027086787,2027086787,1,1,1,1,1,0,0,0,0,119,122,138,118
deterministic-5,second,88,2027086788,2027086788,0,0,0,0,1,0,0,0,0,158,167,158,191
deterministic-5,second,89,2027086789,2027086789,1,1,1,1,1,0,0,0,0,164,203,170,171
deterministic-5,second,90,2027086790,2027086790,0,1,1,1,1,0,0,0,0,161,162,161,176
deterministic-5,second,91,2027086791,2027086791,1,1,1,1,1,0,0,0,0,174,138,194,170
deterministic-5,second,92,2027086792,2027086792,0,1,1,1,1,0,0,0,0,174,180,175,193
deterministic-5,second,93,2027086793,2027086793,1,1,1,1,1,0,0,0,0,126,152,129,129
deterministic-5,second,94,2027086794,2027086794,0,1,1,1,1,0,0,0,0,167,214,187,131
deterministic-5,second,95,2027086795,2027086795,1,1,1,1,1,0,0,0,0,159,151,154,163
deterministic-5,second,96,2027086796,2027086796,0,1,1,1,1,0,0,0,0,165,192,167,169
deterministic-5,second,97,2027086797,2027086797,1,1,1,1,1,0,0,0,0,166,164,154,135
deterministic-5,second,98,2027086798,2027086798,0,1,1,1,1,0,0,0,0,154,142,158,148
deterministic-5,second,99,2027086799,2027086799,1,1,1,1,1,0,0,0,0,140,174,140,145
deterministic-5,second,100,2027086800,2027086800,0,1,1,1,1,0,0,0,0,163,131,165,131
deterministic-5,second,101,2027086801,2027086801,1,1,0,1,1,0,0,0,0,143,149,143,166
deterministic-5,second,102,2027086802,2027086802,0,1,1,1,1,0,0,0,0,124,160,124,144
deterministic-5,second,103,2027086803,2027086803,1,1,1,1,1,0,0,0,0,139,133,139,151
deterministic-5,second,104,2027086804,2027086804,0,1,1,1,1,0,0,0,0,144,146,139,176
deterministic-5,second,105,2027086805,2027086805,1,1,1,1,1,0,0,0,0,45,38,45,198
deterministic-5,second,106,2027086806,2027086806,0,0,0,0,0,0,0,0,0,138,133,139,133
deterministic-5,second,107,2027086807,2027086807,1,0,1,0,1,0,0,0,0,116,172,116,174
deterministic-5,second,108,2027086808,2027086808,0,1,1,1,1,0,0,0,0,186,180,186,211
deterministic-5,second,109,2027086809,2027086809,1,1,1,1,1,0,0,0,0,164,201,173,172
deterministic-5,second,110,2027086810,2027086810,0,1,1,1,1,0,0,0,0,154,154,155,162
deterministic-5,second,111,2027086811,2027086811,1,1,0,1,1,0,0,0,0,181,178,190,199
deterministic-5,second,112,2027086812,2027086812,0,1,1,1,1,0,0,0,0,168,202,147,170
deterministic-5,second,113,2027086813,2027086813,1,1,1,1,1,0,0,0,0,168,152,144,150
deterministic-5,second,114,2027086814,2027086814,0,1,0,1,1,0,0,0,0,172,184,171,125
deterministic-5,second,115,2027086815,2027086815,1,1,0,1,1,0,0,0,0,205,149,205,190
deterministic-5,second,116,2027086816,2027086816,0,0,1,0,1,0,0,0,0,149,160,149,108
deterministic-5,second,117,2027086817,2027086817,1,1,1,1,1,0,0,0,0,121,120,124,189
deterministic-5,second,118,2027086818,2027086818,0,0,1,0,1,0,0,0,0,145,145,145,144
deterministic-5,second,119,2027086819,2027086819,1,1,1,1,1,0,0,0,0,185,177,127,190
deterministic-5,second,120,2027086820,2027086820,0,1,1,1,1,0,0,0,0,142,195,139,164
deterministic-5,second,121,2027086821,2027086821,1,1,1,1,1,0,0,0,0,138,187,138,174
deterministic-5,second,122,2027086822,2027086822,0,1,1,1,1,0,0,0,0,169,165,166,141
deterministic-5,second,123,2027086823,2027086823,1,1,1,1,1,0,0,0,0,166,164,166,143
deterministic-5,second,124,2027086824,2027086824,0,1,1,1,1,0,0,0,0,170,188,170,152
deterministic-5,second,125,2027086825,2027086825,1,1,1,1,1,0,0,0,0,170,146,171,148
deterministic-5,second,126,2027086826,2027086826,0,1,1,1,1,0,0,0,0,130,139,146,171
deterministic-5,second,127,2027086827,2027086827,1,1,0,0,1,0,0,0,0,200,167,155,183
deterministic-5,second,128,2027086828,2027086828,0,1,1,1,1,0,0,0,0,143,186,152,207
deterministic-5,second,129,2027086829,2027086829,1,0,0,0,0,0,0,0,0,74,74,74,74
deterministic-5,second,130,2027086830,2027086830,0,0,1,0,1,0,0,0,0,162,174,162,161
deterministic-5,second,131,2027086831,2027086831,1,1,1,1,1,0,0,0,0,181,173,173,147
deterministic-5,second,132,2027086832,2027086832,0,1,1,1,1,0,0,0,0,124,126,127,127
deterministic-5,second,133,2027086833,2027086833,1,0,1,0,1,0,0,0,0,161,167,161,146
deterministic-5,second,134,2027086834,2027086834,0,1,1,1,1,0,0,0,0,149,133,149,160
deterministic-5,second,135,2027086835,2027086835,1,1,1,1,1,0,0,0,0,187,175,191,202
deterministic-5,second,136,2027086836,2027086836,0,1,1,1,1,0,0,0,0,198,115,194,162
deterministic-5,second,137,2027086837,2027086837,1,1,1,0,1,0,0,0,0,141,168,193,139
deterministic-5,second,138,2027086838,2027086838,0,1,1,1,1,0,0,0,0,174,187,194,177
deterministic-5,second,139,2027086839,2027086839,1,1,1,1,1,0,0,0,0,123,122,122,132
deterministic-5,second,140,2027086840,2027086840,0,1,1,1,1,0,0,0,0,121,137,125,123
deterministic-5,second,141,2027086841,2027086841,1,1,1,1,1,0,0,0,0,146,150,146,183
deterministic-5,second,142,2027086842,2027086842,0,0,0,1,1,0,0,0,0,177,179,188,183
deterministic-5,second,143,2027086843,2027086843,1,0,0,0,1,0,0,0,0,178,168,177,173
deterministic-5,second,144,2027086844,2027086844,0,1,1,1,1,0,0,0,0,187,209,169,166
deterministic-5,second,145,2027086845,2027086845,1,1,1,1,1,0,0,0,0,167,196,185,177
deterministic-5,second,146,2027086846,2027086846,0,1,1,1,1,0,0,0,0,133,142,172,121
deterministic-5,second,147,2027086847,2027086847,1,1,1,1,1,0,0,0,0,156,156,152,125
deterministic-5,second,148,2027086848,2027086848,0,1,1,1,1,0,0,0,0,173,161,193,173
deterministic-5,second,149,2027086849,2027086849,1,1,1,1,1,0,0,0,0,160,143,159,172
deterministic-5,second,150,2027086850,2027086850,0,0,0,0,0,0,0,0,0,133,133,133,129
deterministic-5,second,151,2027086851,2027086851,1,1,1,1,1,0,0,0,0,121,149,128,159
deterministic-5,second,152,2027086852,2027086852,0,1,1,1,1,0,0,0,0,209,205,209,165
deterministic-5,second,153,2027086853,2027086853,1,0,0,0,0,0,0,0,0,112,112,112,112
deterministic-5,second,154,2027086854,2027086854,0,1,1,1,1,0,0,0,0,141,144,141,171
deterministic-5,second,155,2027086855,2027086855,1,1,1,1,1,0,0,0,0,153,153,153,141
deterministic-5,second,156,2027086856,2027086856,0,1,1,1,1,0,0,0,0,174,137,174,123
deterministic-5,second,157,2027086857,2027086857,1,1,0,1,1,0,0,0,0,195,149,196,192
deterministic-5,second,158,2027086858,2027086858,0,1,0,1,1,0,0,0,0,167,136,138,151
deterministic-5,second,159,2027086859,2027086859,1,1,1,1,1,0,0,0,0,168,186,186,143
deterministic-5,second,160,2027086860,2027086860,0,1,1,1,1,0,0,0,0,179,147,160,147
deterministic-5,second,161,2027086861,2027086861,1,1,1,1,1,0,0,0,0,161,144,161,181
deterministic-5,second,162,2027086862,2027086862,0,1,1,1,1,0,0,0,0,207,179,198,175
deterministic-5,second,163,2027086863,2027086863,1,1,1,1,1,0,0,0,0,174,169,181,191
deterministic-5,second,164,2027086864,2027086864,0,1,1,1,0,0,0,0,0,135,180,141,189
deterministic-5,second,165,2027086865,2027086865,1,1,1,1,1,0,0,0,0,190,200,202,172
deterministic-5,second,166,2027086866,2027086866,0,1,1,1,1,0,0,0,0,167,147,165,141
deterministic-5,second,167,2027086867,2027086867,1,1,1,1,1,0,0,0,0,186,173,139,152
deterministic-5,second,168,2027086868,2027086868,0,1,1,1,1,0,0,0,0,167,126,131,168
deterministic-5,second,169,2027086869,2027086869,1,1,1,1,1,0,0,0,0,150,95,152,176
deterministic-5,second,170,2027086870,2027086870,0,0,1,0,1,0,0,0,0,134,193,144,181
deterministic-5,second,171,2027086871,2027086871,1,1,1,1,1,0,0,0,0,137,174,131,135
deterministic-5,second,172,2027086872,2027086872,0,1,1,1,1,0,0,0,0,134,156,128,125
deterministic-5,second,173,2027086873,2027086873,1,1,1,1,1,0,0,0,0,197,201,197,149
deterministic-5,second,174,2027086874,2027086874,0,1,1,1,1,0,0,0,0,169,155,169,155
deterministic-5,second,175,2027086875,2027086875,1,1,0,1,1,0,0,0,0,200,152,200,175
deterministic-5,second,176,2027086876,2027086876,0,1,1,1,1,0,0,0,0,164,149,144,134
deterministic-5,second,177,2027086877,2027086877,1,1,1,1,1,0,0,0,0,149,137,172,141
deterministic-5,second,178,2027086878,2027086878,0,1,1,1,1,0,0,0,0,151,152,151,143
deterministic-5,second,179,2027086879,2027086879,1,0,0,0,0,0,0,0,0,140,127,158,167
deterministic-5,second,180,2027086880,2027086880,0,1,1,1,1,0,0,0,0,171,150,171,144
deterministic-5,second,181,2027086881,2027086881,1,1,1,1,1,0,0,0,0,132,160,132,159
deterministic-5,second,182,2027086882,2027086882,0,1,1,1,1,0,0,0,0,136,136,136,134
deterministic-5,second,183,2027086883,2027086883,1,1,0,1,1,0,0,0,0,193,134,169,135
deterministic-5,second,184,2027086884,2027086884,0,1,1,1,1,0,0,0,0,132,121,132,121
deterministic-5,second,185,2027086885,2027086885,1,0,0,0,0,0,0,0,0,146,142,146,143
deterministic-5,second,186,2027086886,2027086886,0,0,0,0,1,0,0,0,0,166,231,166,139
deterministic-5,second,187,2027086887,2027086887,1,1,1,1,1,0,0,0,0,188,196,207,157
deterministic-5,second,188,2027086888,2027086888,0,1,1,1,1,0,0,0,0,123,123,87,85
deterministic-5,second,189,2027086889,2027086889,1,1,1,1,1,0,0,0,0,193,153,193,176
deterministic-5,second,190,2027086890,2027086890,0,1,1,1,1,0,0,0,0,209,160,212,205
deterministic-5,second,191,2027086891,2027086891,1,1,1,1,1,0,0,0,0,183,152,181,179
deterministic-5,second,192,2027086892,2027086892,0,1,1,1,0,0,0,0,0,212,132,210,181
deterministic-5,second,193,2027086893,2027086893,1,1,1,1,1,0,0,0,0,178,150,142,141
deterministic-5,second,194,2027086894,2027086894,0,1,1,1,0,0,0,0,0,169,182,169,164
deterministic-5,second,195,2027086895,2027086895,1,1,1,1,1,0,0,0,0,191,165,171,170
deterministic-5,second,196,2027086896,2027086896,0,1,1,1,1,0,0,0,0,146,180,146,160
deterministic-5,second,197,2027086897,2027086897,1,1,1,1,1,0,0,0,0,154,177,154,177
deterministic-5,second,198,2027086898,2027086898,0,1,1,1,1,0,0,0,0,144,188,155,165
deterministic-5,second,199,2027086899,2027086899,1,1,1,1,1,0,0,0,0,190,167,186,143
