arm,context,actual_order,unit_index,scheduled_seed,engine_seed_uint32,physical_seat,repeat_1_trace_sha256,repeat_1_trace_bytes,repeat_1_win,repeat_1_draw,repeat_1_decisions,repeat_1_policy_errors,repeat_2_trace_sha256,repeat_2_trace_bytes,repeat_2_win,repeat_2_draw,repeat_2_decisions,repeat_2_policy_errors,worker_profile_trace_sha256,worker_profile_trace_bytes,worker_profile_win,worker_profile_draw,worker_profile_decisions,worker_profile_policy_errors,trace_digest_identical,trace_bytes_identical,outcome_identical,error_identical,decision_count_identical,unit_identical
C1,deterministic-1,first,0,2026072700,2026072700,0,61fcc4db482b317a65dd5fc3d6220fbdcbfc2405ff22813f383e1552b5a5d5f2,32161,0,0,201,0,61fcc4db482b317a65dd5fc3d6220fbdcbfc2405ff22813f383e1552b5a5d5f2,32161,0,0,201,0,61fcc4db482b317a65dd5fc3d6220fbdcbfc2405ff22813f383e1552b5a5d5f2,32161,0,0,201,0,1,1,1,1,1,1
C1,deterministic-1,first,1,2026072701,2026072701,1,1afd24d4b5ba5f12cd439bebe60db6d588cf6020a30184b2ecbfa02db3b12816,47494,0,0,298,0,1afd24d4b5ba5f12cd439bebe60db6d588cf6020a30184b2ecbfa02db3b12816,47494,0,0,298,0,1afd24d4b5ba5f12cd439bebe60db6d588cf6020a30184b2ecbfa02db3b12816,47494,0,0,298,0,1,1,1,1,1,1
C1,deterministic-1,first,2,2026072702,2026072702,0,a901584747d1c3c0bea1f5aedb4aec65d8dc2472d080819b51cc3d333fedc2bd,33914,1,0,213,0,a901584747d1c3c0bea1f5aedb4aec65d8dc2472d080819b51cc3d333fedc2bd,33914,1,0,213,0,a901584747d1c3c0bea1f5aedb4aec65d8dc2472d080819b51cc3d333fedc2bd,33914,1,0,213,0,1,1,1,1,1,1
C1,deterministic-1,first,3,2026072703,2026072703,1,f9a2820d11c03209ca4e9c13008a8bbf9a589419ec536ab3638e5ca4b601a6d9,30957,0,0,194,0,f9a2820d11c03209ca4e9c13008a8bbf9a589419ec536ab3638e5ca4b601a6d9,30957,0,0,194,0,f9a2820d11c03209ca4e9c13008a8bbf9a589419ec536ab3638e5ca4b601a6d9,30957,0,0,194,0,1,1,1,1,1,1
C1,deterministic-1,first,4,2026072704,2026072704,0,c99d2d4637ee6a212e3cabef0377b34f0e7b93feb3728601b3463399d3d57ae7,32894,1,0,207,0,c99d2d4637ee6a212e3cabef0377b34f0e7b93feb3728601b3463399d3d57ae7,32894,1,0,207,0,c99d2d4637ee6a212e3cabef0377b34f0e7b93feb3728601b3463399d3d57ae7,32894,1,0,207,0,1,1,1,1,1,1
C1,deterministic-1,first,5,2026072705,2026072705,1,d61e6c06c742b37ab078cd7ade0232d2b15628348b9477562f94d418add4f0bc,33780,1,0,212,0,d61e6c06c742b37ab078cd7ade0232d2b15628348b9477562f94d418add4f0bc,33780,1,0,212,0,d61e6c06c742b37ab078cd7ade0232d2b15628348b9477562f94d418add4f0bc,33780,1,0,212,0,1,1,1,1,1,1
C1,deterministic-1,first,6,2026072706,2026072706,0,5066470d83d4aba25ded44e9fb7538f3a2af009d074591d403f9823824ef2ef7,33440,1,0,210,0,5066470d83d4aba25ded44e9fb7538f3a2af009d074591d403f9823824ef2ef7,33440,1,0,210,0,5066470d83d4aba25ded44e9fb7538f3a2af009d074591d403f9823824ef2ef7,33440,1,0,210,0,1,1,1,1,1,1
C1,deterministic-1,first,7,2026072707,2026072707,1,0f533da1e5bdb379828781a35d1ba0a02b08ac6525a446ef1c8716c43655d977,31119,0,0,195,0,0f533da1e5bdb379828781a35d1ba0a02b08ac6525a446ef1c8716c43655d977,31119,0,0,195,0,0f533da1e5bdb379828781a35d1ba0a02b08ac6525a446ef1c8716c43655d977,31119,0,0,195,0,1,1,1,1,1,1
C1,deterministic-1,first,8,2026072708,2026072708,0,0cd601a159727a9588dc1012e50ad603ffcc1e674e30873a4f5ef670bfce8ca0,31516,1,0,198,0,0cd601a159727a9588dc1012e50ad603ffcc1e674e30873a4f5ef670bfce8ca0,31516,1,0,198,0,0cd601a159727a9588dc1012e50ad603ffcc1e674e30873a4f5ef670bfce8ca0,31516,1,0,198,0,1,1,1,1,1,1
C1,deterministic-1,first,9,2026072709,2026072709,1,8e93ad9dc22419bc065853858f1f0d8e11148fb114e94e3e45ecd50acb0f5c21,30923,1,0,194,0,8e93ad9dc22419bc065853858f1f0d8e11148fb114e94e3e45ecd50acb0f5c21,30923,1,0,194,0,8e93ad9dc22419bc065853858f1f0d8e11148fb114e94e3e45ecd50acb0f5c21,30923,1,0,194,0,1,1,1,1,1,1
C1,deterministic-1,first,10,2026072710,2026072710,0,9aafb1445d351c8ad25cf4d2de1cb1df9a2e25115864f91a33f4ae712d225445,29428,0,0,184,0,9aafb1445d351c8ad25cf4d2de1cb1df9a2e25115864f91a33f4ae712d225445,29428,0,0,184,0,9aafb1445d351c8ad25cf4d2de1cb1df9a2e25115864f91a33f4ae712d225445,29428,0,0,184,0,1,1,1,1,1,1
C1,deterministic-1,first,11,2026072711,2026072711,1,745fb3e68cad6f198421a370be0fedf3751f570be2ec44871f5d87c066547a7b,27127,1,0,170,0,745fb3e68cad6f198421a370be0fedf3751f570be2ec44871f5d87c066547a7b,27127,1,0,170,0,745fb3e68cad6f198421a370be0fedf3751f570be2ec44871f5d87c066547a7b,27127,1,0,170,0,1,1,1,1,1,1
C1,deterministic-1,first,12,2026072712,2026072712,0,22340836fa6b45f716e5df6f94652fcc7871e06c8a70da7f8e09e8201b960ab0,29840,1,0,187,0,22340836fa6b45f716e5df6f94652fcc7871e06c8a70da7f8e09e8201b960ab0,29840,1,0,187,0,22340836fa6b45f716e5df6f94652fcc7871e06c8a70da7f8e09e8201b960ab0,29840,1,0,187,0,1,1,1,1,1,1
C1,deterministic-1,first,13,2026072713,2026072713,1,c08317152fd0571eb647fa75200d7a2a09de7d6b7149e4806eaf275818870c0a,28629,1,0,180,0,c08317152fd0571eb647fa75200d7a2a09de7d6b7149e4806eaf275818870c0a,28629,1,0,180,0,c08317152fd0571eb647fa75200d7a2a09de7d6b7149e4806eaf275818870c0a,28629,1,0,180,0,1,1,1,1,1,1
C1,deterministic-1,first,14,2026072714,2026072714,0,c4207adf0f222437b07f3291ca9bd520e4192f9d5f22af5a2c0c6c51fed25b1c,30760,1,0,193,0,c4207adf0f222437b07f3291ca9bd520e4192f9d5f22af5a2c0c6c51fed25b1c,30760,1,0,193,0,c4207adf0f222437b07f3291ca9bd520e4192f9d5f22af5a2c0c6c51fed25b1c,30760,1,0,193,0,1,1,1,1,1,1
C1,deterministic-1,first,15,2026072715,2026072715,1,ce97ff83c13ee814221bf9fb9e869e3a357dd6a7de139f609278c72d68dce870,32795,1,0,206,0,ce97ff83c13ee814221bf9fb9e869e3a357dd6a7de139f609278c72d68dce870,32795,1,0,206,0,ce97ff83c13ee814221bf9fb9e869e3a357dd6a7de139f609278c72d68dce870,32795,1,0,206,0,1,1,1,1,1,1
C1,deterministic-1,first,16,2026072716,2026072716,0,0422d9f352990d04e4a6062330e8cac8eecaa0bfcb6a6595aef46ab0c661e612,26618,1,0,167,0,0422d9f352990d04e4a6062330e8cac8eecaa0bfcb6a6595aef46ab0c661e612,26618,1,0,167,0,0422d9f352990d04e4a6062330e8cac8eecaa0bfcb6a6595aef46ab0c661e612,26618,1,0,167,0,1,1,1,1,1,1
C1,deterministic-1,first,17,2026072717,2026072717,1,a173245570af2e3775c067c2caa3f80f5fd1b3d8aed2c775d19d4d17a1dd2e81,28646,0,0,179,0,a173245570af2e3775c067c2caa3f80f5fd1b3d8aed2c775d19d4d17a1dd2e81,28646,0,0,179,0,a173245570af2e3775c067c2caa3f80f5fd1b3d8aed2c775d19d4d17a1dd2e81,28646,0,0,179,0,1,1,1,1,1,1
C1,deterministic-1,first,18,2026072718,2026072718,0,e31d818178de1bf11256c8259dc85ad98381757ef92bb82240676600dc89fc34,29421,1,0,184,0,e31d818178de1bf11256c8259dc85ad98381757ef92bb82240676600dc89fc34,29421,1,0,184,0,e31d818178de1bf11256c8259dc85ad98381757ef92bb82240676600dc89fc34,29421,1,0,184,0,1,1,1,1,1,1
C1,deterministic-1,first,19,2026072719,2026072719,1,a5ead7d3a27f9fcf238dc869fc2bd72ee9de6a33734918127d0c7536b5ebc6f7,32114,1,0,201,0,a5ead7d3a27f9fcf238dc869fc2bd72ee9de6a33734918127d0c7536b5ebc6f7,32114,1,0,201,0,a5ead7d3a27f9fcf238dc869fc2bd72ee9de6a33734918127d0c7536b5ebc6f7,32114,1,0,201,0,1,1,1,1,1,1
C1,deterministic-1,first,20,2026072720,2026072720,0,09bc79f095f60ced78ffc4cf1bd2cf01c7d97c84af0c63a4dd36b22bbf0bd3b2,32629,0,0,204,0,09bc79f095f60ced78ffc4cf1bd2cf01c7d97c84af0c63a4dd36b22bbf0bd3b2,32629,0,0,204,0,09bc79f095f60ced78ffc4cf1bd2cf01c7d97c84af0c63a4dd36b22bbf0bd3b2,32629,0,0,204,0,1,1,1,1,1,1
C1,deterministic-1,first,21,2026072721,2026072721,1,1a379d58d634678c324572bacbea5d7f53c41c5afa20d788c8970b4386a6935a,26355,0,0,165,0,1a379d58d634678c324572bacbea5d7f53c41c5afa20d788c8970b4386a6935a,26355,0,0,165,0,1a379d58d634678c324572bacbea5d7f53c41c5afa20d788c8970b4386a6935a,26355,0,0,165,0,1,1,1,1,1,1
C1,deterministic-1,first,22,2026072722,2026072722,0,d6bf089b12bbc6c125d765381e1bcc609d7e4c9fb9b4cbed9d02171ca64b5914,23288,1,0,146,0,d6bf089b12bbc6c125d765381e1bcc609d7e4c9fb9b4cbed9d02171ca64b5914,23288,1,0,146,0,d6bf089b12bbc6c125d765381e1bcc609d7e4c9fb9b4cbed9d02171ca64b5914,23288,1,0,146,0,1,1,1,1,1,1
C1,deterministic-1,first,23,2026072723,2026072723,1,89e725eb646d14a5f7b2d32308ba1d1e6007801f45d73dc6fc02e360b7f6f585,32679,1,0,205,0,89e725eb646d14a5f7b2d32308ba1d1e6007801f45d73dc6fc02e360b7f6f585,32679,1,0,205,0,89e725eb646d14a5f7b2d32308ba1d1e6007801f45d73dc6fc02e360b7f6f585,32679,1,0,205,0,1,1,1,1,1,1
C1,deterministic-1,first,24,2026072724,2026072724,0,0209aa296c690e84da941126716747787d55519bbc59c7054160077b4867a6ee,32836,1,0,206,0,0209aa296c690e84da941126716747787d55519bbc59c7054160077b4867a6ee,32836,1,0,206,0,0209aa296c690e84da941126716747787d55519bbc59c7054160077b4867a6ee,32836,1,0,206,0,1,1,1,1,1,1
C1,deterministic-1,second,0,2027072700,2027072700,0,d67962b8c200a573d94917ec0775c3ad56044cf54b4e017d1c7e35cc54796104,27602,1,0,173,0,d67962b8c200a573d94917ec0775c3ad56044cf54b4e017d1c7e35cc54796104,27602,1,0,173,0,d67962b8c200a573d94917ec0775c3ad56044cf54b4e017d1c7e35cc54796104,27602,1,0,173,0,1,1,1,1,1,1
C1,deterministic-1,second,1,2027072701,2027072701,1,9f6336656c99a891524564b0bce6e10684e435d78fbd169f06741f99b4f858fd,27660,0,0,173,0,9f6336656c99a891524564b0bce6e10684e435d78fbd169f06741f99b4f858fd,27660,0,0,173,0,9f6336656c99a891524564b0bce6e10684e435d78fbd169f06741f99b4f858fd,27660,0,0,173,0,1,1,1,1,1,1
C1,deterministic-1,second,2,2027072702,2027072702,0,61708de8e2ee08f38725d70ac350f6db73fe1032b7f3049cfc276211da19d945,35399,0,0,222,0,61708de8e2ee08f38725d70ac350f6db73fe1032b7f3049cfc276211da19d945,35399,0,0,222,0,61708de8e2ee08f38725d70ac350f6db73fe1032b7f3049cfc276211da19d945,35399,0,0,222,0,1,1,1,1,1,1
C1,deterministic-1,second,3,2027072703,2027072703,1,6bb916d0aa58442d031610931a0713f2b570799b5b1941035955e23f317436a6,30131,0,0,189,0,6bb916d0aa58442d031610931a0713f2b570799b5b1941035955e23f317436a6,30131,0,0,189,0,6bb916d0aa58442d031610931a0713f2b570799b5b1941035955e23f317436a6,30131,0,0,189,0,1,1,1,1,1,1
C1,deterministic-1,second,4,2027072704,2027072704,0,b85ea86f01a5f97fbaa731313ae07f5dc8383b7c3b513b0f77b871db55ce8850,30227,1,0,190,0,b85ea86f01a5f97fbaa731313ae07f5dc8383b7c3b513b0f77b871db55ce8850,30227,1,0,190,0,b85ea86f01a5f97fbaa731313ae07f5dc8383b7c3b513b0f77b871db55ce8850,30227,1,0,190,0,1,1,1,1,1,1
C1,deterministic-1,second,5,2027072705,2027072705,1,cb8ccf50ee92a379f6cedbf46fd9d184eedae82caa848defb57da224b9fa9b62,36664,0,0,230,0,cb8ccf50ee92a379f6cedbf46fd9d184eedae82caa848defb57da224b9fa9b62,36664,0,0,230,0,cb8ccf50ee92a379f6cedbf46fd9d184eedae82caa848defb57da224b9fa9b62,36664,0,0,230,0,1,1,1,1,1,1
C1,deterministic-1,second,6,2027072706,2027072706,0,c668180a3650dc290523d10b84bdfe5914a2b37bf432de4dfef393a384754ab5,28740,1,0,180,0,c668180a3650dc290523d10b84bdfe5914a2b37bf432de4dfef393a384754ab5,28740,1,0,180,0,c668180a3650dc290523d10b84bdfe5914a2b37bf432de4dfef393a384754ab5,28740,1,0,180,0,1,1,1,1,1,1
C1,deterministic-1,second,7,2027072707,2027072707,1,1e46f082c5a7e0f370a533a0c6d7409a157b97c93fcd6cbc41c880a8b1bb6b03,31858,1,0,200,0,1e46f082c5a7e0f370a533a0c6d7409a157b97c93fcd6cbc41c880a8b1bb6b03,31858,1,0,200,0,1e46f082c5a7e0f370a533a0c6d7409a157b97c93fcd6cbc41c880a8b1bb6b03,31858,1,0,200,0,1,1,1,1,1,1
C1,deterministic-1,second,8,2027072708,2027072708,0,ce7d34f2a9301a9e73a53fa19e4335f9ce5b16bb62b63554eb71f6de0e91aa24,22269,0,0,139,0,ce7d34f2a9301a9e73a53fa19e4335f9ce5b16bb62b63554eb71f6de0e91aa24,22269,0,0,139,0,ce7d34f2a9301a9e73a53fa19e4335f9ce5b16bb62b63554eb71f6de0e91aa24,22269,0,0,139,0,1,1,1,1,1,1
C1,deterministic-1,second,9,2027072709,2027072709,1,6c2ebe3df1aeed46c8922b8ff8e4f4c8a1e64863549743f91d06efa7390d2089,32012,0,0,201,0,6c2ebe3df1aeed46c8922b8ff8e4f4c8a1e64863549743f91d06efa7390d2089,32012,0,0,201,0,6c2ebe3df1aeed46c8922b8ff8e4f4c8a1e64863549743f91d06efa7390d2089,32012,0,0,201,0,1,1,1,1,1,1
C1,deterministic-1,second,10,2027072710,2027072710,0,e7104565e3b152647f8dde44855c8bb701d62c632b14d1193cbef30e6316074a,38074,0,0,239,0,e7104565e3b152647f8dde44855c8bb701d62c632b14d1193cbef30e6316074a,38074,0,0,239,0,e7104565e3b152647f8dde44855c8bb701d62c632b14d1193cbef30e6316074a,38074,0,0,239,0,1,1,1,1,1,1
C1,deterministic-1,second,11,2027072711,2027072711,1,75799d16001b473a5d64b68530ab04b3a0e3f9f1b354a7e0693e94934e6fe753,30631,0,0,192,0,75799d16001b473a5d64b68530ab04b3a0e3f9f1b354a7e0693e94934e6fe753,30631,0,0,192,0,75799d16001b473a5d64b68530ab04b3a0e3f9f1b354a7e0693e94934e6fe753,30631,0,0,192,0,1,1,1,1,1,1
C1,deterministic-1,second,12,2027072712,2027072712,0,db4a94b28eb313747a76d0c7c2a857dcf7e2e5fdce15d117d72ce339453919d6,31663,1,0,199,0,db4a94b28eb313747a76d0c7c2a857dcf7e2e5fdce15d117d72ce339453919d6,31663,1,0,199,0,db4a94b28eb313747a76d0c7c2a857dcf7e2e5fdce15d117d72ce339453919d6,31663,1,0,199,0,1,1,1,1,1,1
C1,deterministic-1,second,13,2027072713,2027072713,1,81060b25fb4065abe736251b209e5b769531088e2ec943bb91d260524df8f5ab,30097,1,0,189,0,81060b25fb4065abe736251b209e5b769531088e2ec943bb91d260524df8f5ab,30097,1,0,189,0,81060b25fb4065abe736251b209e5b769531088e2ec943bb91d260524df8f5ab,30097,1,0,189,0,1,1,1,1,1,1
C1,deterministic-1,second,14,2027072714,2027072714,0,aa9fbd5ed3f915814914a274aa10f1573fdcd4f8e20951839ed6bc09b577eb0f,36702,0,0,230,0,aa9fbd5ed3f915814914a274aa10f1573fdcd4f8e20951839ed6bc09b577eb0f,36702,0,0,230,0,aa9fbd5ed3f915814914a274aa10f1573fdcd4f8e20951839ed6bc09b577eb0f,36702,0,0,230,0,1,1,1,1,1,1
C1,deterministic-1,second,15,2027072715,2027072715,1,9dbbf0a53be3885e2f291e03a505efdf995904d47462cca155c362ee2a8d65ee,28915,0,0,181,0,9dbbf0a53be3885e2f291e03a505efdf995904d47462cca155c362ee2a8d65ee,28915,0,0,181,0,9dbbf0a53be3885e2f291e03a505efdf995904d47462cca155c362ee2a8d65ee,28915,0,0,181,0,1,1,1,1,1,1
C1,deterministic-1,second,16,2027072716,2027072716,0,c8bb05c6ff3933ab8436a61cfd3dde8c8a9f93a3970e5fa9ada18f6b5632ff65,28518,1,0,179,0,c8bb05c6ff3933ab8436a61cfd3dde8c8a9f93a3970e5fa9ada18f6b5632ff65,28518,1,0,179,0,c8bb05c6ff3933ab8436a61cfd3dde8c8a9f93a3970e5fa9ada18f6b5632ff65,28518,1,0,179,0,1,1,1,1,1,1
C1,deterministic-1,second,17,2027072717,2027072717,1,991ad5f80408d93bbfba933b0cf3660cba7e7ff7c17f3d01236450733e646056,31484,1,0,198,0,991ad5f80408d93bbfba933b0cf3660cba7e7ff7c17f3d01236450733e646056,31484,1,0,198,0,991ad5f80408d93bbfba933b0cf3660cba7e7ff7c17f3d01236450733e646056,31484,1,0,198,0,1,1,1,1,1,1
C1,deterministic-1,second,18,2027072718,2027072718,0,d6f30eb8cc32ec740f2201763c63e0f55e46b4f6d555cd32cbc7160a59a526ad,32392,0,0,203,0,d6f30eb8cc32ec740f2201763c63e0f55e46b4f6d555cd32cbc7160a59a526ad,32392,0,0,203,0,d6f30eb8cc32ec740f2201763c63e0f55e46b4f6d555cd32cbc7160a59a526ad,32392,0,0,203,0,1,1,1,1,1,1
C1,deterministic-1,second,19,2027072719,2027072719,1,ea16c2d1b37718a20ea85cfa5408cde24ff642d1cf14d8d3e5c844ab674b23a2,32239,0,0,202,0,ea16c2d1b37718a20ea85cfa5408cde24ff642d1cf14d8d3e5c844ab674b23a2,32239,0,0,202,0,ea16c2d1b37718a20ea85cfa5408cde24ff642d1cf14d8d3e5c844ab674b23a2,32239,0,0,202,0,1,1,1,1,1,1
C1,deterministic-1,second,20,2027072720,2027072720,0,fff9d9451dd367dc7f43f80d2c0f26506ecffd09c6516b6fd66961c179730776,28995,1,0,182,0,fff9d9451dd367dc7f43f80d2c0f26506ecffd09c6516b6fd66961c179730776,28995,1,0,182,0,fff9d9451dd367dc7f43f80d2c0f26506ecffd09c6516b6fd66961c179730776,28995,1,0,182,0,1,1,1,1,1,1
C1,deterministic-1,second,21,2027072721,2027072721,1,896d6ea9d9d2935f54899bd56235aa16c68b5263e95e726b9d196a8041a39d89,27953,0,0,175,0,896d6ea9d9d2935f54899bd56235aa16c68b5263e95e726b9d196a8041a39d89,27953,0,0,175,0,896d6ea9d9d2935f54899bd56235aa16c68b5263e95e726b9d196a8041a39d89,27953,0,0,175,0,1,1,1,1,1,1
C1,deterministic-1,second,22,2027072722,2027072722,0,0b4b3e642bfff8edf488079426841e602b3458976e278f2080be6233754cd489,37287,0,0,234,0,0b4b3e642bfff8edf488079426841e602b3458976e278f2080be6233754cd489,37287,0,0,234,0,0b4b3e642bfff8edf488079426841e602b3458976e278f2080be6233754cd489,37287,0,0,234,0,1,1,1,1,1,1
C1,deterministic-1,second,23,2027072723,2027072723,1,76be3a9419fe99d943ba8961c640ce5090aef77f7c74f85e878d98584697421f,27825,0,0,174,0,76be3a9419fe99d943ba8961c640ce5090aef77f7c74f85e878d98584697421f,27825,0,0,174,0,76be3a9419fe99d943ba8961c640ce5090aef77f7c74f85e878d98584697421f,27825,0,0,174,0,1,1,1,1,1,1
C1,deterministic-1,second,24,2027072724,2027072724,0,3253fd6fce3f0e79d8dc455608e9e1215e6ab9915d4d8f984c1ae94b9c0dbfba,34229,1,0,215,0,3253fd6fce3f0e79d8dc455608e9e1215e6ab9915d4d8f984c1ae94b9c0dbfba,34229,1,0,215,0,3253fd6fce3f0e79d8dc455608e9e1215e6ab9915d4d8f984c1ae94b9c0dbfba,34229,1,0,215,0,1,1,1,1,1,1
C1,deterministic-2,first,0,2026073700,2026073700,0,7e70a1af33e53fc1f354a563d20915745c330ab967649db53c93de4f89cf5c41,26362,0,0,165,0,7e70a1af33e53fc1f354a563d20915745c330ab967649db53c93de4f89cf5c41,26362,0,0,165,0,7e70a1af33e53fc1f354a563d20915745c330ab967649db53c93de4f89cf5c41,26362,0,0,165,0,1,1,1,1,1,1
C1,deterministic-2,first,1,2026073701,2026073701,1,d91115a82c36a7496efa8147bf90542ec469ea39a0b620935e95d252f0b7ac11,37003,0,0,232,0,d91115a82c36a7496efa8147bf90542ec469ea39a0b620935e95d252f0b7ac11,37003,0,0,232,0,d91115a82c36a7496efa8147bf90542ec469ea39a0b620935e95d252f0b7ac11,37003,0,0,232,0,1,1,1,1,1,1
C1,deterministic-2,first,2,2026073702,2026073702,0,621457fb7a6483cd6e92a96a9097078964c17717137ddb5e994155c9224f6fb1,39055,1,0,245,0,621457fb7a6483cd6e92a96a9097078964c17717137ddb5e994155c9224f6fb1,39055,1,0,245,0,621457fb7a6483cd6e92a96a9097078964c17717137ddb5e994155c9224f6fb1,39055,1,0,245,0,1,1,1,1,1,1
C1,deterministic-2,first,3,2026073703,2026073703,1,fb206fbde7855df0aaa80ea4aeef548bf84ad99bed5e6e13725738cbbaf52558,25483,1,0,160,0,fb206fbde7855df0aaa80ea4aeef548bf84ad99bed5e6e13725738cbbaf52558,25483,1,0,160,0,fb206fbde7855df0aaa80ea4aeef548bf84ad99bed5e6e13725738cbbaf52558,25483,1,0,160,0,1,1,1,1,1,1
C1,deterministic-2,first,4,2026073704,2026073704,0,49912d1228fe87ab4d0fe246709cb33450dd7d224d47d47bad16fbab02f5eb16,30846,1,0,194,0,49912d1228fe87ab4d0fe246709cb33450dd7d224d47d47bad16fbab02f5eb16,30846,1,0,194,0,49912d1228fe87ab4d0fe246709cb33450dd7d224d47d47bad16fbab02f5eb16,30846,1,0,194,0,1,1,1,1,1,1
C1,deterministic-2,first,5,2026073705,2026073705,1,134edb21410b0dbeb5c00cc5c4e47029b62330ae0d2b70d3909852cd0288c6ae,26565,0,0,166,0,134edb21410b0dbeb5c00cc5c4e47029b62330ae0d2b70d3909852cd0288c6ae,26565,0,0,166,0,134edb21410b0dbeb5c00cc5c4e47029b62330ae0d2b70d3909852cd0288c6ae,26565,0,0,166,0,1,1,1,1,1,1
C1,deterministic-2,first,6,2026073706,2026073706,0,4df8ee17fd35e4051dc9b6a1d1bcfd61ff28c40ee62ed51188a325624f73ad52,27665,1,0,174,0,4df8ee17fd35e4051dc9b6a1d1bcfd61ff28c40ee62ed51188a325624f73ad52,27665,1,0,174,0,4df8ee17fd35e4051dc9b6a1d1bcfd61ff28c40ee62ed51188a325624f73ad52,27665,1,0,174,0,1,1,1,1,1,1
C1,deterministic-2,first,7,2026073707,2026073707,1,5459f65ff6641f72da1c6ec3f36c31c6f21dbe6c6134a7a39be072a8a0bdf902,21669,1,0,136,0,5459f65ff6641f72da1c6ec3f36c31c6f21dbe6c6134a7a39be072a8a0bdf902,21669,1,0,136,0,5459f65ff6641f72da1c6ec3f36c31c6f21dbe6c6134a7a39be072a8a0bdf902,21669,1,0,136,0,1,1,1,1,1,1
C1,deterministic-2,first,8,2026073708,2026073708,0,18083ce75ce859b3703ed8d38702d9c5adffac7971c3ae1b903abb2fabc8f952,32845,0,0,206,0,18083ce75ce859b3703ed8d38702d9c5adffac7971c3ae1b903abb2fabc8f952,32845,0,0,206,0,18083ce75ce859b3703ed8d38702d9c5adffac7971c3ae1b903abb2fabc8f952,32845,0,0,206,0,1,1,1,1,1,1
C1,deterministic-2,first,9,2026073709,2026073709,1,f24cda4cab37d6a09ded2ae9bb7b33d3c1651c4a756b3f9562c374a7cb3b8e94,36160,0,0,227,0,f24cda4cab37d6a09ded2ae9bb7b33d3c1651c4a756b3f9562c374a7cb3b8e94,36160,0,0,227,0,f24cda4cab37d6a09ded2ae9bb7b33d3c1651c4a756b3f9562c374a7cb3b8e94,36160,0,0,227,0,1,1,1,1,1,1
C1,deterministic-2,first,10,2026073710,2026073710,0,09f09ae41f332852234dff5bc233264775231f8c57d30900713f107c538a3c17,34479,0,0,216,0,09f09ae41f332852234dff5bc233264775231f8c57d30900713f107c538a3c17,34479,0,0,216,0,09f09ae41f332852234dff5bc233264775231f8c57d30900713f107c538a3c17,34479,0,0,216,0,1,1,1,1,1,1
C1,deterministic-2,first,11,2026073711,2026073711,1,ff93b694593dded897bc882ad00e7622e3c7aae9b1a05637584de81b8e2a26e2,30975,0,0,194,0,ff93b694593dded897bc882ad00e7622e3c7aae9b1a05637584de81b8e2a26e2,30975,0,0,194,0,ff93b694593dded897bc882ad00e7622e3c7aae9b1a05637584de81b8e2a26e2,30975,0,0,194,0,1,1,1,1,1,1
C1,deterministic-2,first,12,2026073712,2026073712,0,7777999021ee9e6b801cb7787861476e2c7799238a0382bdc09708b916ef7b82,32701,0,0,205,0,7777999021ee9e6b801cb7787861476e2c7799238a0382bdc09708b916ef7b82,32701,0,0,205,0,7777999021ee9e6b801cb7787861476e2c7799238a0382bdc09708b916ef7b82,32701,0,0,205,0,1,1,1,1,1,1
C1,deterministic-2,first,13,2026073713,2026073713,1,499bee0ac9038999e74390701384a5b21a351b9d2b42acaeafbdc737cd566f5c,27734,1,0,174,0,499bee0ac9038999e74390701384a5b21a351b9d2b42acaeafbdc737cd566f5c,27734,1,0,174,0,499bee0ac9038999e74390701384a5b21a351b9d2b42acaeafbdc737cd566f5c,27734,1,0,174,0,1,1,1,1,1,1
C1,deterministic-2,first,14,2026073714,2026073714,0,1d0396cea6e3e828452b9206bd3a1042fde59f711901a30c515960cf90605413,31057,1,0,195,0,1d0396cea6e3e828452b9206bd3a1042fde59f711901a30c515960cf90605413,31057,1,0,195,0,1d0396cea6e3e828452b9206bd3a1042fde59f711901a30c515960cf90605413,31057,1,0,195,0,1,1,1,1,1,1
C1,deterministic-2,first,15,2026073715,2026073715,1,819b317c1a31e05672996e3125e54f0d7fc5367be55f6120d03265f1c02eb1b8,30609,0,0,192,0,819b317c1a31e05672996e3125e54f0d7fc5367be55f6120d03265f1c02eb1b8,30609,0,0,192,0,819b317c1a31e05672996e3125e54f0d7fc5367be55f6120d03265f1c02eb1b8,30609,0,0,192,0,1,1,1,1,1,1
C1,deterministic-2,first,16,2026073716,2026073716,0,abe1dd0a63c26271740b74a7e03b40ee4231f98ce35b31b46a69dc113121adeb,35497,1,0,223,0,abe1dd0a63c26271740b74a7e03b40ee4231f98ce35b31b46a69dc113121adeb,35497,1,0,223,0,abe1dd0a63c26271740b74a7e03b40ee4231f98ce35b31b46a69dc113121adeb,35497,1,0,223,0,1,1,1,1,1,1
C1,deterministic-2,first,17,2026073717,2026073717,1,f0ce8ed26a84d350ee9e26e0713e0baede2c96f34e8ed562714f556e2b8ebe31,23207,0,0,145,0,f0ce8ed26a84d350ee9e26e0713e0baede2c96f34e8ed562714f556e2b8ebe31,23207,0,0,145,0,f0ce8ed26a84d350ee9e26e0713e0baede2c96f34e8ed562714f556e2b8ebe31,23207,0,0,145,0,1,1,1,1,1,1
C1,deterministic-2,first,18,2026073718,2026073718,0,848857675503f7eabab33e2c2949f88a4b1ae07c369642585f5c0a56cf016e07,27834,0,0,174,0,848857675503f7eabab33e2c2949f88a4b1ae07c369642585f5c0a56cf016e07,27834,0,0,174,0,848857675503f7eabab33e2c2949f88a4b1ae07c369642585f5c0a56cf016e07,27834,0,0,174,0,1,1,1,1,1,1
C1,deterministic-2,first,19,2026073719,2026073719,1,bb0a5209570c688fb023a1d23fc8d22cc8cd727ea2eeddd47c95dff14cab0058,35829,1,0,225,0,bb0a5209570c688fb023a1d23fc8d22cc8cd727ea2eeddd47c95dff14cab0058,35829,1,0,225,0,bb0a5209570c688fb023a1d23fc8d22cc8cd727ea2eeddd47c95dff14cab0058,35829,1,0,225,0,1,1,1,1,1,1
C1,deterministic-2,first,20,2026073720,2026073720,0,238578e5a2eb23b6693c45477b6d757311ccab5063e1bc25f438b26d75998bbc,29400,0,0,184,0,238578e5a2eb23b6693c45477b6d757311ccab5063e1bc25f438b26d75998bbc,29400,0,0,184,0,238578e5a2eb23b6693c45477b6d757311ccab5063e1bc25f438b26d75998bbc,29400,0,0,184,0,1,1,1,1,1,1
C1,deterministic-2,first,21,2026073721,2026073721,1,90bfcc4c065780cd137ddc186cef68775e4a27694a6241a8c3ba19a0f312165f,33132,1,0,208,0,90bfcc4c065780cd137ddc186cef68775e4a27694a6241a8c3ba19a0f312165f,33132,1,0,208,0,90bfcc4c065780cd137ddc186cef68775e4a27694a6241a8c3ba19a0f312165f,33132,1,0,208,0,1,1,1,1,1,1
C1,deterministic-2,first,22,2026073722,2026073722,0,844dab8d8e1aa61f8c9f535fefde2c26dd48a964036d1aba7bb4ec6f0309a091,40506,0,0,254,0,844dab8d8e1aa61f8c9f535fefde2c26dd48a964036d1aba7bb4ec6f0309a091,40506,0,0,254,0,844dab8d8e1aa61f8c9f535fefde2c26dd48a964036d1aba7bb4ec6f0309a091,40506,0,0,254,0,1,1,1,1,1,1
C1,deterministic-2,first,23,2026073723,2026073723,1,7c376d4222055f1147e5a84e0d152adf7575a7dbbd96bd91f4ddaff0af9d2de1,28805,1,0,181,0,7c376d4222055f1147e5a84e0d152adf7575a7dbbd96bd91f4ddaff0af9d2de1,28805,1,0,181,0,7c376d4222055f1147e5a84e0d152adf7575a7dbbd96bd91f4ddaff0af9d2de1,28805,1,0,181,0,1,1,1,1,1,1
C1,deterministic-2,first,24,2026073724,2026073724,0,0444ef8420ecffb02b58e0ab08c2aef68aa51c117adb9e991e1ecb849ead7a1f,32703,0,0,205,0,0444ef8420ecffb02b58e0ab08c2aef68aa51c117adb9e991e1ecb849ead7a1f,32703,0,0,205,0,0444ef8420ecffb02b58e0ab08c2aef68aa51c117adb9e991e1ecb849ead7a1f,32703,0,0,205,0,1,1,1,1,1,1
C1,deterministic-2,second,0,2027073700,2027073700,0,c7318005ea8641a745c63e1f48a636c5458bd7e4ebc8b1f9784acb20614a1282,31688,1,0,199,0,c7318005ea8641a745c63e1f48a636c5458bd7e4ebc8b1f9784acb20614a1282,31688,1,0,199,0,c7318005ea8641a745c63e1f48a636c5458bd7e4ebc8b1f9784acb20614a1282,31688,1,0,199,0,1,1,1,1,1,1
C1,deterministic-2,second,1,2027073701,2027073701,1,6697bf805548cf781b4ab8ae9b9ba1109c4dafe7c95f0b3e04a0b86e74420ac7,32195,1,0,202,0,6697bf805548cf781b4ab8ae9b9ba1109c4dafe7c95f0b3e04a0b86e74420ac7,32195,1,0,202,0,6697bf805548cf781b4ab8ae9b9ba1109c4dafe7c95f0b3e04a0b86e74420ac7,32195,1,0,202,0,1,1,1,1,1,1
C1,deterministic-2,second,2,2027073702,2027073702,0,6c33ccce8e3a76aded79075b9d7bd2a7d205799e1a0f7176a83e1425801d2ed1,26564,0,0,166,0,6c33ccce8e3a76aded79075b9d7bd2a7d205799e1a0f7176a83e1425801d2ed1,26564,0,0,166,0,6c33ccce8e3a76aded79075b9d7bd2a7d205799e1a0f7176a83e1425801d2ed1,26564,0,0,166,0,1,1,1,1,1,1
C1,deterministic-2,second,3,2027073703,2027073703,1,e73199b3539a18a74336e3ec8c744383a8d8a75de992b5d646c44ef8003f0094,29792,1,0,187,0,e73199b3539a18a74336e3ec8c744383a8d8a75de992b5d646c44ef8003f0094,29792,1,0,187,0,e73199b3539a18a74336e3ec8c744383a8d8a75de992b5d646c44ef8003f0094,29792,1,0,187,0,1,1,1,1,1,1
C1,deterministic-2,second,4,2027073704,2027073704,0,6cbbde57c9f8268202ae51453fc5451dde091a624175c05fa814a9796348db28,29991,1,0,188,0,6cbbde57c9f8268202ae51453fc5451dde091a624175c05fa814a9796348db28,29991,1,0,188,0,6cbbde57c9f8268202ae51453fc5451dde091a624175c05fa814a9796348db28,29991,1,0,188,0,1,1,1,1,1,1
C1,deterministic-2,second,5,2027073705,2027073705,1,c1a91a1e58d470531abad82683d1bcc86a3e99ef7d3266e77d3b5d8f307531e8,29044,0,0,182,0,c1a91a1e58d470531abad82683d1bcc86a3e99ef7d3266e77d3b5d8f307531e8,29044,0,0,182,0,c1a91a1e58d470531abad82683d1bcc86a3e99ef7d3266e77d3b5d8f307531e8,29044,0,0,182,0,1,1,1,1,1,1
C1,deterministic-2,second,6,2027073706,2027073706,0,be10e31ed8f624783fc297e80a09c917d73644e4521672f0961fa84fb2658459,31929,1,0,200,0,be10e31ed8f624783fc297e80a09c917d73644e4521672f0961fa84fb2658459,31929,1,0,200,0,be10e31ed8f624783fc297e80a09c917d73644e4521672f0961fa84fb2658459,31929,1,0,200,0,1,1,1,1,1,1
C1,deterministic-2,second,7,2027073707,2027073707,1,1e3833f9214854792e7fb6fc143a4f076a679b5ba765569de273acb049a2713f,39190,0,0,246,0,1e3833f9214854792e7fb6fc143a4f076a679b5ba765569de273acb049a2713f,39190,0,0,246,0,1e3833f9214854792e7fb6fc143a4f076a679b5ba765569de273acb049a2713f,39190,0,0,246,0,1,1,1,1,1,1
C1,deterministic-2,second,8,2027073708,2027073708,0,ee1d1b50d8898e130edc49e1ce847c9b8833a5f70000ee7687ee998f1fb57f52,38783,0,0,243,0,ee1d1b50d8898e130edc49e1ce847c9b8833a5f70000ee7687ee998f1fb57f52,38783,0,0,243,0,ee1d1b50d8898e130edc49e1ce847c9b8833a5f70000ee7687ee998f1fb57f52,38783,0,0,243,0,1,1,1,1,1,1
C1,deterministic-2,second,9,2027073709,2027073709,1,061a1dd737545de4f791e200bb19803a0f3658b40fb54a4e330820f732598b8f,28833,1,0,181,0,061a1dd737545de4f791e200bb19803a0f3658b40fb54a4e330820f732598b8f,28833,1,0,181,0,061a1dd737545de4f791e200bb19803a0f3658b40fb54a4e330820f732598b8f,28833,1,0,181,0,1,1,1,1,1,1
C1,deterministic-2,second,10,2027073710,2027073710,0,c9270bb595570dba0715efe8843a163184ef755f092b76f9521d63152e0cacd9,32328,1,0,203,0,c9270bb595570dba0715efe8843a163184ef755f092b76f9521d63152e0cacd9,32328,1,0,203,0,c9270bb595570dba0715efe8843a163184ef755f092b76f9521d63152e0cacd9,32328,1,0,203,0,1,1,1,1,1,1
C1,deterministic-2,second,11,2027073711,2027073711,1,8d5b9a6aa688491848bb6d0d897bfffb5347c833dd984df09f343c7ea0f84c3d,24769,0,0,155,0,8d5b9a6aa688491848bb6d0d897bfffb5347c833dd984df09f343c7ea0f84c3d,24769,0,0,155,0,8d5b9a6aa688491848bb6d0d897bfffb5347c833dd984df09f343c7ea0f84c3d,24769,0,0,155,0,1,1,1,1,1,1
C1,deterministic-2,second,12,2027073712,2027073712,0,d2738a5fa2f2bf36926d5323aaa2acc226479f014d4f493846d34d504da4fbbf,27596,1,0,173,0,d2738a5fa2f2bf36926d5323aaa2acc226479f014d4f493846d34d504da4fbbf,27596,1,0,173,0,d2738a5fa2f2bf36926d5323aaa2acc226479f014d4f493846d34d504da4fbbf,27596,1,0,173,0,1,1,1,1,1,1
C1,deterministic-2,second,13,2027073713,2027073713,1,176365eaf0f389b0075de73b90c60f72c8718852a724a6cb537269334d89eec1,32511,1,0,204,0,176365eaf0f389b0075de73b90c60f72c8718852a724a6cb537269334d89eec1,32511,1,0,204,0,176365eaf0f389b0075de73b90c60f72c8718852a724a6cb537269334d89eec1,32511,1,0,204,0,1,1,1,1,1,1
C1,deterministic-2,second,14,2027073714,2027073714,0,8937e66a4b906f04ea7b3046bb8bb5d007242f1193f38b7b6a69141680618f18,29030,1,0,182,0,8937e66a4b906f04ea7b3046bb8bb5d007242f1193f38b7b6a69141680618f18,29030,1,0,182,0,8937e66a4b906f04ea7b3046bb8bb5d007242f1193f38b7b6a69141680618f18,29030,1,0,182,0,1,1,1,1,1,1
C1,deterministic-2,second,15,2027073715,2027073715,1,e19b5a1173e4c3f84a29fcc47f083d67cf6c5e4d7e15d6b835d3129496797a2e,32923,0,0,206,0,e19b5a1173e4c3f84a29fcc47f083d67cf6c5e4d7e15d6b835d3129496797a2e,32923,0,0,206,0,e19b5a1173e4c3f84a29fcc47f083d67cf6c5e4d7e15d6b835d3129496797a2e,32923,0,0,206,0,1,1,1,1,1,1
C1,deterministic-2,second,16,2027073716,2027073716,0,ce719aca61fa6079b865db78c87f0087bd5429714dc7326222ed698427eb5c36,29641,1,0,186,0,ce719aca61fa6079b865db78c87f0087bd5429714dc7326222ed698427eb5c36,29641,1,0,186,0,ce719aca61fa6079b865db78c87f0087bd5429714dc7326222ed698427eb5c36,29641,1,0,186,0,1,1,1,1,1,1
C1,deterministic-2,second,17,2027073717,2027073717,1,19603755f5222c81ff5b418e9e9a654ed320a8c7d194dd360bea5f10829dcd37,37513,0,0,235,0,19603755f5222c81ff5b418e9e9a654ed320a8c7d194dd360bea5f10829dcd37,37513,0,0,235,0,19603755f5222c81ff5b418e9e9a654ed320a8c7d194dd360bea5f10829dcd37,37513,0,0,235,0,1,1,1,1,1,1
C1,deterministic-2,second,18,2027073718,2027073718,0,d8de7f5bd81d632c82a7dc619eeb900d5e994dc0cfa8058e4701e4bbb3b9a4ea,31141,0,0,195,0,d8de7f5bd81d632c82a7dc619eeb900d5e994dc0cfa8058e4701e4bbb3b9a4ea,31141,0,0,195,0,d8de7f5bd81d632c82a7dc619eeb900d5e994dc0cfa8058e4701e4bbb3b9a4ea,31141,0,0,195,0,1,1,1,1,1,1
C1,deterministic-2,second,19,2027073719,2027073719,1,580e4b7eea78f23966b1a7fa8f18bdafe0ba618c2ce9157b004e3ffba3759f49,29802,1,0,187,0,580e4b7eea78f23966b1a7fa8f18bdafe0ba618c2ce9157b004e3ffba3759f49,29802,1,0,187,0,580e4b7eea78f23966b1a7fa8f18bdafe0ba618c2ce9157b004e3ffba3759f49,29802,1,0,187,0,1,1,1,1,1,1
C1,deterministic-2,second,20,2027073720,2027073720,0,4fa0c39bde912ca7b482c3f9f9fd93c37b7dad5e00b317f669696a5f4826a9e0,29941,1,0,188,0,4fa0c39bde912ca7b482c3f9f9fd93c37b7dad5e00b317f669696a5f4826a9e0,29941,1,0,188,0,4fa0c39bde912ca7b482c3f9f9fd93c37b7dad5e00b317f669696a5f4826a9e0,29941,1,0,188,0,1,1,1,1,1,1
C1,deterministic-2,second,21,2027073721,2027073721,1,61a06c261dba2bd6a3f647903519f63c8394a7d04922a40fcfb27a97e6647d44,37383,0,0,234,0,61a06c261dba2bd6a3f647903519f63c8394a7d04922a40fcfb27a97e6647d44,37383,0,0,234,0,61a06c261dba2bd6a3f647903519f63c8394a7d04922a40fcfb27a97e6647d44,37383,0,0,234,0,1,1,1,1,1,1
C1,deterministic-2,second,22,2027073722,2027073722,0,fc476343a7721103815abd8d95d34423e9deca5a31a9b2c56962fb8d0de632f0,30956,0,0,194,0,fc476343a7721103815abd8d95d34423e9deca5a31a9b2c56962fb8d0de632f0,30956,0,0,194,0,fc476343a7721103815abd8d95d34423e9deca5a31a9b2c56962fb8d0de632f0,30956,0,0,194,0,1,1,1,1,1,1
C1,deterministic-2,second,23,2027073723,2027073723,1,c93b35df20bc0001b02e0f289e686f3b47b406b9b951d4c00e6b73a440346a24,33422,1,0,210,0,c93b35df20bc0001b02e0f289e686f3b47b406b9b951d4c00e6b73a440346a24,33422,1,0,210,0,c93b35df20bc0001b02e0f289e686f3b47b406b9b951d4c00e6b73a440346a24,33422,1,0,210,0,1,1,1,1,1,1
C1,deterministic-2,second,24,2027073724,2027073724,0,af6bec99132beaebef6c56347e42395662a6726962df12dcb335e8af19146cae,29098,0,0,182,0,af6bec99132beaebef6c56347e42395662a6726962df12dcb335e8af19146cae,29098,0,0,182,0,af6bec99132beaebef6c56347e42395662a6726962df12dcb335e8af19146cae,29098,0,0,182,0,1,1,1,1,1,1
C1,deterministic-3,first,0,2026074700,2026074700,0,d9262d0d2c470ba311c3707fd8d3bb239f7a6bd5943981193e83501455b735dc,27458,0,0,172,0,d9262d0d2c470ba311c3707fd8d3bb239f7a6bd5943981193e83501455b735dc,27458,0,0,172,0,d9262d0d2c470ba311c3707fd8d3bb239f7a6bd5943981193e83501455b735dc,27458,0,0,172,0,1,1,1,1,1,1
C1,deterministic-3,first,1,2026074701,2026074701,1,3b072bf8c6da2559e16bd30d76bf7d3a66ca1f1dd69a28b264f3bb6ccc7ee875,26322,0,0,165,0,3b072bf8c6da2559e16bd30d76bf7d3a66ca1f1dd69a28b264f3bb6ccc7ee875,26322,0,0,165,0,3b072bf8c6da2559e16bd30d76bf7d3a66ca1f1dd69a28b264f3bb6ccc7ee875,26322,0,0,165,0,1,1,1,1,1,1
C1,deterministic-3,first,2,2026074702,2026074702,0,338b5bb9e39aba491cb43e6283218a2d9453153322595a93431757e916935247,35793,1,0,225,0,338b5bb9e39aba491cb43e6283218a2d9453153322595a93431757e916935247,35793,1,0,225,0,338b5bb9e39aba491cb43e6283218a2d9453153322595a93431757e916935247,35793,1,0,225,0,1,1,1,1,1,1
C1,deterministic-3,first,3,2026074703,2026074703,1,6500020d43412074b9f9e50887d1d0548680435651728ca3f9e7991bf0284aaf,33924,1,0,213,0,6500020d43412074b9f9e50887d1d0548680435651728ca3f9e7991bf0284aaf,33924,1,0,213,0,6500020d43412074b9f9e50887d1d0548680435651728ca3f9e7991bf0284aaf,33924,1,0,213,0,1,1,1,1,1,1
C1,deterministic-3,first,4,2026074704,2026074704,0,1ed46786725533b11dd60fad73701e3ee6f3c97caa7575688fa7f66da0612eba,33406,1,0,210,0,1ed46786725533b11dd60fad73701e3ee6f3c97caa7575688fa7f66da0612eba,33406,1,0,210,0,1ed46786725533b11dd60fad73701e3ee6f3c97caa7575688fa7f66da0612eba,33406,1,0,210,0,1,1,1,1,1,1
C1,deterministic-3,first,5,2026074705,2026074705,1,c73172739369b981e747780e3caa9c2fbd019e3b22175bc6be49bfe9d86761b5,30928,1,0,194,0,c73172739369b981e747780e3caa9c2fbd019e3b22175bc6be49bfe9d86761b5,30928,1,0,194,0,c73172739369b981e747780e3caa9c2fbd019e3b22175bc6be49bfe9d86761b5,30928,1,0,194,0,1,1,1,1,1,1
C1,deterministic-3,first,6,2026074706,2026074706,0,d28abe397d149f1a709da6c5ecdcd6230d5f425960e0b298a0b33d248b84f89e,31819,1,0,200,0,d28abe397d149f1a709da6c5ecdcd6230d5f425960e0b298a0b33d248b84f89e,31819,1,0,200,0,d28abe397d149f1a709da6c5ecdcd6230d5f425960e0b298a0b33d248b84f89e,31819,1,0,200,0,1,1,1,1,1,1
C1,deterministic-3,first,7,2026074707,2026074707,1,6202e1bbca96600dad4967cb8b60d041a66f0f9db6160a588755c75e7b6610b8,36289,1,0,228,0,6202e1bbca96600dad4967cb8b60d041a66f0f9db6160a588755c75e7b6610b8,36289,1,0,228,0,6202e1bbca96600dad4967cb8b60d041a66f0f9db6160a588755c75e7b6610b8,36289,1,0,228,0,1,1,1,1,1,1
C1,deterministic-3,first,8,2026074708,2026074708,0,52ee7a007e8774cede2a74a373599856a37555a452261a4db72c5c88859cc64a,35545,0,0,223,0,52ee7a007e8774cede2a74a373599856a37555a452261a4db72c5c88859cc64a,35545,0,0,223,0,52ee7a007e8774cede2a74a373599856a37555a452261a4db72c5c88859cc64a,35545,0,0,223,0,1,1,1,1,1,1
C1,deterministic-3,first,9,2026074709,2026074709,1,d6942c4eca62a357b7f88b9372569088e797f97cf1176b6f8da8192136c4a67a,27882,1,0,175,0,d6942c4eca62a357b7f88b9372569088e797f97cf1176b6f8da8192136c4a67a,27882,1,0,175,0,d6942c4eca62a357b7f88b9372569088e797f97cf1176b6f8da8192136c4a67a,27882,1,0,175,0,1,1,1,1,1,1
C1,deterministic-3,first,10,2026074710,2026074710,0,3d9d52d51916278c648b7dd14ada8f10e27d6f824ec63f53a69c8796bca7fb58,30598,1,0,192,0,3d9d52d51916278c648b7dd14ada8f10e27d6f824ec63f53a69c8796bca7fb58,30598,1,0,192,0,3d9d52d51916278c648b7dd14ada8f10e27d6f824ec63f53a69c8796bca7fb58,30598,1,0,192,0,1,1,1,1,1,1
C1,deterministic-3,first,11,2026074711,2026074711,1,d9c06bb8e87f97ba2ed5cbf5488156e121de292f28a94c9058dbefe2df5141df,32774,1,0,206,0,d9c06bb8e87f97ba2ed5cbf5488156e121de292f28a94c9058dbefe2df5141df,32774,1,0,206,0,d9c06bb8e87f97ba2ed5cbf5488156e121de292f28a94c9058dbefe2df5141df,32774,1,0,206,0,1,1,1,1,1,1
C1,deterministic-3,first,12,2026074712,2026074712,0,6cdab96c71d1694993afa1efee0dd9fc63742cc4b0079573e04ddc2f92bd75b0,20835,0,0,130,0,6cdab96c71d1694993afa1efee0dd9fc63742cc4b0079573e04ddc2f92bd75b0,20835,0,0,130,0,6cdab96c71d1694993afa1efee0dd9fc63742cc4b0079573e04ddc2f92bd75b0,20835,0,0,130,0,1,1,1,1,1,1
C1,deterministic-3,first,13,2026074713,2026074713,1,15c53c1c7a6032336d593c790b976f63339ea92310705003a64c7a500b1e9f2a,31625,0,0,198,0,15c53c1c7a6032336d593c790b976f63339ea92310705003a64c7a500b1e9f2a,31625,0,0,198,0,15c53c1c7a6032336d593c790b976f63339ea92310705003a64c7a500b1e9f2a,31625,0,0,198,0,1,1,1,1,1,1
C1,deterministic-3,first,14,2026074714,2026074714,0,09256a6763edea0856e8174c54b0e2b51d298e8771d133903da9b15048326fb3,34261,1,0,215,0,09256a6763edea0856e8174c54b0e2b51d298e8771d133903da9b15048326fb3,34261,1,0,215,0,09256a6763edea0856e8174c54b0e2b51d298e8771d133903da9b15048326fb3,34261,1,0,215,0,1,1,1,1,1,1
C1,deterministic-3,first,15,2026074715,2026074715,1,d54c9d1bdb916853608eb1190fde2e5455da3fe17811dbf3a95e6eae0f5ef4c7,32022,1,0,201,0,d54c9d1bdb916853608eb1190fde2e5455da3fe17811dbf3a95e6eae0f5ef4c7,32022,1,0,201,0,d54c9d1bdb916853608eb1190fde2e5455da3fe17811dbf3a95e6eae0f5ef4c7,32022,1,0,201,0,1,1,1,1,1,1
C1,deterministic-3,first,16,2026074716,2026074716,0,9ee247859f7df34fbbd8ddf84582f73127a6c19197836b36b7b3e8112d624e43,38104,0,0,239,0,9ee247859f7df34fbbd8ddf84582f73127a6c19197836b36b7b3e8112d624e43,38104,0,0,239,0,9ee247859f7df34fbbd8ddf84582f73127a6c19197836b36b7b3e8112d624e43,38104,0,0,239,0,1,1,1,1,1,1
C1,deterministic-3,first,17,2026074717,2026074717,1,8f7325918a2a92a7622cc0268521a4e7cc85a63395d0c3614248f39fb0239c6e,25233,0,0,158,0,8f7325918a2a92a7622cc0268521a4e7cc85a63395d0c3614248f39fb0239c6e,25233,0,0,158,0,8f7325918a2a92a7622cc0268521a4e7cc85a63395d0c3614248f39fb0239c6e,25233,0,0,158,0,1,1,1,1,1,1
C1,deterministic-3,first,18,2026074718,2026074718,0,7bd59fc5c1a1a92445fd370db02c241a889d9a852df17e0bcd31a856852d5e4d,29642,0,0,186,0,7bd59fc5c1a1a92445fd370db02c241a889d9a852df17e0bcd31a856852d5e4d,29642,0,0,186,0,7bd59fc5c1a1a92445fd370db02c241a889d9a852df17e0bcd31a856852d5e4d,29642,0,0,186,0,1,1,1,1,1,1
C1,deterministic-3,first,19,2026074719,2026074719,1,01903b359a357e551a57f423313caf8074c2c1c36e81350203b7e838fb5112ff,38862,0,0,244,0,01903b359a357e551a57f423313caf8074c2c1c36e81350203b7e838fb5112ff,38862,0,0,244,0,01903b359a357e551a57f423313caf8074c2c1c36e81350203b7e838fb5112ff,38862,0,0,244,0,1,1,1,1,1,1
C1,deterministic-3,first,20,2026074720,2026074720,0,6ce3a92822b471a60340e60b3143f770cc573c9788fcbb84ba12d83ca2d93716,31041,1,0,195,0,6ce3a92822b471a60340e60b3143f770cc573c9788fcbb84ba12d83ca2d93716,31041,1,0,195,0,6ce3a92822b471a60340e60b3143f770cc573c9788fcbb84ba12d83ca2d93716,31041,1,0,195,0,1,1,1,1,1,1
C1,deterministic-3,first,21,2026074721,2026074721,1,d425d133f711370442348ea8575d5dc7313692da1c7ded6c0dc4f7b0863546cc,21344,1,0,134,0,d425d133f711370442348ea8575d5dc7313692da1c7ded6c0dc4f7b0863546cc,21344,1,0,134,0,d425d133f711370442348ea8575d5dc7313692da1c7ded6c0dc4f7b0863546cc,21344,1,0,134,0,1,1,1,1,1,1
C1,deterministic-3,first,22,2026074722,2026074722,0,9544ce551a6780263a6bbb878a671dc0576a1319ed7bf616b1bbe980536e5a1c,33158,1,0,208,0,9544ce551a6780263a6bbb878a671dc0576a1319ed7bf616b1bbe980536e5a1c,33158,1,0,208,0,9544ce551a6780263a6bbb878a671dc0576a1319ed7bf616b1bbe980536e5a1c,33158,1,0,208,0,1,1,1,1,1,1
C1,deterministic-3,first,23,2026074723,2026074723,1,7d2db1f86a02f73a9befa10962ce727be756f0fa1bdd0cc0d7af57819556ebd6,41210,0,0,258,0,7d2db1f86a02f73a9befa10962ce727be756f0fa1bdd0cc0d7af57819556ebd6,41210,0,0,258,0,7d2db1f86a02f73a9befa10962ce727be756f0fa1bdd0cc0d7af57819556ebd6,41210,0,0,258,0,1,1,1,1,1,1
C1,deterministic-3,first,24,2026074724,2026074724,0,f1097474a3bbe6a16dc81e162a275e4c6fbdbcff77adfcf1785b5f88a9a8309c,32672,1,0,205,0,f1097474a3bbe6a16dc81e162a275e4c6fbdbcff77adfcf1785b5f88a9a8309c,32672,1,0,205,0,f1097474a3bbe6a16dc81e162a275e4c6fbdbcff77adfcf1785b5f88a9a8309c,32672,1,0,205,0,1,1,1,1,1,1
C1,deterministic-3,second,0,2027074700,2027074700,0,447329618e5c4dc9ac3d59152069747544942479f4feed0056706ef73b66ec0d,22359,0,0,140,0,447329618e5c4dc9ac3d59152069747544942479f4feed0056706ef73b66ec0d,22359,0,0,140,0,447329618e5c4dc9ac3d59152069747544942479f4feed0056706ef73b66ec0d,22359,0,0,140,0,1,1,1,1,1,1
C1,deterministic-3,second,1,2027074701,2027074701,1,db1f072ce24c2736e3220659cb1fc177342f0c2d4983739437a1e884d58c9a78,35297,0,0,221,0,db1f072ce24c2736e3220659cb1fc177342f0c2d4983739437a1e884d58c9a78,35297,0,0,221,0,db1f072ce24c2736e3220659cb1fc177342f0c2d4983739437a1e884d58c9a78,35297,0,0,221,0,1,1,1,1,1,1
C1,deterministic-3,second,2,2027074702,2027074702,0,b54c72692b3566ff9670b1a41a401be4593f2c5fc37adaaff55b84c9ceb946d5,29061,0,0,182,0,b54c72692b3566ff9670b1a41a401be4593f2c5fc37adaaff55b84c9ceb946d5,29061,0,0,182,0,b54c72692b3566ff9670b1a41a401be4593f2c5fc37adaaff55b84c9ceb946d5,29061,0,0,182,0,1,1,1,1,1,1
C1,deterministic-3,second,3,2027074703,2027074703,1,18ee6e3edd05adb008def387a193f4fec570a3f6cca4678e0661600057d3df06,34563,1,0,217,0,18ee6e3edd05adb008def387a193f4fec570a3f6cca4678e0661600057d3df06,34563,1,0,217,0,18ee6e3edd05adb008def387a193f4fec570a3f6cca4678e0661600057d3df06,34563,1,0,217,0,1,1,1,1,1,1
C1,deterministic-3,second,4,2027074704,2027074704,0,2de8c16bfe380a19d7248cc6696232bb1cacb180abf2ed4e756f76a64f936df6,25470,1,0,160,0,2de8c16bfe380a19d7248cc6696232bb1cacb180abf2ed4e756f76a64f936df6,25470,1,0,160,0,2de8c16bfe380a19d7248cc6696232bb1cacb180abf2ed4e756f76a64f936df6,25470,1,0,160,0,1,1,1,1,1,1
C1,deterministic-3,second,5,2027074705,2027074705,1,c170adb842cad3842f6210b67206d6d2f2838422f4e1701ca01c8dae7a97c71f,22648,0,0,142,0,c170adb842cad3842f6210b67206d6d2f2838422f4e1701ca01c8dae7a97c71f,22648,0,0,142,0,c170adb842cad3842f6210b67206d6d2f2838422f4e1701ca01c8dae7a97c71f,22648,0,0,142,0,1,1,1,1,1,1
C1,deterministic-3,second,6,2027074706,2027074706,0,75eb529eaddd46f2f419babb57650ff16e46a04d986766e84aaebfed6bd78bac,41595,0,0,261,0,75eb529eaddd46f2f419babb57650ff16e46a04d986766e84aaebfed6bd78bac,41595,0,0,261,0,75eb529eaddd46f2f419babb57650ff16e46a04d986766e84aaebfed6bd78bac,41595,0,0,261,0,1,1,1,1,1,1
C1,deterministic-3,second,7,2027074707,2027074707,1,e9fcea670e9de847684ca4501d9302b6bc707834b75d0cd549dbe245a4bd7e55,30930,0,0,194,0,e9fcea670e9de847684ca4501d9302b6bc707834b75d0cd549dbe245a4bd7e55,30930,0,0,194,0,e9fcea670e9de847684ca4501d9302b6bc707834b75d0cd549dbe245a4bd7e55,30930,0,0,194,0,1,1,1,1,1,1
C1,deterministic-3,second,8,2027074708,2027074708,0,6ed0283e39655d378795f97c789e4cc939a2a9792f4f0112c74c9b885412b6a2,35708,0,0,224,0,6ed0283e39655d378795f97c789e4cc939a2a9792f4f0112c74c9b885412b6a2,35708,0,0,224,0,6ed0283e39655d378795f97c789e4cc939a2a9792f4f0112c74c9b885412b6a2,35708,0,0,224,0,1,1,1,1,1,1
C1,deterministic-3,second,9,2027074709,2027074709,1,5428e0f96d4bc3c74177e304ba0a0cd64d5abdf43d0c7cb2c7461ae4ffb718c0,29226,0,0,183,0,5428e0f96d4bc3c74177e304ba0a0cd64d5abdf43d0c7cb2c7461ae4ffb718c0,29226,0,0,183,0,5428e0f96d4bc3c74177e304ba0a0cd64d5abdf43d0c7cb2c7461ae4ffb718c0,29226,0,0,183,0,1,1,1,1,1,1
C1,deterministic-3,second,10,2027074710,2027074710,0,057b96dd79c8166c1a9ce2077d5fb6a3f9d006328e431692d9e0d323d8cadd7f,24197,1,0,152,0,057b96dd79c8166c1a9ce2077d5fb6a3f9d006328e431692d9e0d323d8cadd7f,24197,1,0,152,0,057b96dd79c8166c1a9ce2077d5fb6a3f9d006328e431692d9e0d323d8cadd7f,24197,1,0,152,0,1,1,1,1,1,1
C1,deterministic-3,second,11,2027074711,2027074711,1,18454fde4aff45d1b4cb51f2bdf66c67d97e42e574c76a4dab9d598dbe757c0c,27421,0,0,172,0,18454fde4aff45d1b4cb51f2bdf66c67d97e42e574c76a4dab9d598dbe757c0c,27421,0,0,172,0,18454fde4aff45d1b4cb51f2bdf66c67d97e42e574c76a4dab9d598dbe757c0c,27421,0,0,172,0,1,1,1,1,1,1
C1,deterministic-3,second,12,2027074712,2027074712,0,60b107cce9d36e9f6da30ed92539b39433fa6000d0a9859c23a604d6075454c4,36120,1,0,227,0,60b107cce9d36e9f6da30ed92539b39433fa6000d0a9859c23a604d6075454c4,36120,1,0,227,0,60b107cce9d36e9f6da30ed92539b39433fa6000d0a9859c23a604d6075454c4,36120,1,0,227,0,1,1,1,1,1,1
C1,deterministic-3,second,13,2027074713,2027074713,1,6a3f7b17601c51774fd382966f2f1f84d5a04ab80f854d9efa0a2e560949f4b4,28226,1,0,177,0,6a3f7b17601c51774fd382966f2f1f84d5a04ab80f854d9efa0a2e560949f4b4,28226,1,0,177,0,6a3f7b17601c51774fd382966f2f1f84d5a04ab80f854d9efa0a2e560949f4b4,28226,1,0,177,0,1,1,1,1,1,1
C1,deterministic-3,second,14,2027074714,2027074714,0,f629c258c8fcbd65542b628f2e87603825e397d14e96c9cd1ab787eadd31ba6f,23255,1,0,146,0,f629c258c8fcbd65542b628f2e87603825e397d14e96c9cd1ab787eadd31ba6f,23255,1,0,146,0,f629c258c8fcbd65542b628f2e87603825e397d14e96c9cd1ab787eadd31ba6f,23255,1,0,146,0,1,1,1,1,1,1
C1,deterministic-3,second,15,2027074715,2027074715,1,a2f32e7efd72d83073c2e5ca050aaa044ad5f3f7fbc75ff1f1450f01b100e0de,40405,1,0,254,0,a2f32e7efd72d83073c2e5ca050aaa044ad5f3f7fbc75ff1f1450f01b100e0de,40405,1,0,254,0,a2f32e7efd72d83073c2e5ca050aaa044ad5f3f7fbc75ff1f1450f01b100e0de,40405,1,0,254,0,1,1,1,1,1,1
C1,deterministic-3,second,16,2027074716,2027074716,0,54a02cf16e62e094b69d4940bafc0950eee56d2f7db2a82b43365673a9ef4b9a,26745,1,0,168,0,54a02cf16e62e094b69d4940bafc0950eee56d2f7db2a82b43365673a9ef4b9a,26745,1,0,168,0,54a02cf16e62e094b69d4940bafc0950eee56d2f7db2a82b43365673a9ef4b9a,26745,1,0,168,0,1,1,1,1,1,1
C1,deterministic-3,second,17,2027074717,2027074717,1,18908a6a2d22091a52186895473c9b091ed328c820d4749e604b06e99111f08b,30027,0,0,188,0,18908a6a2d22091a52186895473c9b091ed328c820d4749e604b06e99111f08b,30027,0,0,188,0,18908a6a2d22091a52186895473c9b091ed328c820d4749e604b06e99111f08b,30027,0,0,188,0,1,1,1,1,1,1
C1,deterministic-3,second,18,2027074718,2027074718,0,1b4ce19a393d581e943cd061b614ce3902d0619bc783f5cbc3d314c2c902ce4b,33476,1,0,210,0,1b4ce19a393d581e943cd061b614ce3902d0619bc783f5cbc3d314c2c902ce4b,33476,1,0,210,0,1b4ce19a393d581e943cd061b614ce3902d0619bc783f5cbc3d314c2c902ce4b,33476,1,0,210,0,1,1,1,1,1,1
C1,deterministic-3,second,19,2027074719,2027074719,1,d9bb4c068a4a06b606107de73870febc44ac8eaf7be5402ed6a63331478bc4b5,30453,1,0,191,0,d9bb4c068a4a06b606107de73870febc44ac8eaf7be5402ed6a63331478bc4b5,30453,1,0,191,0,d9bb4c068a4a06b606107de73870febc44ac8eaf7be5402ed6a63331478bc4b5,30453,1,0,191,0,1,1,1,1,1,1
C1,deterministic-3,second,20,2027074720,2027074720,0,8f3f886d1b58744fd41dcf18999414b99c91f34b3a7106174efc8dee86ac894c,36266,0,0,227,0,8f3f886d1b58744fd41dcf18999414b99c91f34b3a7106174efc8dee86ac894c,36266,0,0,227,0,8f3f886d1b58744fd41dcf18999414b99c91f34b3a7106174efc8dee86ac894c,36266,0,0,227,0,1,1,1,1,1,1
C1,deterministic-3,second,21,2027074721,2027074721,1,8d7747a1a296549f0fb5bc2a7dac84aa11647a4efd8dff7cf5b60d8912aecb48,23385,1,0,147,0,8d7747a1a296549f0fb5bc2a7dac84aa11647a4efd8dff7cf5b60d8912aecb48,23385,1,0,147,0,8d7747a1a296549f0fb5bc2a7dac84aa11647a4efd8dff7cf5b60d8912aecb48,23385,1,0,147,0,1,1,1,1,1,1
C1,deterministic-3,second,22,2027074722,2027074722,0,f9139daf98bfc3bd52601d87c03343d89e497161d8784c8fd814f83360019830,33672,0,0,211,0,f9139daf98bfc3bd52601d87c03343d89e497161d8784c8fd814f83360019830,33672,0,0,211,0,f9139daf98bfc3bd52601d87c03343d89e497161d8784c8fd814f83360019830,33672,0,0,211,0,1,1,1,1,1,1
C1,deterministic-3,second,23,2027074723,2027074723,1,047a3cedf3ef59cf3cbbd3dc04925928b1d922c1534bdd37f59fca44784eef46,32619,1,0,205,0,047a3cedf3ef59cf3cbbd3dc04925928b1d922c1534bdd37f59fca44784eef46,32619,1,0,205,0,047a3cedf3ef59cf3cbbd3dc04925928b1d922c1534bdd37f59fca44784eef46,32619,1,0,205,0,1,1,1,1,1,1
C1,deterministic-3,second,24,2027074724,2027074724,0,4f3ede923582e799376eacf921d71c8e6145bb1b160e25b6a76226629c77bfb4,29903,1,0,188,0,4f3ede923582e799376eacf921d71c8e6145bb1b160e25b6a76226629c77bfb4,29903,1,0,188,0,4f3ede923582e799376eacf921d71c8e6145bb1b160e25b6a76226629c77bfb4,29903,1,0,188,0,1,1,1,1,1,1
C1,deterministic-4,first,0,2026075700,2026075700,0,a24428ead28c8358bdd78c711445462a7a13643c3299c90d83c841e0b11ccfd5,30819,0,0,193,0,a24428ead28c8358bdd78c711445462a7a13643c3299c90d83c841e0b11ccfd5,30819,0,0,193,0,a24428ead28c8358bdd78c711445462a7a13643c3299c90d83c841e0b11ccfd5,30819,0,0,193,0,1,1,1,1,1,1
C1,deterministic-4,first,1,2026075701,2026075701,1,cdf7007f3a6dc716c9b5b050c48ba66f2d4da738c707884a89b1af5d6c1f2136,26405,0,0,165,0,cdf7007f3a6dc716c9b5b050c48ba66f2d4da738c707884a89b1af5d6c1f2136,26405,0,0,165,0,cdf7007f3a6dc716c9b5b050c48ba66f2d4da738c707884a89b1af5d6c1f2136,26405,0,0,165,0,1,1,1,1,1,1
C1,deterministic-4,first,2,2026075702,2026075702,0,e076badbad4094a99943b548817fb55e3ab8269ff9e8a81cfd529dc5b234a5cc,27132,0,0,170,0,e076badbad4094a99943b548817fb55e3ab8269ff9e8a81cfd529dc5b234a5cc,27132,0,0,170,0,e076badbad4094a99943b548817fb55e3ab8269ff9e8a81cfd529dc5b234a5cc,27132,0,0,170,0,1,1,1,1,1,1
C1,deterministic-4,first,3,2026075703,2026075703,1,e948ae771ce883f08a71e14e877093e240c40865eed35b5104bcc664c870516b,32276,0,0,202,0,e948ae771ce883f08a71e14e877093e240c40865eed35b5104bcc664c870516b,32276,0,0,202,0,e948ae771ce883f08a71e14e877093e240c40865eed35b5104bcc664c870516b,32276,0,0,202,0,1,1,1,1,1,1
C1,deterministic-4,first,4,2026075704,2026075704,0,bd76370abf533563234b0039cf21029efb76dfa06821af67be5759911210711a,30843,0,0,193,0,bd76370abf533563234b0039cf21029efb76dfa06821af67be5759911210711a,30843,0,0,193,0,bd76370abf533563234b0039cf21029efb76dfa06821af67be5759911210711a,30843,0,0,193,0,1,1,1,1,1,1
C1,deterministic-4,first,5,2026075705,2026075705,1,4d383f098e7389f4211093a0485fd8dc265d734034d0f4e1cf701cb96ef61349,26396,1,0,166,0,4d383f098e7389f4211093a0485fd8dc265d734034d0f4e1cf701cb96ef61349,26396,1,0,166,0,4d383f098e7389f4211093a0485fd8dc265d734034d0f4e1cf701cb96ef61349,26396,1,0,166,0,1,1,1,1,1,1
C1,deterministic-4,first,6,2026075706,2026075706,0,978bbbd2453274d6b85209ddfa929643d97859131d8b9c8abe8e90d6d3eb532c,37787,1,0,237,0,978bbbd2453274d6b85209ddfa929643d97859131d8b9c8abe8e90d6d3eb532c,37787,1,0,237,0,978bbbd2453274d6b85209ddfa929643d97859131d8b9c8abe8e90d6d3eb532c,37787,1,0,237,0,1,1,1,1,1,1
C1,deterministic-4,first,7,2026075707,2026075707,1,9e28b413c279dbe8e3e8eb195e38741ddc13f046e951dd927d6e0c55d79c9f66,28750,0,0,180,0,9e28b413c279dbe8e3e8eb195e38741ddc13f046e951dd927d6e0c55d79c9f66,28750,0,0,180,0,9e28b413c279dbe8e3e8eb195e38741ddc13f046e951dd927d6e0c55d79c9f66,28750,0,0,180,0,1,1,1,1,1,1
C1,deterministic-4,first,8,2026075708,2026075708,0,4ef717abdcdbb4fad2aa5e8f728ab106d7e8f90872bc9952bb4e7bac3d248377,25145,1,0,158,0,4ef717abdcdbb4fad2aa5e8f728ab106d7e8f90872bc9952bb4e7bac3d248377,25145,1,0,158,0,4ef717abdcdbb4fad2aa5e8f728ab106d7e8f90872bc9952bb4e7bac3d248377,25145,1,0,158,0,1,1,1,1,1,1
C1,deterministic-4,first,9,2026075709,2026075709,1,53e51638f8072ec78453029c6c21197c29f9a97760a26ba0cf72adab654e31bc,38606,0,0,242,0,53e51638f8072ec78453029c6c21197c29f9a97760a26ba0cf72adab654e31bc,38606,0,0,242,0,53e51638f8072ec78453029c6c21197c29f9a97760a26ba0cf72adab654e31bc,38606,0,0,242,0,1,1,1,1,1,1
C1,deterministic-4,first,10,2026075710,2026075710,0,f501fb162411dcb17f8533e4c6dd2aa44b55f2b436b50700344c4d7422bb8a9e,34890,1,0,219,0,f501fb162411dcb17f8533e4c6dd2aa44b55f2b436b50700344c4d7422bb8a9e,34890,1,0,219,0,f501fb162411dcb17f8533e4c6dd2aa44b55f2b436b50700344c4d7422bb8a9e,34890,1,0,219,0,1,1,1,1,1,1
C1,deterministic-4,first,11,2026075711,2026075711,1,ad94bb41cfc26dc9af7ee8448987de10c33c77dbab2d2b4a9798a9a20cdafd8e,29509,1,0,185,0,ad94bb41cfc26dc9af7ee8448987de10c33c77dbab2d2b4a9798a9a20cdafd8e,29509,1,0,185,0,ad94bb41cfc26dc9af7ee8448987de10c33c77dbab2d2b4a9798a9a20cdafd8e,29509,1,0,185,0,1,1,1,1,1,1
C1,deterministic-4,first,12,2026075712,2026075712,0,a44e65381e6a04b9c7f484ccf6e21865fb4fcf006314d4424fb259fe02ef4ffc,34645,0,0,217,0,a44e65381e6a04b9c7f484ccf6e21865fb4fcf006314d4424fb259fe02ef4ffc,34645,0,0,217,0,a44e65381e6a04b9c7f484ccf6e21865fb4fcf006314d4424fb259fe02ef4ffc,34645,0,0,217,0,1,1,1,1,1,1
C1,deterministic-4,first,13,2026075713,2026075713,1,16e9287bde88b5a3c7e8eb0bbd6ada349e59aca0b013b90e8f057ff112bc8c95,29196,1,0,183,0,16e9287bde88b5a3c7e8eb0bbd6ada349e59aca0b013b90e8f057ff112bc8c95,29196,1,0,183,0,16e9287bde88b5a3c7e8eb0bbd6ada349e59aca0b013b90e8f057ff112bc8c95,29196,1,0,183,0,1,1,1,1,1,1
C1,deterministic-4,first,14,2026075714,2026075714,0,d44789c8bdebb6c18e9aef57ec07083866c3152c4012748cfee31e78c0df0b69,22456,0,0,140,0,d44789c8bdebb6c18e9aef57ec07083866c3152c4012748cfee31e78c0df0b69,22456,0,0,140,0,d44789c8bdebb6c18e9aef57ec07083866c3152c4012748cfee31e78c0df0b69,22456,0,0,140,0,1,1,1,1,1,1
C1,deterministic-4,first,15,2026075715,2026075715,1,391e7ff3c46cc59f096a53261e5980f8a44172025fe6eb3b04d2bdb898915e7b,33634,1,0,211,0,391e7ff3c46cc59f096a53261e5980f8a44172025fe6eb3b04d2bdb898915e7b,33634,1,0,211,0,391e7ff3c46cc59f096a53261e5980f8a44172025fe6eb3b04d2bdb898915e7b,33634,1,0,211,0,1,1,1,1,1,1
C1,deterministic-4,first,16,2026075716,2026075716,0,df63b396e6d487218efeee4729c1058bcf9f61c756696c42a2de8784e8f7fc75,21693,1,0,136,0,df63b396e6d487218efeee4729c1058bcf9f61c756696c42a2de8784e8f7fc75,21693,1,0,136,0,df63b396e6d487218efeee4729c1058bcf9f61c756696c42a2de8784e8f7fc75,21693,1,0,136,0,1,1,1,1,1,1
C1,deterministic-4,first,17,2026075717,2026075717,1,7b541b677b469a7c2d25f3babb3bae0cfa688a9701635055c139d252c69b4f7a,27514,1,0,173,0,7b541b677b469a7c2d25f3babb3bae0cfa688a9701635055c139d252c69b4f7a,27514,1,0,173,0,7b541b677b469a7c2d25f3babb3bae0cfa688a9701635055c139d252c69b4f7a,27514,1,0,173,0,1,1,1,1,1,1
C1,deterministic-4,first,18,2026075718,2026075718,0,beb10a9f76c6eb571e1431dfb9aa6965cdac7650119589b9fb4a7273645c4ddb,34089,1,0,214,0,beb10a9f76c6eb571e1431dfb9aa6965cdac7650119589b9fb4a7273645c4ddb,34089,1,0,214,0,beb10a9f76c6eb571e1431dfb9aa6965cdac7650119589b9fb4a7273645c4ddb,34089,1,0,214,0,1,1,1,1,1,1
C1,deterministic-4,first,19,2026075719,2026075719,1,1f65fbbd04c856882f286028734c055c378b292e48b4313532e299cc4338a9f9,35566,0,0,223,0,1f65fbbd04c856882f286028734c055c378b292e48b4313532e299cc4338a9f9,35566,0,0,223,0,1f65fbbd04c856882f286028734c055c378b292e48b4313532e299cc4338a9f9,35566,0,0,223,0,1,1,1,1,1,1
C1,deterministic-4,first,20,2026075720,2026075720,0,d3e2bf387377da82c5e541c3f6015e239a5289f198c074c8ed8af393983504e5,29288,1,0,184,0,d3e2bf387377da82c5e541c3f6015e239a5289f198c074c8ed8af393983504e5,29288,1,0,184,0,d3e2bf387377da82c5e541c3f6015e239a5289f198c074c8ed8af393983504e5,29288,1,0,184,0,1,1,1,1,1,1
C1,deterministic-4,first,21,2026075721,2026075721,1,aa85d84482de226d3fd268fd0117ae8790aba3f57ed159b4fe6bdf4f94f3f1d6,30313,1,0,190,0,aa85d84482de226d3fd268fd0117ae8790aba3f57ed159b4fe6bdf4f94f3f1d6,30313,1,0,190,0,aa85d84482de226d3fd268fd0117ae8790aba3f57ed159b4fe6bdf4f94f3f1d6,30313,1,0,190,0,1,1,1,1,1,1
C1,deterministic-4,first,22,2026075722,2026075722,0,9fc8aa9d47596684946b34a3e454f1bce376709a46ade6c3b83192ece11caf53,28420,0,0,178,0,9fc8aa9d47596684946b34a3e454f1bce376709a46ade6c3b83192ece11caf53,28420,0,0,178,0,9fc8aa9d47596684946b34a3e454f1bce376709a46ade6c3b83192ece11caf53,28420,0,0,178,0,1,1,1,1,1,1
C1,deterministic-4,first,23,2026075723,2026075723,1,1f2d60cc846e465b7cdaad28301868b53318753d0a13909b2b4a188c52ba3cbb,26702,0,0,167,0,1f2d60cc846e465b7cdaad28301868b53318753d0a13909b2b4a188c52ba3cbb,26702,0,0,167,0,1f2d60cc846e465b7cdaad28301868b53318753d0a13909b2b4a188c52ba3cbb,26702,0,0,167,0,1,1,1,1,1,1
C1,deterministic-4,first,24,2026075724,2026075724,0,962051553484fdcf44a18e86b98dba2200d36528bf55bcc51dfed7f84179a3b0,20682,1,0,130,0,962051553484fdcf44a18e86b98dba2200d36528bf55bcc51dfed7f84179a3b0,20682,1,0,130,0,962051553484fdcf44a18e86b98dba2200d36528bf55bcc51dfed7f84179a3b0,20682,1,0,130,0,1,1,1,1,1,1
C1,deterministic-4,second,0,2027075700,2027075700,0,d449653935854f447c143052a002c7d0c6b720bb4e02ede9ad1e049552b5c5e5,35609,0,0,223,0,d449653935854f447c143052a002c7d0c6b720bb4e02ede9ad1e049552b5c5e5,35609,0,0,223,0,d449653935854f447c143052a002c7d0c6b720bb4e02ede9ad1e049552b5c5e5,35609,0,0,223,0,1,1,1,1,1,1
C1,deterministic-4,second,1,2027075701,2027075701,1,9e413fea10fed4b72e4983ee6ba1966343fd780b8117e367bbf189ed86faffc6,35979,1,0,226,0,9e413fea10fed4b72e4983ee6ba1966343fd780b8117e367bbf189ed86faffc6,35979,1,0,226,0,9e413fea10fed4b72e4983ee6ba1966343fd780b8117e367bbf189ed86faffc6,35979,1,0,226,0,1,1,1,1,1,1
C1,deterministic-4,second,2,2027075702,2027075702,0,0e81fc2dec51e2dd309059e570cda246e3ad133d0a21e663ac28cdb8cbf9bebb,27736,1,0,174,0,0e81fc2dec51e2dd309059e570cda246e3ad133d0a21e663ac28cdb8cbf9bebb,27736,1,0,174,0,0e81fc2dec51e2dd309059e570cda246e3ad133d0a21e663ac28cdb8cbf9bebb,27736,1,0,174,0,1,1,1,1,1,1
C1,deterministic-4,second,3,2027075703,2027075703,1,44370903170aada615158c9df35973fca537d8fdd09704d81501fe955f458c8d,33795,0,0,212,0,44370903170aada615158c9df35973fca537d8fdd09704d81501fe955f458c8d,33795,0,0,212,0,44370903170aada615158c9df35973fca537d8fdd09704d81501fe955f458c8d,33795,0,0,212,0,1,1,1,1,1,1
C1,deterministic-4,second,4,2027075704,2027075704,0,f27dd9209151a7a8da2c1a10ff777303532c912360e3d783cc10e361077a2105,34907,1,0,219,0,f27dd9209151a7a8da2c1a10ff777303532c912360e3d783cc10e361077a2105,34907,1,0,219,0,f27dd9209151a7a8da2c1a10ff777303532c912360e3d783cc10e361077a2105,34907,1,0,219,0,1,1,1,1,1,1
C1,deterministic-4,second,5,2027075705,2027075705,1,b48d72157b4eae5371d09be27c4f43537cd9c141a40bd1de4177028da0477c48,25752,0,0,161,0,b48d72157b4eae5371d09be27c4f43537cd9c141a40bd1de4177028da0477c48,25752,0,0,161,0,b48d72157b4eae5371d09be27c4f43537cd9c141a40bd1de4177028da0477c48,25752,0,0,161,0,1,1,1,1,1,1
C1,deterministic-4,second,6,2027075706,2027075706,0,e0f84f1e7acc9d8ebadd3d8e70d02a7e2efccc6b1db6c8335aabd8b0809fa401,28988,1,0,182,0,e0f84f1e7acc9d8ebadd3d8e70d02a7e2efccc6b1db6c8335aabd8b0809fa401,28988,1,0,182,0,e0f84f1e7acc9d8ebadd3d8e70d02a7e2efccc6b1db6c8335aabd8b0809fa401,28988,1,0,182,0,1,1,1,1,1,1
C1,deterministic-4,second,7,2027075707,2027075707,1,c9aed895e10d82e6078364cfb586e3ddf4c7c716742a06c02f85e874177b2430,30696,1,0,193,0,c9aed895e10d82e6078364cfb586e3ddf4c7c716742a06c02f85e874177b2430,30696,1,0,193,0,c9aed895e10d82e6078364cfb586e3ddf4c7c716742a06c02f85e874177b2430,30696,1,0,193,0,1,1,1,1,1,1
C1,deterministic-4,second,8,2027075708,2027075708,0,c1700b0d0b14676cb6317947ca5bd4076b68ff496327175433f4afeab3f9c1a4,27711,1,0,174,0,c1700b0d0b14676cb6317947ca5bd4076b68ff496327175433f4afeab3f9c1a4,27711,1,0,174,0,c1700b0d0b14676cb6317947ca5bd4076b68ff496327175433f4afeab3f9c1a4,27711,1,0,174,0,1,1,1,1,1,1
C1,deterministic-4,second,9,2027075709,2027075709,1,c4bdb7741d325cf8e7131e0a70c8e430a0e42b3424772c232b01b6efb6bc1bee,32482,1,0,204,0,c4bdb7741d325cf8e7131e0a70c8e430a0e42b3424772c232b01b6efb6bc1bee,32482,1,0,204,0,c4bdb7741d325cf8e7131e0a70c8e430a0e42b3424772c232b01b6efb6bc1bee,32482,1,0,204,0,1,1,1,1,1,1
C1,deterministic-4,second,10,2027075710,2027075710,0,81f1acad900cf1f5ffa03b2c7d899110719133b55551170037271a0b675dda62,31112,1,0,195,0,81f1acad900cf1f5ffa03b2c7d899110719133b55551170037271a0b675dda62,31112,1,0,195,0,81f1acad900cf1f5ffa03b2c7d899110719133b55551170037271a0b675dda62,31112,1,0,195,0,1,1,1,1,1,1
C1,deterministic-4,second,11,2027075711,2027075711,1,ffafeb0fa6484a87d2a8cada77b27237a97d372f0e2d0d6027a3d926ad47dd42,34495,0,0,216,0,ffafeb0fa6484a87d2a8cada77b27237a97d372f0e2d0d6027a3d926ad47dd42,34495,0,0,216,0,ffafeb0fa6484a87d2a8cada77b27237a97d372f0e2d0d6027a3d926ad47dd42,34495,0,0,216,0,1,1,1,1,1,1
C1,deterministic-4,second,12,2027075712,2027075712,0,e5ce765ebc2b4c0dcdecbe2b4f742c6b11e64a41c3ee86011175e5a17d602085,31559,1,0,198,0,e5ce765ebc2b4c0dcdecbe2b4f742c6b11e64a41c3ee86011175e5a17d602085,31559,1,0,198,0,e5ce765ebc2b4c0dcdecbe2b4f742c6b11e64a41c3ee86011175e5a17d602085,31559,1,0,198,0,1,1,1,1,1,1
C1,deterministic-4,second,13,2027075713,2027075713,1,6df901105b1f74a509f8cb8925b8ee815ba8537ab7c16acc553c944975c1dd77,33290,1,0,209,0,6df901105b1f74a509f8cb8925b8ee815ba8537ab7c16acc553c944975c1dd77,33290,1,0,209,0,6df901105b1f74a509f8cb8925b8ee815ba8537ab7c16acc553c944975c1dd77,33290,1,0,209,0,1,1,1,1,1,1
C1,deterministic-4,second,14,2027075714,2027075714,0,34b43cc8d691bf6961e4b7380cfda52b79987e7ec6b2c2e9610a6ef162e30dca,25044,1,0,157,0,34b43cc8d691bf6961e4b7380cfda52b79987e7ec6b2c2e9610a6ef162e30dca,25044,1,0,157,0,34b43cc8d691bf6961e4b7380cfda52b79987e7ec6b2c2e9610a6ef162e30dca,25044,1,0,157,0,1,1,1,1,1,1
C1,deterministic-4,second,15,2027075715,2027075715,1,e25a3fa1d1ed2dbabbe0581526fd8c3f530c2f921a394d12a4fa6516dab36218,31163,0,0,195,0,e25a3fa1d1ed2dbabbe0581526fd8c3f530c2f921a394d12a4fa6516dab36218,31163,0,0,195,0,e25a3fa1d1ed2dbabbe0581526fd8c3f530c2f921a394d12a4fa6516dab36218,31163,0,0,195,0,1,1,1,1,1,1
C1,deterministic-4,second,16,2027075716,2027075716,0,0ccb920278d613e129ff39ee4cafc0e0ac6946bfae4dcedbf50432311b3138af,30875,1,0,194,0,0ccb920278d613e129ff39ee4cafc0e0ac6946bfae4dcedbf50432311b3138af,30875,1,0,194,0,0ccb920278d613e129ff39ee4cafc0e0ac6946bfae4dcedbf50432311b3138af,30875,1,0,194,0,1,1,1,1,1,1
C1,deterministic-4,second,17,2027075717,2027075717,1,b0593dbe10a2e9baec5d35ee2bd09d1308a3801e23c7d42e5ca22881ba0e8bb1,39405,0,0,247,0,b0593dbe10a2e9baec5d35ee2bd09d1308a3801e23c7d42e5ca22881ba0e8bb1,39405,0,0,247,0,b0593dbe10a2e9baec5d35ee2bd09d1308a3801e23c7d42e5ca22881ba0e8bb1,39405,0,0,247,0,1,1,1,1,1,1
C1,deterministic-4,second,18,2027075718,2027075718,0,402ac8db07ef444796338cd7878d47186fb15ef04db10cecfa7a9aad1eac8482,29314,1,0,184,0,402ac8db07ef444796338cd7878d47186fb15ef04db10cecfa7a9aad1eac8482,29314,1,0,184,0,402ac8db07ef444796338cd7878d47186fb15ef04db10cecfa7a9aad1eac8482,29314,1,0,184,0,1,1,1,1,1,1
C1,deterministic-4,second,19,2027075719,2027075719,1,184f1370c5b9621df4f6945477a82d29e94dcae30925a5eb91d147bbe98c642d,32904,1,0,207,0,184f1370c5b9621df4f6945477a82d29e94dcae30925a5eb91d147bbe98c642d,32904,1,0,207,0,184f1370c5b9621df4f6945477a82d29e94dcae30925a5eb91d147bbe98c642d,32904,1,0,207,0,1,1,1,1,1,1
C1,deterministic-4,second,20,2027075720,2027075720,0,c425f9c85a28864dc360faa09456cfc29e52939b04c66c957e779de4d3012a2f,34758,1,0,218,0,c425f9c85a28864dc360faa09456cfc29e52939b04c66c957e779de4d3012a2f,34758,1,0,218,0,c425f9c85a28864dc360faa09456cfc29e52939b04c66c957e779de4d3012a2f,34758,1,0,218,0,1,1,1,1,1,1
C1,deterministic-4,second,21,2027075721,2027075721,1,de528a8f06b1f12880e0c18275209cb6be073e74b7f839888125276bcc044db7,32463,0,0,203,0,de528a8f06b1f12880e0c18275209cb6be073e74b7f839888125276bcc044db7,32463,0,0,203,0,de528a8f06b1f12880e0c18275209cb6be073e74b7f839888125276bcc044db7,32463,0,0,203,0,1,1,1,1,1,1
C1,deterministic-4,second,22,2027075722,2027075722,0,ba37bac8490ea399f75ebcd290f41a7e600c80ddc92999bbece47761d2c42877,31389,1,0,197,0,ba37bac8490ea399f75ebcd290f41a7e600c80ddc92999bbece47761d2c42877,31389,1,0,197,0,ba37bac8490ea399f75ebcd290f41a7e600c80ddc92999bbece47761d2c42877,31389,1,0,197,0,1,1,1,1,1,1
C1,deterministic-4,second,23,2027075723,2027075723,1,bd6355efd95a1b2b53d8eb6ced62610df61085e5cdf7b2da76be11d532382a60,28989,1,0,182,0,bd6355efd95a1b2b53d8eb6ced62610df61085e5cdf7b2da76be11d532382a60,28989,1,0,182,0,bd6355efd95a1b2b53d8eb6ced62610df61085e5cdf7b2da76be11d532382a60,28989,1,0,182,0,1,1,1,1,1,1
C1,deterministic-4,second,24,2027075724,2027075724,0,934651114478b6e703a9eacbb997f1a704b22dfbb1c887b98c28f888ade4f46f,20352,0,0,127,0,934651114478b6e703a9eacbb997f1a704b22dfbb1c887b98c28f888ade4f46f,20352,0,0,127,0,934651114478b6e703a9eacbb997f1a704b22dfbb1c887b98c28f888ade4f46f,20352,0,0,127,0,1,1,1,1,1,1
C1,deterministic-5,first,0,2026078700,2026078700,0,d5db0d29fb4171ae2d7f6af7a9a142151d6abb2222f80800dbf5f431bef9d78b,23800,1,0,149,0,d5db0d29fb4171ae2d7f6af7a9a142151d6abb2222f80800dbf5f431bef9d78b,23800,1,0,149,0,d5db0d29fb4171ae2d7f6af7a9a142151d6abb2222f80800dbf5f431bef9d78b,23800,1,0,149,0,1,1,1,1,1,1
C1,deterministic-5,first,1,2026078701,2026078701,1,7c5aaa8b17d86afe1c6e7a5b9ea097d8dfc6ed9ab6d300e84a91cb0c432a4d09,26487,1,0,166,0,7c5aaa8b17d86afe1c6e7a5b9ea097d8dfc6ed9ab6d300e84a91cb0c432a4d09,26487,1,0,166,0,7c5aaa8b17d86afe1c6e7a5b9ea097d8dfc6ed9ab6d300e84a91cb0c432a4d09,26487,1,0,166,0,1,1,1,1,1,1
C1,deterministic-5,first,2,2026078702,2026078702,0,e38e34d5233f06881665bd5104cde7003e8e184daed59fa81d914183fe1fef75,20900,1,0,131,0,e38e34d5233f06881665bd5104cde7003e8e184daed59fa81d914183fe1fef75,20900,1,0,131,0,e38e34d5233f06881665bd5104cde7003e8e184daed59fa81d914183fe1fef75,20900,1,0,131,0,1,1,1,1,1,1
C1,deterministic-5,first,3,2026078703,2026078703,1,eb2ca727eb987403594055266fb94cf1c82f8975f3be930be71612465ddcd56a,30856,1,0,193,0,eb2ca727eb987403594055266fb94cf1c82f8975f3be930be71612465ddcd56a,30856,1,0,193,0,eb2ca727eb987403594055266fb94cf1c82f8975f3be930be71612465ddcd56a,30856,1,0,193,0,1,1,1,1,1,1
C1,deterministic-5,first,4,2026078704,2026078704,0,71d02aa0e91e05b984280a069886476eba908f7589fa285e7728bf134f16062a,24541,1,0,154,0,71d02aa0e91e05b984280a069886476eba908f7589fa285e7728bf134f16062a,24541,1,0,154,0,71d02aa0e91e05b984280a069886476eba908f7589fa285e7728bf134f16062a,24541,1,0,154,0,1,1,1,1,1,1
C1,deterministic-5,first,5,2026078705,2026078705,1,78fd4464bdeab18df44d0e38a0cc46cb7cb50d9f8a1d296ab588b63e00e56636,32016,1,0,201,0,78fd4464bdeab18df44d0e38a0cc46cb7cb50d9f8a1d296ab588b63e00e56636,32016,1,0,201,0,78fd4464bdeab18df44d0e38a0cc46cb7cb50d9f8a1d296ab588b63e00e56636,32016,1,0,201,0,1,1,1,1,1,1
C1,deterministic-5,first,6,2026078706,2026078706,0,3f18e4c0d0b68181a9be5c3f509fb74cd4a893fe95f7c05013111662d704d14a,26197,1,0,164,0,3f18e4c0d0b68181a9be5c3f509fb74cd4a893fe95f7c05013111662d704d14a,26197,1,0,164,0,3f18e4c0d0b68181a9be5c3f509fb74cd4a893fe95f7c05013111662d704d14a,26197,1,0,164,0,1,1,1,1,1,1
C1,deterministic-5,first,7,2026078707,2026078707,1,c22b34e8f57775799ab18ab02a195abc770b8fc5503fc1fc137c62df7661f7d9,30920,1,0,194,0,c22b34e8f57775799ab18ab02a195abc770b8fc5503fc1fc137c62df7661f7d9,30920,1,0,194,0,c22b34e8f57775799ab18ab02a195abc770b8fc5503fc1fc137c62df7661f7d9,30920,1,0,194,0,1,1,1,1,1,1
C1,deterministic-5,first,8,2026078708,2026078708,0,34ba2281530c73e64b8dbb05cb4750ff8519a161c7fb0e0c092a4eab96a40e35,23793,1,0,149,0,34ba2281530c73e64b8dbb05cb4750ff8519a161c7fb0e0c092a4eab96a40e35,23793,1,0,149,0,34ba2281530c73e64b8dbb05cb4750ff8519a161c7fb0e0c092a4eab96a40e35,23793,1,0,149,0,1,1,1,1,1,1
C1,deterministic-5,first,9,2026078709,2026078709,1,fb69385993109d3ec70c65873f030592989b8db48ca5c49ef5070d09da573620,26736,1,0,168,0,fb69385993109d3ec70c65873f030592989b8db48ca5c49ef5070d09da573620,26736,1,0,168,0,fb69385993109d3ec70c65873f030592989b8db48ca5c49ef5070d09da573620,26736,1,0,168,0,1,1,1,1,1,1
C1,deterministic-5,first,10,2026078710,2026078710,0,4cecf460d9b0a92027f4c0c4e1730a77b8e8cfbee13e78327ca4c25f4de2cbc3,18139,1,0,114,0,4cecf460d9b0a92027f4c0c4e1730a77b8e8cfbee13e78327ca4c25f4de2cbc3,18139,1,0,114,0,4cecf460d9b0a92027f4c0c4e1730a77b8e8cfbee13e78327ca4c25f4de2cbc3,18139,1,0,114,0,1,1,1,1,1,1
C1,deterministic-5,first,11,2026078711,2026078711,1,2d15b16f9e6d80748e2fa139d4f5783e413a6a099bf677becee1c53541979371,28714,1,0,180,0,2d15b16f9e6d80748e2fa139d4f5783e413a6a099bf677becee1c53541979371,28714,1,0,180,0,2d15b16f9e6d80748e2fa139d4f5783e413a6a099bf677becee1c53541979371,28714,1,0,180,0,1,1,1,1,1,1
C1,deterministic-5,first,12,2026078712,2026078712,0,3d935cae0bdd39b7a58fb5b9b91b7e44b314b24052b8afa5189863d8e8aa40ca,32694,1,0,205,0,3d935cae0bdd39b7a58fb5b9b91b7e44b314b24052b8afa5189863d8e8aa40ca,32694,1,0,205,0,3d935cae0bdd39b7a58fb5b9b91b7e44b314b24052b8afa5189863d8e8aa40ca,32694,1,0,205,0,1,1,1,1,1,1
C1,deterministic-5,first,13,2026078713,2026078713,1,c1bb2db7fa50d9df127760548cd44878049c463f3ca1265bb70374112ad80a94,23137,1,0,145,0,c1bb2db7fa50d9df127760548cd44878049c463f3ca1265bb70374112ad80a94,23137,1,0,145,0,c1bb2db7fa50d9df127760548cd44878049c463f3ca1265bb70374112ad80a94,23137,1,0,145,0,1,1,1,1,1,1
C1,deterministic-5,first,14,2026078714,2026078714,0,220ac946e9c267ec618a6a559877fd7e6505acecd4cf7df9e22c18980b38045d,25809,1,0,162,0,220ac946e9c267ec618a6a559877fd7e6505acecd4cf7df9e22c18980b38045d,25809,1,0,162,0,220ac946e9c267ec618a6a559877fd7e6505acecd4cf7df9e22c18980b38045d,25809,1,0,162,0,1,1,1,1,1,1
C1,deterministic-5,first,15,2026078715,2026078715,1,3a22e4b599b6b3d0c0a18d711216c4d87fee92cf8d53b40cbf60be29be8fa8d0,20274,1,0,127,0,3a22e4b599b6b3d0c0a18d711216c4d87fee92cf8d53b40cbf60be29be8fa8d0,20274,1,0,127,0,3a22e4b599b6b3d0c0a18d711216c4d87fee92cf8d53b40cbf60be29be8fa8d0,20274,1,0,127,0,1,1,1,1,1,1
C1,deterministic-5,first,16,2026078716,2026078716,0,a36cbbad4bef543d55c780ad0314fdb2ee00b0d99a075fb46653d66e861d6bac,29485,1,0,185,0,a36cbbad4bef543d55c780ad0314fdb2ee00b0d99a075fb46653d66e861d6bac,29485,1,0,185,0,a36cbbad4bef543d55c780ad0314fdb2ee00b0d99a075fb46653d66e861d6bac,29485,1,0,185,0,1,1,1,1,1,1
C1,deterministic-5,first,17,2026078717,2026078717,1,09a52c48049802a2fe51ff840c47a1a8554efaf75dbeb4a0f5e9fa517dc8dc30,29338,1,0,184,0,09a52c48049802a2fe51ff840c47a1a8554efaf75dbeb4a0f5e9fa517dc8dc30,29338,1,0,184,0,09a52c48049802a2fe51ff840c47a1a8554efaf75dbeb4a0f5e9fa517dc8dc30,29338,1,0,184,0,1,1,1,1,1,1
C1,deterministic-5,first,18,2026078718,2026078718,0,08e936296ec11fe2ff44f15848e103bc214bea497ac10a0715f430b7a49da525,22323,1,0,140,0,08e936296ec11fe2ff44f15848e103bc214bea497ac10a0715f430b7a49da525,22323,1,0,140,0,08e936296ec11fe2ff44f15848e103bc214bea497ac10a0715f430b7a49da525,22323,1,0,140,0,1,1,1,1,1,1
C1,deterministic-5,first,19,2026078719,2026078719,1,935b2b0993646a7b1f979cc55d1b935b5559efc3d9480361bdd942cee0ee00b2,23256,1,0,146,0,935b2b0993646a7b1f979cc55d1b935b5559efc3d9480361bdd942cee0ee00b2,23256,1,0,146,0,935b2b0993646a7b1f979cc55d1b935b5559efc3d9480361bdd942cee0ee00b2,23256,1,0,146,0,1,1,1,1,1,1
C1,deterministic-5,first,20,2026078720,2026078720,0,10c42ed32d99e1245d1e23319c6c6eeba6ed02899852046918b00b159096e0c9,24416,1,0,153,0,10c42ed32d99e1245d1e23319c6c6eeba6ed02899852046918b00b159096e0c9,24416,1,0,153,0,10c42ed32d99e1245d1e23319c6c6eeba6ed02899852046918b00b159096e0c9,24416,1,0,153,0,1,1,1,1,1,1
C1,deterministic-5,first,21,2026078721,2026078721,1,7ccd4cc369d7219d943355225f4c0c9250b3de7c8af413bf3ed198a5832346a1,26162,1,0,164,0,7ccd4cc369d7219d943355225f4c0c9250b3de7c8af413bf3ed198a5832346a1,26162,1,0,164,0,7ccd4cc369d7219d943355225f4c0c9250b3de7c8af413bf3ed198a5832346a1,26162,1,0,164,0,1,1,1,1,1,1
C1,deterministic-5,first,22,2026078722,2026078722,0,45f439eebf644641c9dabd51695fe641d748ca06f5a8ce8daac6db4d405d5f28,28829,0,0,181,0,45f439eebf644641c9dabd51695fe641d748ca06f5a8ce8daac6db4d405d5f28,28829,0,0,181,0,45f439eebf644641c9dabd51695fe641d748ca06f5a8ce8daac6db4d405d5f28,28829,0,0,181,0,1,1,1,1,1,1
C1,deterministic-5,first,23,2026078723,2026078723,1,03197a452492ee634caa4e9019eddd73806ea0488f66df885694d3022d9dfc4e,33600,1,0,211,0,03197a452492ee634caa4e9019eddd73806ea0488f66df885694d3022d9dfc4e,33600,1,0,211,0,03197a452492ee634caa4e9019eddd73806ea0488f66df885694d3022d9dfc4e,33600,1,0,211,0,1,1,1,1,1,1
C1,deterministic-5,first,24,2026078724,2026078724,0,5867778b9312e9437586175405a1086a7bf1af1096bde8771823863cc2c2ed6d,19819,1,0,124,0,5867778b9312e9437586175405a1086a7bf1af1096bde8771823863cc2c2ed6d,19819,1,0,124,0,5867778b9312e9437586175405a1086a7bf1af1096bde8771823863cc2c2ed6d,19819,1,0,124,0,1,1,1,1,1,1
C1,deterministic-5,second,0,2027078700,2027078700,0,d59186af3394ddde8d6044ad11732f0996b275aacc78857bf7167879aa9dc4bb,25972,1,0,163,0,d59186af3394ddde8d6044ad11732f0996b275aacc78857bf7167879aa9dc4bb,25972,1,0,163,0,d59186af3394ddde8d6044ad11732f0996b275aacc78857bf7167879aa9dc4bb,25972,1,0,163,0,1,1,1,1,1,1
C1,deterministic-5,second,1,2027078701,2027078701,1,27ee9d8132d24a90769b1755976bf50f1f839d891b52f5e81676ef0c0bc842e2,25534,1,0,160,0,27ee9d8132d24a90769b1755976bf50f1f839d891b52f5e81676ef0c0bc842e2,25534,1,0,160,0,27ee9d8132d24a90769b1755976bf50f1f839d891b52f5e81676ef0c0bc842e2,25534,1,0,160,0,1,1,1,1,1,1
C1,deterministic-5,second,2,2027078702,2027078702,0,184a277c9dc976d59dd8c48e6ca87e9990706aefac0075e7364f7a0c512e898a,27708,1,0,174,0,184a277c9dc976d59dd8c48e6ca87e9990706aefac0075e7364f7a0c512e898a,27708,1,0,174,0,184a277c9dc976d59dd8c48e6ca87e9990706aefac0075e7364f7a0c512e898a,27708,1,0,174,0,1,1,1,1,1,1
C1,deterministic-5,second,3,2027078703,2027078703,1,047644a59c39d332fcffe4dd27a8df9f9a87babe5cfc001da9002a219849f294,20909,1,0,131,0,047644a59c39d332fcffe4dd27a8df9f9a87babe5cfc001da9002a219849f294,20909,1,0,131,0,047644a59c39d332fcffe4dd27a8df9f9a87babe5cfc001da9002a219849f294,20909,1,0,131,0,1,1,1,1,1,1
C1,deterministic-5,second,4,2027078704,2027078704,0,f1a958d4b494473ca78f0edc9c25911c0ed2a1931e3e474f069768298c22630e,17559,1,0,110,0,f1a958d4b494473ca78f0edc9c25911c0ed2a1931e3e474f069768298c22630e,17559,1,0,110,0,f1a958d4b494473ca78f0edc9c25911c0ed2a1931e3e474f069768298c22630e,17559,1,0,110,0,1,1,1,1,1,1
C1,deterministic-5,second,5,2027078705,2027078705,1,ede57e303b2348dd03b515ebb7a63411534bceb7bd01ca49f1fd5b6ad58e1123,21348,1,0,134,0,ede57e303b2348dd03b515ebb7a63411534bceb7bd01ca49f1fd5b6ad58e1123,21348,1,0,134,0,ede57e303b2348dd03b515ebb7a63411534bceb7bd01ca49f1fd5b6ad58e1123,21348,1,0,134,0,1,1,1,1,1,1
C1,deterministic-5,second,6,2027078706,2027078706,0,1b1887d8311faf879a959e716b309f167ce32b1e26004e2cc8a6ae308a5ca00b,26964,1,0,169,0,1b1887d8311faf879a959e716b309f167ce32b1e26004e2cc8a6ae308a5ca00b,26964,1,0,169,0,1b1887d8311faf879a959e716b309f167ce32b1e26004e2cc8a6ae308a5ca00b,26964,1,0,169,0,1,1,1,1,1,1
C1,deterministic-5,second,7,2027078707,2027078707,1,8229e2669fd56a990f3862732a3f77a153ed56fd58b7352e11fa6ec93c00c1bb,22147,1,0,139,0,8229e2669fd56a990f3862732a3f77a153ed56fd58b7352e11fa6ec93c00c1bb,22147,1,0,139,0,8229e2669fd56a990f3862732a3f77a153ed56fd58b7352e11fa6ec93c00c1bb,22147,1,0,139,0,1,1,1,1,1,1
C1,deterministic-5,second,8,2027078708,2027078708,0,9b23214bc12cb76c2930fed09a7130369eebcc303ed714fa0b7e89a79c94215d,31064,1,0,195,0,9b23214bc12cb76c2930fed09a7130369eebcc303ed714fa0b7e89a79c94215d,31064,1,0,195,0,9b23214bc12cb76c2930fed09a7130369eebcc303ed714fa0b7e89a79c94215d,31064,1,0,195,0,1,1,1,1,1,1
C1,deterministic-5,second,9,2027078709,2027078709,1,3b96b7bb5f27cc63dca76be4bdae50cdb430cadc44b77fe87ee5dc8dc95b0606,24751,1,0,155,0,3b96b7bb5f27cc63dca76be4bdae50cdb430cadc44b77fe87ee5dc8dc95b0606,24751,1,0,155,0,3b96b7bb5f27cc63dca76be4bdae50cdb430cadc44b77fe87ee5dc8dc95b0606,24751,1,0,155,0,1,1,1,1,1,1
C1,deterministic-5,second,10,2027078710,2027078710,0,3621c47a4e2275656165fa0230d4b1ab8f92d6c168948a63c51775e7bba1656a,31243,1,0,196,0,3621c47a4e2275656165fa0230d4b1ab8f92d6c168948a63c51775e7bba1656a,31243,1,0,196,0,3621c47a4e2275656165fa0230d4b1ab8f92d6c168948a63c51775e7bba1656a,31243,1,0,196,0,1,1,1,1,1,1
C1,deterministic-5,second,11,2027078711,2027078711,1,82d28687c04089e311217df946989848d3ad2d3ea75df089f12010d54906af58,24843,1,0,156,0,82d28687c04089e311217df946989848d3ad2d3ea75df089f12010d54906af58,24843,1,0,156,0,82d28687c04089e311217df946989848d3ad2d3ea75df089f12010d54906af58,24843,1,0,156,0,1,1,1,1,1,1
C1,deterministic-5,second,12,2027078712,2027078712,0,30b170e7cb167b212bcebb5200562c4083cf59f27230019491d08db617784d21,25762,0,0,161,0,30b170e7cb167b212bcebb5200562c4083cf59f27230019491d08db617784d21,25762,0,0,161,0,30b170e7cb167b212bcebb5200562c4083cf59f27230019491d08db617784d21,25762,0,0,161,0,1,1,1,1,1,1
C1,deterministic-5,second,13,2027078713,2027078713,1,d95bd1c87175694f6497df41bb302f6d5309ae4bb35bf5909e67d658bfaaad4e,28084,1,0,176,0,d95bd1c87175694f6497df41bb302f6d5309ae4bb35bf5909e67d658bfaaad4e,28084,1,0,176,0,d95bd1c87175694f6497df41bb302f6d5309ae4bb35bf5909e67d658bfaaad4e,28084,1,0,176,0,1,1,1,1,1,1
C1,deterministic-5,second,14,2027078714,2027078714,0,88f3a7de27915165b273ca9e7dd83d60f7e16bdcbe2f8a73bc48ede8c681f45d,26311,1,0,165,0,88f3a7de27915165b273ca9e7dd83d60f7e16bdcbe2f8a73bc48ede8c681f45d,26311,1,0,165,0,88f3a7de27915165b273ca9e7dd83d60f7e16bdcbe2f8a73bc48ede8c681f45d,26311,1,0,165,0,1,1,1,1,1,1
C1,deterministic-5,second,15,2027078715,2027078715,1,78c604cacac373ca8a0692ef2a56cce446219e7417057435c980744eb3efcc0d,27581,0,0,173,0,78c604cacac373ca8a0692ef2a56cce446219e7417057435c980744eb3efcc0d,27581,0,0,173,0,78c604cacac373ca8a0692ef2a56cce446219e7417057435c980744eb3efcc0d,27581,0,0,173,0,1,1,1,1,1,1
C1,deterministic-5,second,16,2027078716,2027078716,0,6f744a247239bc00edeebdfd67226d537fcbb6ff5477e001df9b72f99aa36ee6,24721,1,0,155,0,6f744a247239bc00edeebdfd67226d537fcbb6ff5477e001df9b72f99aa36ee6,24721,1,0,155,0,6f744a247239bc00edeebdfd67226d537fcbb6ff5477e001df9b72f99aa36ee6,24721,1,0,155,0,1,1,1,1,1,1
C1,deterministic-5,second,17,2027078717,2027078717,1,24277aa097bfdd34d1581ac49ad031fad82ba1c2997dfecb9767776718223df2,26463,1,0,166,0,24277aa097bfdd34d1581ac49ad031fad82ba1c2997dfecb9767776718223df2,26463,1,0,166,0,24277aa097bfdd34d1581ac49ad031fad82ba1c2997dfecb9767776718223df2,26463,1,0,166,0,1,1,1,1,1,1
C1,deterministic-5,second,18,2027078718,2027078718,0,c95753ed4dceea2890106c1451e8242f8c520366c78581800a29c28a15b3ba73,23280,1,0,146,0,c95753ed4dceea2890106c1451e8242f8c520366c78581800a29c28a15b3ba73,23280,1,0,146,0,c95753ed4dceea2890106c1451e8242f8c520366c78581800a29c28a15b3ba73,23280,1,0,146,0,1,1,1,1,1,1
C1,deterministic-5,second,19,2027078719,2027078719,1,d0ee2f0cfba8f3cacde84568226d41f5c1b4fb21b2459587f1f71273f2c19cb1,14002,0,0,87,0,d0ee2f0cfba8f3cacde84568226d41f5c1b4fb21b2459587f1f71273f2c19cb1,14002,0,0,87,0,d0ee2f0cfba8f3cacde84568226d41f5c1b4fb21b2459587f1f71273f2c19cb1,14002,0,0,87,0,1,1,1,1,1,1
C1,deterministic-5,second,20,2027078720,2027078720,0,94a06126b6605b3528892fc18cbe28a05432e528a3486c3a06e058e5e78bfcd0,18726,0,0,117,0,94a06126b6605b3528892fc18cbe28a05432e528a3486c3a06e058e5e78bfcd0,18726,0,0,117,0,94a06126b6605b3528892fc18cbe28a05432e528a3486c3a06e058e5e78bfcd0,18726,0,0,117,0,1,1,1,1,1,1
C1,deterministic-5,second,21,2027078721,2027078721,1,8f9ae715c71f47bc2fb11544c02eb8318b2268dc6ffedaa759087bfa92c08a4f,26808,1,0,168,0,8f9ae715c71f47bc2fb11544c02eb8318b2268dc6ffedaa759087bfa92c08a4f,26808,1,0,168,0,8f9ae715c71f47bc2fb11544c02eb8318b2268dc6ffedaa759087bfa92c08a4f,26808,1,0,168,0,1,1,1,1,1,1
C1,deterministic-5,second,22,2027078722,2027078722,0,ab2cf0789fa624791a7967480e52dc09c6d4f2e83c02ebe439955ff70eed7162,22315,1,0,140,0,ab2cf0789fa624791a7967480e52dc09c6d4f2e83c02ebe439955ff70eed7162,22315,1,0,140,0,ab2cf0789fa624791a7967480e52dc09c6d4f2e83c02ebe439955ff70eed7162,22315,1,0,140,0,1,1,1,1,1,1
C1,deterministic-5,second,23,2027078723,2027078723,1,2d986865535c590f274d7278701b47f939c4cd1895e9a6017980fc92d8eb7ea2,18476,1,0,116,0,2d986865535c590f274d7278701b47f939c4cd1895e9a6017980fc92d8eb7ea2,18476,1,0,116,0,2d986865535c590f274d7278701b47f939c4cd1895e9a6017980fc92d8eb7ea2,18476,1,0,116,0,1,1,1,1,1,1
C1,deterministic-5,second,24,2027078724,2027078724,0,ae136519cdf3ea469923116ac84f2e4405d077c960bc7fe2f176caabcc7bcaf0,26944,1,0,169,0,ae136519cdf3ea469923116ac84f2e4405d077c960bc7fe2f176caabcc7bcaf0,26944,1,0,169,0,ae136519cdf3ea469923116ac84f2e4405d077c960bc7fe2f176caabcc7bcaf0,26944,1,0,169,0,1,1,1,1,1,1
C2,deterministic-1,first,0,2026072700,2026072700,0,aab7ff8a3e2efb75b30d382b07bb93f2011ebab67d22b3644acb596ff1dd55e1,35933,0,0,225,0,aab7ff8a3e2efb75b30d382b07bb93f2011ebab67d22b3644acb596ff1dd55e1,35933,0,0,225,0,aab7ff8a3e2efb75b30d382b07bb93f2011ebab67d22b3644acb596ff1dd55e1,35933,0,0,225,0,1,1,1,1,1,1
C2,deterministic-1,first,1,2026072701,2026072701,1,3b80d42bbc8377cf0edf753c8f8d7c22aaf15b0aab18b9b98d1c02ac261113de,34141,0,0,214,0,3b80d42bbc8377cf0edf753c8f8d7c22aaf15b0aab18b9b98d1c02ac261113de,34141,0,0,214,0,3b80d42bbc8377cf0edf753c8f8d7c22aaf15b0aab18b9b98d1c02ac261113de,34141,0,0,214,0,1,1,1,1,1,1
C2,deterministic-1,first,2,2026072702,2026072702,0,33ce29c08060d92dea5c52da2bb3f9e62aa22a6ae9640292ef69b6451509e581,32319,1,0,203,0,33ce29c08060d92dea5c52da2bb3f9e62aa22a6ae9640292ef69b6451509e581,32319,1,0,203,0,33ce29c08060d92dea5c52da2bb3f9e62aa22a6ae9640292ef69b6451509e581,32319,1,0,203,0,1,1,1,1,1,1
C2,deterministic-1,first,3,2026072703,2026072703,1,7dda3cd507c114ee22834dc1b6d44e11341c612c08510790c0f06f57204bfe49,30831,0,0,193,0,7dda3cd507c114ee22834dc1b6d44e11341c612c08510790c0f06f57204bfe49,30831,0,0,193,0,7dda3cd507c114ee22834dc1b6d44e11341c612c08510790c0f06f57204bfe49,30831,0,0,193,0,1,1,1,1,1,1
C2,deterministic-1,first,4,2026072704,2026072704,0,e1b9fa051f63e77e344924ea89ac7fa71a7a6c5a3c23e6f8cab1c433f16a32e0,35935,1,0,226,0,e1b9fa051f63e77e344924ea89ac7fa71a7a6c5a3c23e6f8cab1c433f16a32e0,35935,1,0,226,0,e1b9fa051f63e77e344924ea89ac7fa71a7a6c5a3c23e6f8cab1c433f16a32e0,35935,1,0,226,0,1,1,1,1,1,1
C2,deterministic-1,first,5,2026072705,2026072705,1,84e694bda9e165b2fba78e977ce59ab93dfa86743ac1b68e44acc9266774fd1e,30011,0,0,188,0,84e694bda9e165b2fba78e977ce59ab93dfa86743ac1b68e44acc9266774fd1e,30011,0,0,188,0,84e694bda9e165b2fba78e977ce59ab93dfa86743ac1b68e44acc9266774fd1e,30011,0,0,188,0,1,1,1,1,1,1
C2,deterministic-1,first,6,2026072706,2026072706,0,98abb0c865173d8e80e88f85ce84792ea7b671208470d2076e14f68224c5c964,39080,0,0,245,0,98abb0c865173d8e80e88f85ce84792ea7b671208470d2076e14f68224c5c964,39080,0,0,245,0,98abb0c865173d8e80e88f85ce84792ea7b671208470d2076e14f68224c5c964,39080,0,0,245,0,1,1,1,1,1,1
C2,deterministic-1,first,7,2026072707,2026072707,1,713eba8c4a8b853956c5b238713292f9107d310d3588053dbea8a088633eaaad,35303,1,0,221,0,713eba8c4a8b853956c5b238713292f9107d310d3588053dbea8a088633eaaad,35303,1,0,221,0,713eba8c4a8b853956c5b238713292f9107d310d3588053dbea8a088633eaaad,35303,1,0,221,0,1,1,1,1,1,1
C2,deterministic-1,first,8,2026072708,2026072708,0,37cc867c32200bdedd598ba67b817e3948510fb6cf6de50a0af4071a8517cb79,32794,1,0,206,0,37cc867c32200bdedd598ba67b817e3948510fb6cf6de50a0af4071a8517cb79,32794,1,0,206,0,37cc867c32200bdedd598ba67b817e3948510fb6cf6de50a0af4071a8517cb79,32794,1,0,206,0,1,1,1,1,1,1
C2,deterministic-1,first,9,2026072709,2026072709,1,2a41b6778894f5fcba67f07d356a90f28ced6b1086b0a0b5b8b299d03cc0c4db,31518,1,0,198,0,2a41b6778894f5fcba67f07d356a90f28ced6b1086b0a0b5b8b299d03cc0c4db,31518,1,0,198,0,2a41b6778894f5fcba67f07d356a90f28ced6b1086b0a0b5b8b299d03cc0c4db,31518,1,0,198,0,1,1,1,1,1,1
C2,deterministic-1,first,10,2026072710,2026072710,0,bdfa9953fb26d79d6d34d68c318833812ce9f9bf0cd3592da45c01d86086a59f,33196,0,0,208,0,bdfa9953fb26d79d6d34d68c318833812ce9f9bf0cd3592da45c01d86086a59f,33196,0,0,208,0,bdfa9953fb26d79d6d34d68c318833812ce9f9bf0cd3592da45c01d86086a59f,33196,0,0,208,0,1,1,1,1,1,1
C2,deterministic-1,first,11,2026072711,2026072711,1,dbe08ce649b50230b829b7bc98ec1c62de784114e84165c57d22cd15cdbb845f,34546,1,0,217,0,dbe08ce649b50230b829b7bc98ec1c62de784114e84165c57d22cd15cdbb845f,34546,1,0,217,0,dbe08ce649b50230b829b7bc98ec1c62de784114e84165c57d22cd15cdbb845f,34546,1,0,217,0,1,1,1,1,1,1
C2,deterministic-1,first,12,2026072712,2026072712,0,6c5f91beda2302bc61d83c943d2537fa459f1e26d1eddc53dd85989debf10154,31317,0,0,196,0,6c5f91beda2302bc61d83c943d2537fa459f1e26d1eddc53dd85989debf10154,31317,0,0,196,0,6c5f91beda2302bc61d83c943d2537fa459f1e26d1eddc53dd85989debf10154,31317,0,0,196,0,1,1,1,1,1,1
C2,deterministic-1,first,13,2026072713,2026072713,1,c3d3df284b80897ebb30888f62c3482e3a11bb17fc0e18676cc578c51905e700,28492,1,0,179,0,c3d3df284b80897ebb30888f62c3482e3a11bb17fc0e18676cc578c51905e700,28492,1,0,179,0,c3d3df284b80897ebb30888f62c3482e3a11bb17fc0e18676cc578c51905e700,28492,1,0,179,0,1,1,1,1,1,1
C2,deterministic-1,first,14,2026072714,2026072714,0,7ea5bba16c4f8b0f4abee7318c7430d87e3edca250a8cf8f30f3d419139c1beb,36810,1,0,231,0,7ea5bba16c4f8b0f4abee7318c7430d87e3edca250a8cf8f30f3d419139c1beb,36810,1,0,231,0,7ea5bba16c4f8b0f4abee7318c7430d87e3edca250a8cf8f30f3d419139c1beb,36810,1,0,231,0,1,1,1,1,1,1
C2,deterministic-1,first,15,2026072715,2026072715,1,7ff754bdec2e63506a2d8a692f09dfbfbfc9c7d2a28e9b2cd69f2649b111cd7d,29599,1,0,186,0,7ff754bdec2e63506a2d8a692f09dfbfbfc9c7d2a28e9b2cd69f2649b111cd7d,29599,1,0,186,0,7ff754bdec2e63506a2d8a692f09dfbfbfc9c7d2a28e9b2cd69f2649b111cd7d,29599,1,0,186,0,1,1,1,1,1,1
C2,deterministic-1,first,16,2026072716,2026072716,0,511776019b5db903f1505e9ea4d8177670fb1a446017b4e15d129e0995d0d907,31996,1,0,201,0,511776019b5db903f1505e9ea4d8177670fb1a446017b4e15d129e0995d0d907,31996,1,0,201,0,511776019b5db903f1505e9ea4d8177670fb1a446017b4e15d129e0995d0d907,31996,1,0,201,0,1,1,1,1,1,1
C2,deterministic-1,first,17,2026072717,2026072717,1,0bd2d4e775c5132353a05f63f4f3824434177f24b76611341a73cebc71932317,28247,1,0,177,0,0bd2d4e775c5132353a05f63f4f3824434177f24b76611341a73cebc71932317,28247,1,0,177,0,0bd2d4e775c5132353a05f63f4f3824434177f24b76611341a73cebc71932317,28247,1,0,177,0,1,1,1,1,1,1
C2,deterministic-1,first,18,2026072718,2026072718,0,406937a1a46599116051ba025105c3c4dca9608a6b6278aab4fb7567fa900b1f,29904,0,0,187,0,406937a1a46599116051ba025105c3c4dca9608a6b6278aab4fb7567fa900b1f,29904,0,0,187,0,406937a1a46599116051ba025105c3c4dca9608a6b6278aab4fb7567fa900b1f,29904,0,0,187,0,1,1,1,1,1,1
C2,deterministic-1,first,19,2026072719,2026072719,1,35e9a04e4739044821f84c3d6836eafa3999ae54dce9a8d7e416919c44666cae,32123,0,0,201,0,35e9a04e4739044821f84c3d6836eafa3999ae54dce9a8d7e416919c44666cae,32123,0,0,201,0,35e9a04e4739044821f84c3d6836eafa3999ae54dce9a8d7e416919c44666cae,32123,0,0,201,0,1,1,1,1,1,1
C2,deterministic-1,first,20,2026072720,2026072720,0,17a0f7570488bc86cb12c2b2c32789c49dad8b6bdbaf4e9b71903a517c5e89e6,47449,1,0,298,0,17a0f7570488bc86cb12c2b2c32789c49dad8b6bdbaf4e9b71903a517c5e89e6,47449,1,0,298,0,17a0f7570488bc86cb12c2b2c32789c49dad8b6bdbaf4e9b71903a517c5e89e6,47449,1,0,298,0,1,1,1,1,1,1
C2,deterministic-1,first,21,2026072721,2026072721,1,ccd6e71c88a624a246c9f1fe43ff72da659788d4467692ce2595eb673b4973a8,35655,1,0,224,0,ccd6e71c88a624a246c9f1fe43ff72da659788d4467692ce2595eb673b4973a8,35655,1,0,224,0,ccd6e71c88a624a246c9f1fe43ff72da659788d4467692ce2595eb673b4973a8,35655,1,0,224,0,1,1,1,1,1,1
C2,deterministic-1,first,22,2026072722,2026072722,0,0e568db039d250488deaf91902f272c21dc59556f0f78f3d05f579bf4c3fff9e,32965,1,0,207,0,0e568db039d250488deaf91902f272c21dc59556f0f78f3d05f579bf4c3fff9e,32965,1,0,207,0,0e568db039d250488deaf91902f272c21dc59556f0f78f3d05f579bf4c3fff9e,32965,1,0,207,0,1,1,1,1,1,1
C2,deterministic-1,first,23,2026072723,2026072723,1,b936d6c357b24daf2d7d56ae8734de4c8ee8a83725841529728c45e1707b5fc3,35824,1,0,225,0,b936d6c357b24daf2d7d56ae8734de4c8ee8a83725841529728c45e1707b5fc3,35824,1,0,225,0,b936d6c357b24daf2d7d56ae8734de4c8ee8a83725841529728c45e1707b5fc3,35824,1,0,225,0,1,1,1,1,1,1
C2,deterministic-1,first,24,2026072724,2026072724,0,9df59873c9b86f28b162a82094e1560c0bbdbac358c973a83ac90f4a7cc48e61,35589,0,0,223,0,9df59873c9b86f28b162a82094e1560c0bbdbac358c973a83ac90f4a7cc48e61,35589,0,0,223,0,9df59873c9b86f28b162a82094e1560c0bbdbac358c973a83ac90f4a7cc48e61,35589,0,0,223,0,1,1,1,1,1,1
C2,deterministic-1,second,0,2027072700,2027072700,0,2604407236e10294943dc7a13e18bdaa8d89b83589cbb3e68b4efee5d70f7ce0,31514,1,0,198,0,2604407236e10294943dc7a13e18bdaa8d89b83589cbb3e68b4efee5d70f7ce0,31514,1,0,198,0,2604407236e10294943dc7a13e18bdaa8d89b83589cbb3e68b4efee5d70f7ce0,31514,1,0,198,0,1,1,1,1,1,1
C2,deterministic-1,second,1,2027072701,2027072701,1,a83bc36db5385fc1ca6d08dd8b6ad780928f1b1aa81398f696adca83531d3ce8,31903,1,0,200,0,a83bc36db5385fc1ca6d08dd8b6ad780928f1b1aa81398f696adca83531d3ce8,31903,1,0,200,0,a83bc36db5385fc1ca6d08dd8b6ad780928f1b1aa81398f696adca83531d3ce8,31903,1,0,200,0,1,1,1,1,1,1
C2,deterministic-1,second,2,2027072702,2027072702,0,1d82c3cd6a886d902bb4f516dbe949220fc3d875bf4ec5e27ddc7ec38f964a6b,26999,0,0,169,0,1d82c3cd6a886d902bb4f516dbe949220fc3d875bf4ec5e27ddc7ec38f964a6b,26999,0,0,169,0,1d82c3cd6a886d902bb4f516dbe949220fc3d875bf4ec5e27ddc7ec38f964a6b,26999,0,0,169,0,1,1,1,1,1,1
C2,deterministic-1,second,3,2027072703,2027072703,1,5797fd41d7e857d052d9050a8f57227e68bf9f9029096267d0161945ad075ed1,39983,1,0,251,0,5797fd41d7e857d052d9050a8f57227e68bf9f9029096267d0161945ad075ed1,39983,1,0,251,0,5797fd41d7e857d052d9050a8f57227e68bf9f9029096267d0161945ad075ed1,39983,1,0,251,0,1,1,1,1,1,1
C2,deterministic-1,second,4,2027072704,2027072704,0,3febcd2b25d5cd5b2366aec2472a7eebc8651c60e38d9d706c32fbc01dee99f3,29458,1,0,185,0,3febcd2b25d5cd5b2366aec2472a7eebc8651c60e38d9d706c32fbc01dee99f3,29458,1,0,185,0,3febcd2b25d5cd5b2366aec2472a7eebc8651c60e38d9d706c32fbc01dee99f3,29458,1,0,185,0,1,1,1,1,1,1
C2,deterministic-1,second,5,2027072705,2027072705,1,b9276af82d27e8e4879fb236122fc6588926f44347dad29cab273a2b866ffc71,31416,1,0,197,0,b9276af82d27e8e4879fb236122fc6588926f44347dad29cab273a2b866ffc71,31416,1,0,197,0,b9276af82d27e8e4879fb236122fc6588926f44347dad29cab273a2b866ffc71,31416,1,0,197,0,1,1,1,1,1,1
C2,deterministic-1,second,6,2027072706,2027072706,0,03089f8b02ad97d57e87d71e27c076a2b6f82f5e5dbc206faf1f1df780368ce6,28101,1,0,176,0,03089f8b02ad97d57e87d71e27c076a2b6f82f5e5dbc206faf1f1df780368ce6,28101,1,0,176,0,03089f8b02ad97d57e87d71e27c076a2b6f82f5e5dbc206faf1f1df780368ce6,28101,1,0,176,0,1,1,1,1,1,1
C2,deterministic-1,second,7,2027072707,2027072707,1,8ef5fa85e7fe54ab98e519133ec048b100e8a75e9201c7b3e002acc68568d7f9,23542,1,0,148,0,8ef5fa85e7fe54ab98e519133ec048b100e8a75e9201c7b3e002acc68568d7f9,23542,1,0,148,0,8ef5fa85e7fe54ab98e519133ec048b100e8a75e9201c7b3e002acc68568d7f9,23542,1,0,148,0,1,1,1,1,1,1
C2,deterministic-1,second,8,2027072708,2027072708,0,4b235b6f9b70345807702b1ee0afacb80ca01c8b0f50d955aa9aa7f265213ba8,25902,0,0,162,0,4b235b6f9b70345807702b1ee0afacb80ca01c8b0f50d955aa9aa7f265213ba8,25902,0,0,162,0,4b235b6f9b70345807702b1ee0afacb80ca01c8b0f50d955aa9aa7f265213ba8,25902,0,0,162,0,1,1,1,1,1,1
C2,deterministic-1,second,9,2027072709,2027072709,1,c201f8b3be2d864f56b0d7e96b586afb1933ee9c564316863e2fabecd56ba357,33491,1,0,210,0,c201f8b3be2d864f56b0d7e96b586afb1933ee9c564316863e2fabecd56ba357,33491,1,0,210,0,c201f8b3be2d864f56b0d7e96b586afb1933ee9c564316863e2fabecd56ba357,33491,1,0,210,0,1,1,1,1,1,1
C2,deterministic-1,second,10,2027072710,2027072710,0,620d5465e2dd350c2db500f569d1e091603f9d5b295db638e7971d06d6d6f30f,34751,0,0,218,0,620d5465e2dd350c2db500f569d1e091603f9d5b295db638e7971d06d6d6f30f,34751,0,0,218,0,620d5465e2dd350c2db500f569d1e091603f9d5b295db638e7971d06d6d6f30f,34751,0,0,218,0,1,1,1,1,1,1
C2,deterministic-1,second,11,2027072711,2027072711,1,62472d6db43bcc31f2788a48aa47a0c11827d10f9e5e70def9aba26a10f4baf4,31720,0,0,199,0,62472d6db43bcc31f2788a48aa47a0c11827d10f9e5e70def9aba26a10f4baf4,31720,0,0,199,0,62472d6db43bcc31f2788a48aa47a0c11827d10f9e5e70def9aba26a10f4baf4,31720,0,0,199,0,1,1,1,1,1,1
C2,deterministic-1,second,12,2027072712,2027072712,0,59f1e396a6801dbcf2d61501915dd3dc3dd2ed0fa84e5c73b3f5fe1584391dd9,32464,1,0,204,0,59f1e396a6801dbcf2d61501915dd3dc3dd2ed0fa84e5c73b3f5fe1584391dd9,32464,1,0,204,0,59f1e396a6801dbcf2d61501915dd3dc3dd2ed0fa84e5c73b3f5fe1584391dd9,32464,1,0,204,0,1,1,1,1,1,1
C2,deterministic-1,second,13,2027072713,2027072713,1,022850797877d4c0a9b8397d49cae9c4ef889eac9faffc14b59bbd32018eb6be,34996,1,0,220,0,022850797877d4c0a9b8397d49cae9c4ef889eac9faffc14b59bbd32018eb6be,34996,1,0,220,0,022850797877d4c0a9b8397d49cae9c4ef889eac9faffc14b59bbd32018eb6be,34996,1,0,220,0,1,1,1,1,1,1
C2,deterministic-1,second,14,2027072714,2027072714,0,83874cebed19229b39460b4f607f8ab9376b9f67ffcfac25d0c7a2418f687a99,35213,0,0,221,0,83874cebed19229b39460b4f607f8ab9376b9f67ffcfac25d0c7a2418f687a99,35213,0,0,221,0,83874cebed19229b39460b4f607f8ab9376b9f67ffcfac25d0c7a2418f687a99,35213,0,0,221,0,1,1,1,1,1,1
C2,deterministic-1,second,15,2027072715,2027072715,1,b4290243a73507dee6f9d4ed81529a4d68bb866a7e5dbab9d5d5eda50c37f022,28915,0,0,181,0,b4290243a73507dee6f9d4ed81529a4d68bb866a7e5dbab9d5d5eda50c37f022,28915,0,0,181,0,b4290243a73507dee6f9d4ed81529a4d68bb866a7e5dbab9d5d5eda50c37f022,28915,0,0,181,0,1,1,1,1,1,1
C2,deterministic-1,second,16,2027072716,2027072716,0,0214c4b07ff87207bc0200d00ad1d8bf277e753fc2b7276ced381190b808128f,28057,1,0,176,0,0214c4b07ff87207bc0200d00ad1d8bf277e753fc2b7276ced381190b808128f,28057,1,0,176,0,0214c4b07ff87207bc0200d00ad1d8bf277e753fc2b7276ced381190b808128f,28057,1,0,176,0,1,1,1,1,1,1
C2,deterministic-1,second,17,2027072717,2027072717,1,2a6be39675e75e48300f4ebba4d490ac4a7bdb80c95f7eac8826e3512642a4b0,23337,0,0,146,0,2a6be39675e75e48300f4ebba4d490ac4a7bdb80c95f7eac8826e3512642a4b0,23337,0,0,146,0,2a6be39675e75e48300f4ebba4d490ac4a7bdb80c95f7eac8826e3512642a4b0,23337,0,0,146,0,1,1,1,1,1,1
C2,deterministic-1,second,18,2027072718,2027072718,0,dddc5ce3aca36ba9d2355e83955c1c55e743c1264de5ba384f937903bd3df549,28121,0,0,176,0,dddc5ce3aca36ba9d2355e83955c1c55e743c1264de5ba384f937903bd3df549,28121,0,0,176,0,dddc5ce3aca36ba9d2355e83955c1c55e743c1264de5ba384f937903bd3df549,28121,0,0,176,0,1,1,1,1,1,1
C2,deterministic-1,second,19,2027072719,2027072719,1,570d7d31d1ed5f7da2453d109cde0ec0195b5cd6b2e1152819112ea9cb3fee1f,32343,1,0,203,0,570d7d31d1ed5f7da2453d109cde0ec0195b5cd6b2e1152819112ea9cb3fee1f,32343,1,0,203,0,570d7d31d1ed5f7da2453d109cde0ec0195b5cd6b2e1152819112ea9cb3fee1f,32343,1,0,203,0,1,1,1,1,1,1
C2,deterministic-1,second,20,2027072720,2027072720,0,fd27f6df56a7c5346ae02587bcaabab7fff5691d1ae62ff4f3f2bbf0bb71d890,26741,1,0,168,0,fd27f6df56a7c5346ae02587bcaabab7fff5691d1ae62ff4f3f2bbf0bb71d890,26741,1,0,168,0,fd27f6df56a7c5346ae02587bcaabab7fff5691d1ae62ff4f3f2bbf0bb71d890,26741,1,0,168,0,1,1,1,1,1,1
C2,deterministic-1,second,21,2027072721,2027072721,1,dee9d31b47263a73823fbc2de098557f75e9607b256cd5ab84e8772e3d1039f3,35386,1,0,222,0,dee9d31b47263a73823fbc2de098557f75e9607b256cd5ab84e8772e3d1039f3,35386,1,0,222,0,dee9d31b47263a73823fbc2de098557f75e9607b256cd5ab84e8772e3d1039f3,35386,1,0,222,0,1,1,1,1,1,1
C2,deterministic-1,second,22,2027072722,2027072722,0,d08fa5e36a6ace3ce22f2e40a4b700c46229bab7b9b8acdb2e249d236ef5d051,29804,0,0,187,0,d08fa5e36a6ace3ce22f2e40a4b700c46229bab7b9b8acdb2e249d236ef5d051,29804,0,0,187,0,d08fa5e36a6ace3ce22f2e40a4b700c46229bab7b9b8acdb2e249d236ef5d051,29804,0,0,187,0,1,1,1,1,1,1
C2,deterministic-1,second,23,2027072723,2027072723,1,d97ff7d0b15b7a07a56362d2eb4465c3beafa16ad5137ba6270f3f74c75fd18e,31491,0,0,197,0,d97ff7d0b15b7a07a56362d2eb4465c3beafa16ad5137ba6270f3f74c75fd18e,31491,0,0,197,0,d97ff7d0b15b7a07a56362d2eb4465c3beafa16ad5137ba6270f3f74c75fd18e,31491,0,0,197,0,1,1,1,1,1,1
C2,deterministic-1,second,24,2027072724,2027072724,0,e9ac9d1734d104b6878a50b6a6ec206de6ca9402dcc981e07afd779d08b58b7a,28000,1,0,176,0,e9ac9d1734d104b6878a50b6a6ec206de6ca9402dcc981e07afd779d08b58b7a,28000,1,0,176,0,e9ac9d1734d104b6878a50b6a6ec206de6ca9402dcc981e07afd779d08b58b7a,28000,1,0,176,0,1,1,1,1,1,1
C2,deterministic-2,first,0,2026073700,2026073700,0,abba4e4a47f13d350259fe1915b9ebdcae9cc63bd079fcadc2b476195d4d37f3,34599,1,0,217,0,abba4e4a47f13d350259fe1915b9ebdcae9cc63bd079fcadc2b476195d4d37f3,34599,1,0,217,0,abba4e4a47f13d350259fe1915b9ebdcae9cc63bd079fcadc2b476195d4d37f3,34599,1,0,217,0,1,1,1,1,1,1
C2,deterministic-2,first,1,2026073701,2026073701,1,597f6723feae43166e4be4380280e6f442b8267e7b36f1ac975705024b613844,30732,1,0,193,0,597f6723feae43166e4be4380280e6f442b8267e7b36f1ac975705024b613844,30732,1,0,193,0,597f6723feae43166e4be4380280e6f442b8267e7b36f1ac975705024b613844,30732,1,0,193,0,1,1,1,1,1,1
C2,deterministic-2,first,2,2026073702,2026073702,0,32e4d49bd25f239c4317806631b6584541a60227359f87707904ea9fd6d4b12a,29774,1,0,187,0,32e4d49bd25f239c4317806631b6584541a60227359f87707904ea9fd6d4b12a,29774,1,0,187,0,32e4d49bd25f239c4317806631b6584541a60227359f87707904ea9fd6d4b12a,29774,1,0,187,0,1,1,1,1,1,1
C2,deterministic-2,first,3,2026073703,2026073703,1,c1c5029a3efbc1def9de18eb6d113e0c5313cda4ca4f16e92479586f45c07824,29301,1,0,184,0,c1c5029a3efbc1def9de18eb6d113e0c5313cda4ca4f16e92479586f45c07824,29301,1,0,184,0,c1c5029a3efbc1def9de18eb6d113e0c5313cda4ca4f16e92479586f45c07824,29301,1,0,184,0,1,1,1,1,1,1
C2,deterministic-2,first,4,2026073704,2026073704,0,1480786dffca180ea8dbf7d0d14894139ed68c0d9f8413a9dd7ccf06cdd89ed0,38052,1,0,239,0,1480786dffca180ea8dbf7d0d14894139ed68c0d9f8413a9dd7ccf06cdd89ed0,38052,1,0,239,0,1480786dffca180ea8dbf7d0d14894139ed68c0d9f8413a9dd7ccf06cdd89ed0,38052,1,0,239,0,1,1,1,1,1,1
C2,deterministic-2,first,5,2026073705,2026073705,1,3b38c691f152eefdc97c8ba0485e69785b459c441478c71b1b6b573891a1edf3,26014,1,0,163,0,3b38c691f152eefdc97c8ba0485e69785b459c441478c71b1b6b573891a1edf3,26014,1,0,163,0,3b38c691f152eefdc97c8ba0485e69785b459c441478c71b1b6b573891a1edf3,26014,1,0,163,0,1,1,1,1,1,1
C2,deterministic-2,first,6,2026073706,2026073706,0,84fba6ab6d61b1ba4a6dd12720dab84181620f978d4a7e7c8236e5410208dc35,28125,1,0,177,0,84fba6ab6d61b1ba4a6dd12720dab84181620f978d4a7e7c8236e5410208dc35,28125,1,0,177,0,84fba6ab6d61b1ba4a6dd12720dab84181620f978d4a7e7c8236e5410208dc35,28125,1,0,177,0,1,1,1,1,1,1
C2,deterministic-2,first,7,2026073707,2026073707,1,5a65274ce1f3f29e88dcda4111bb4f05cc6d1302ac2657713d4f62e5dc18eccf,22297,1,0,140,0,5a65274ce1f3f29e88dcda4111bb4f05cc6d1302ac2657713d4f62e5dc18eccf,22297,1,0,140,0,5a65274ce1f3f29e88dcda4111bb4f05cc6d1302ac2657713d4f62e5dc18eccf,22297,1,0,140,0,1,1,1,1,1,1
C2,deterministic-2,first,8,2026073708,2026073708,0,74bc6f62f826f06b2e186a617b7118dea6c049ec05f52f28a37f7293f56cb6c3,36006,1,0,226,0,74bc6f62f826f06b2e186a617b7118dea6c049ec05f52f28a37f7293f56cb6c3,36006,1,0,226,0,74bc6f62f826f06b2e186a617b7118dea6c049ec05f52f28a37f7293f56cb6c3,36006,1,0,226,0,1,1,1,1,1,1
C2,deterministic-2,first,9,2026073709,2026073709,1,0614cd5a108920393108ed423b620d398092a6559079dd282bed9bbdd9942065,40803,0,0,256,0,0614cd5a108920393108ed423b620d398092a6559079dd282bed9bbdd9942065,40803,0,0,256,0,0614cd5a108920393108ed423b620d398092a6559079dd282bed9bbdd9942065,40803,0,0,256,0,1,1,1,1,1,1
C2,deterministic-2,first,10,2026073710,2026073710,0,664978640d4b7a59d79c60889d2f0d8dce7a487fcd3a5a022da10a901aafee04,23795,0,0,149,0,664978640d4b7a59d79c60889d2f0d8dce7a487fcd3a5a022da10a901aafee04,23795,0,0,149,0,664978640d4b7a59d79c60889d2f0d8dce7a487fcd3a5a022da10a901aafee04,23795,0,0,149,0,1,1,1,1,1,1
C2,deterministic-2,first,11,2026073711,2026073711,1,5304be7f106f077f25caec40cf21052f78b92a87ed198d4f99add4aba72beb2a,29645,0,0,186,0,5304be7f106f077f25caec40cf21052f78b92a87ed198d4f99add4aba72beb2a,29645,0,0,186,0,5304be7f106f077f25caec40cf21052f78b92a87ed198d4f99add4aba72beb2a,29645,0,0,186,0,1,1,1,1,1,1
C2,deterministic-2,first,12,2026073712,2026073712,0,45dc7b30fbad5d5cc4cafec04f95cab357f5c92fd87520c835099204c791e7b8,24983,1,0,157,0,45dc7b30fbad5d5cc4cafec04f95cab357f5c92fd87520c835099204c791e7b8,24983,1,0,157,0,45dc7b30fbad5d5cc4cafec04f95cab357f5c92fd87520c835099204c791e7b8,24983,1,0,157,0,1,1,1,1,1,1
C2,deterministic-2,first,13,2026073713,2026073713,1,e1a85ff6b8d537dc3188401d50ee1961c95e3f1fb8ac03c890169ef0db264390,29667,0,0,186,0,e1a85ff6b8d537dc3188401d50ee1961c95e3f1fb8ac03c890169ef0db264390,29667,0,0,186,0,e1a85ff6b8d537dc3188401d50ee1961c95e3f1fb8ac03c890169ef0db264390,29667,0,0,186,0,1,1,1,1,1,1
C2,deterministic-2,first,14,2026073714,2026073714,0,a5df6fc0f161e5ec6c36e98567acde41ae193bf7fbe9b4b60b65088558fb27f1,36839,0,0,231,0,a5df6fc0f161e5ec6c36e98567acde41ae193bf7fbe9b4b60b65088558fb27f1,36839,0,0,231,0,a5df6fc0f161e5ec6c36e98567acde41ae193bf7fbe9b4b60b65088558fb27f1,36839,0,0,231,0,1,1,1,1,1,1
C2,deterministic-2,first,15,2026073715,2026073715,1,a3fa929abd00c538273e0910463d95b481effc5f504c94e4c664bc48b1437281,20891,1,0,131,0,a3fa929abd00c538273e0910463d95b481effc5f504c94e4c664bc48b1437281,20891,1,0,131,0,a3fa929abd00c538273e0910463d95b481effc5f504c94e4c664bc48b1437281,20891,1,0,131,0,1,1,1,1,1,1
C2,deterministic-2,first,16,2026073716,2026073716,0,97cc75f334bf4077e622ab96ad7fa1cdb46e204aef38a6a189e84e6d31688499,29003,1,0,182,0,97cc75f334bf4077e622ab96ad7fa1cdb46e204aef38a6a189e84e6d31688499,29003,1,0,182,0,97cc75f334bf4077e622ab96ad7fa1cdb46e204aef38a6a189e84e6d31688499,29003,1,0,182,0,1,1,1,1,1,1
C2,deterministic-2,first,17,2026073717,2026073717,1,0e5590c5b38b543b873acc862ff6ef80a8a57b632af573c32e0eb4930f9ca233,25727,0,0,161,0,0e5590c5b38b543b873acc862ff6ef80a8a57b632af573c32e0eb4930f9ca233,25727,0,0,161,0,0e5590c5b38b543b873acc862ff6ef80a8a57b632af573c32e0eb4930f9ca233,25727,0,0,161,0,1,1,1,1,1,1
C2,deterministic-2,first,18,2026073718,2026073718,0,51f413a840678c45018514c9770828225d39d64b668cb1a2d45a89b76460fbb8,31277,1,0,196,0,51f413a840678c45018514c9770828225d39d64b668cb1a2d45a89b76460fbb8,31277,1,0,196,0,51f413a840678c45018514c9770828225d39d64b668cb1a2d45a89b76460fbb8,31277,1,0,196,0,1,1,1,1,1,1
C2,deterministic-2,first,19,2026073719,2026073719,1,a58d72dfdaa1cb669f3fb59f1ff7686cbf4456bf1fc2e5ea1d2b1e76c30c8768,42941,0,0,269,0,a58d72dfdaa1cb669f3fb59f1ff7686cbf4456bf1fc2e5ea1d2b1e76c30c8768,42941,0,0,269,0,a58d72dfdaa1cb669f3fb59f1ff7686cbf4456bf1fc2e5ea1d2b1e76c30c8768,42941,0,0,269,0,1,1,1,1,1,1
C2,deterministic-2,first,20,2026073720,2026073720,0,d2a89d6e0c15aeb0470f5acfd7c53ef2dc6c2e6130b042fb6387aa8ca9caf080,37032,0,0,232,0,d2a89d6e0c15aeb0470f5acfd7c53ef2dc6c2e6130b042fb6387aa8ca9caf080,37032,0,0,232,0,d2a89d6e0c15aeb0470f5acfd7c53ef2dc6c2e6130b042fb6387aa8ca9caf080,37032,0,0,232,0,1,1,1,1,1,1
C2,deterministic-2,first,21,2026073721,2026073721,1,8ccc288c12e366c42851969880290fc85dc86d241e660e6552eaca2aca06aafb,33558,0,0,210,0,8ccc288c12e366c42851969880290fc85dc86d241e660e6552eaca2aca06aafb,33558,0,0,210,0,8ccc288c12e366c42851969880290fc85dc86d241e660e6552eaca2aca06aafb,33558,0,0,210,0,1,1,1,1,1,1
C2,deterministic-2,first,22,2026073722,2026073722,0,b8be129e0e003a501a9989810040945427b56d5346b1954eb5036201ccd9f336,33210,0,0,208,0,b8be129e0e003a501a9989810040945427b56d5346b1954eb5036201ccd9f336,33210,0,0,208,0,b8be129e0e003a501a9989810040945427b56d5346b1954eb5036201ccd9f336,33210,0,0,208,0,1,1,1,1,1,1
C2,deterministic-2,first,23,2026073723,2026073723,1,892f7d73d5fba3308916b1a8cb6cc2e9392f580afd68e269a2a19d8a77c333d3,41403,0,0,260,0,892f7d73d5fba3308916b1a8cb6cc2e9392f580afd68e269a2a19d8a77c333d3,41403,0,0,260,0,892f7d73d5fba3308916b1a8cb6cc2e9392f580afd68e269a2a19d8a77c333d3,41403,0,0,260,0,1,1,1,1,1,1
C2,deterministic-2,first,24,2026073724,2026073724,0,443282e26e26b90da6ba8acccb900bbc54ae9b5c6f681594d8c48076cab37e79,31170,1,0,196,0,443282e26e26b90da6ba8acccb900bbc54ae9b5c6f681594d8c48076cab37e79,31170,1,0,196,0,443282e26e26b90da6ba8acccb900bbc54ae9b5c6f681594d8c48076cab37e79,31170,1,0,196,0,1,1,1,1,1,1
C2,deterministic-2,second,0,2027073700,2027073700,0,0027ce95ceb4821ea78e6d52493d0e9c87cd8b2103f7696e7b7cc84f4f2feb5d,25959,1,0,163,0,0027ce95ceb4821ea78e6d52493d0e9c87cd8b2103f7696e7b7cc84f4f2feb5d,25959,1,0,163,0,0027ce95ceb4821ea78e6d52493d0e9c87cd8b2103f7696e7b7cc84f4f2feb5d,25959,1,0,163,0,1,1,1,1,1,1
C2,deterministic-2,second,1,2027073701,2027073701,1,e7db8b43200c90447c34a764e9a2e49156994c23a0443d3c0a5b9759f126ede1,31707,1,0,199,0,e7db8b43200c90447c34a764e9a2e49156994c23a0443d3c0a5b9759f126ede1,31707,1,0,199,0,e7db8b43200c90447c34a764e9a2e49156994c23a0443d3c0a5b9759f126ede1,31707,1,0,199,0,1,1,1,1,1,1
C2,deterministic-2,second,2,2027073702,2027073702,0,080893270a65bbe5102a709c7ebcb98f6924f4c66ef02a1153b2f2dc56238488,33250,1,0,209,0,080893270a65bbe5102a709c7ebcb98f6924f4c66ef02a1153b2f2dc56238488,33250,1,0,209,0,080893270a65bbe5102a709c7ebcb98f6924f4c66ef02a1153b2f2dc56238488,33250,1,0,209,0,1,1,1,1,1,1
C2,deterministic-2,second,3,2027073703,2027073703,1,5417cfa9a351801928d80d6af1a74a143f7b53295571cd234f65587c2563dcdc,34587,1,0,217,0,5417cfa9a351801928d80d6af1a74a143f7b53295571cd234f65587c2563dcdc,34587,1,0,217,0,5417cfa9a351801928d80d6af1a74a143f7b53295571cd234f65587c2563dcdc,34587,1,0,217,0,1,1,1,1,1,1
C2,deterministic-2,second,4,2027073704,2027073704,0,3e47016fed3219e8b4765e8a29f509d500cdb61e090cf61c0528474e1f464903,37641,0,0,236,0,3e47016fed3219e8b4765e8a29f509d500cdb61e090cf61c0528474e1f464903,37641,0,0,236,0,3e47016fed3219e8b4765e8a29f509d500cdb61e090cf61c0528474e1f464903,37641,0,0,236,0,1,1,1,1,1,1
C2,deterministic-2,second,5,2027073705,2027073705,1,ead8cb79a4dbc65c9886cb8aa343a68171a984db2cddd0d1c7f18d8f8ee993a9,30896,0,0,193,0,ead8cb79a4dbc65c9886cb8aa343a68171a984db2cddd0d1c7f18d8f8ee993a9,30896,0,0,193,0,ead8cb79a4dbc65c9886cb8aa343a68171a984db2cddd0d1c7f18d8f8ee993a9,30896,0,0,193,0,1,1,1,1,1,1
C2,deterministic-2,second,6,2027073706,2027073706,0,d48f1cd76b3a90051630e5b926316858ebe8776cd1d7145010f7ad219be6ec74,28318,1,0,178,0,d48f1cd76b3a90051630e5b926316858ebe8776cd1d7145010f7ad219be6ec74,28318,1,0,178,0,d48f1cd76b3a90051630e5b926316858ebe8776cd1d7145010f7ad219be6ec74,28318,1,0,178,0,1,1,1,1,1,1
C2,deterministic-2,second,7,2027073707,2027073707,1,0818c81f48929e6852e8cbf0ef145c405c57c60a50f53544f87b9028f8cafc7a,37693,1,0,237,0,0818c81f48929e6852e8cbf0ef145c405c57c60a50f53544f87b9028f8cafc7a,37693,1,0,237,0,0818c81f48929e6852e8cbf0ef145c405c57c60a50f53544f87b9028f8cafc7a,37693,1,0,237,0,1,1,1,1,1,1
C2,deterministic-2,second,8,2027073708,2027073708,0,c8ce5c9a8f7aae36fd11b83f01459745837f9b667e0ad70815c52fe3d076c2b1,37799,0,0,237,0,c8ce5c9a8f7aae36fd11b83f01459745837f9b667e0ad70815c52fe3d076c2b1,37799,0,0,237,0,c8ce5c9a8f7aae36fd11b83f01459745837f9b667e0ad70815c52fe3d076c2b1,37799,0,0,237,0,1,1,1,1,1,1
C2,deterministic-2,second,9,2027073709,2027073709,1,a8393189422ee366fdbf957eaa8cf07990310033d23818df896f97994fb1771e,29160,1,0,183,0,a8393189422ee366fdbf957eaa8cf07990310033d23818df896f97994fb1771e,29160,1,0,183,0,a8393189422ee366fdbf957eaa8cf07990310033d23818df896f97994fb1771e,29160,1,0,183,0,1,1,1,1,1,1
C2,deterministic-2,second,10,2027073710,2027073710,0,d362ba4b1cda76c44cdedb95dd6c8a6bcf625563f96f01739668a109e4bcac25,27792,0,0,174,0,d362ba4b1cda76c44cdedb95dd6c8a6bcf625563f96f01739668a109e4bcac25,27792,0,0,174,0,d362ba4b1cda76c44cdedb95dd6c8a6bcf625563f96f01739668a109e4bcac25,27792,0,0,174,0,1,1,1,1,1,1
C2,deterministic-2,second,11,2027073711,2027073711,1,86e9984d7665336320c363158efa4ea63646308aca97d3d1eb7a3b3ba2916e8e,29801,1,0,187,0,86e9984d7665336320c363158efa4ea63646308aca97d3d1eb7a3b3ba2916e8e,29801,1,0,187,0,86e9984d7665336320c363158efa4ea63646308aca97d3d1eb7a3b3ba2916e8e,29801,1,0,187,0,1,1,1,1,1,1
C2,deterministic-2,second,12,2027073712,2027073712,0,6ba9848eefb730497575411f162bc96c7137826bb21c7a9c400596f631e2ab74,28236,0,0,177,0,6ba9848eefb730497575411f162bc96c7137826bb21c7a9c400596f631e2ab74,28236,0,0,177,0,6ba9848eefb730497575411f162bc96c7137826bb21c7a9c400596f631e2ab74,28236,0,0,177,0,1,1,1,1,1,1
C2,deterministic-2,second,13,2027073713,2027073713,1,2e07a67a994fd1f3dddf7bb3dcf97037645984583f31b35554531def81a532fa,27065,1,0,170,0,2e07a67a994fd1f3dddf7bb3dcf97037645984583f31b35554531def81a532fa,27065,1,0,170,0,2e07a67a994fd1f3dddf7bb3dcf97037645984583f31b35554531def81a532fa,27065,1,0,170,0,1,1,1,1,1,1
C2,deterministic-2,second,14,2027073714,2027073714,0,3ce1070282ebae19342b36ceb3dea276a41ecebc36ab4119127e8c97a0661334,27505,0,0,172,0,3ce1070282ebae19342b36ceb3dea276a41ecebc36ab4119127e8c97a0661334,27505,0,0,172,0,3ce1070282ebae19342b36ceb3dea276a41ecebc36ab4119127e8c97a0661334,27505,0,0,172,0,1,1,1,1,1,1
C2,deterministic-2,second,15,2027073715,2027073715,1,2a697148d9d7243c9314c0700d9b3fe74aa07c96cbb00430f6ea38593b3c1b4d,36526,1,0,229,0,2a697148d9d7243c9314c0700d9b3fe74aa07c96cbb00430f6ea38593b3c1b4d,36526,1,0,229,0,2a697148d9d7243c9314c0700d9b3fe74aa07c96cbb00430f6ea38593b3c1b4d,36526,1,0,229,0,1,1,1,1,1,1
C2,deterministic-2,second,16,2027073716,2027073716,0,3afd6e066cb10c07d50c0455a28cbdedc3785a601f143d01aa7bbeaaf32f64ec,32075,0,0,201,0,3afd6e066cb10c07d50c0455a28cbdedc3785a601f143d01aa7bbeaaf32f64ec,32075,0,0,201,0,3afd6e066cb10c07d50c0455a28cbdedc3785a601f143d01aa7bbeaaf32f64ec,32075,0,0,201,0,1,1,1,1,1,1
C2,deterministic-2,second,17,2027073717,2027073717,1,fe4595b38e3ddeb09cd79937a337b2336d8e2a0f8322404031051284a8f25611,33134,1,0,208,0,fe4595b38e3ddeb09cd79937a337b2336d8e2a0f8322404031051284a8f25611,33134,1,0,208,0,fe4595b38e3ddeb09cd79937a337b2336d8e2a0f8322404031051284a8f25611,33134,1,0,208,0,1,1,1,1,1,1
C2,deterministic-2,second,18,2027073718,2027073718,0,203771cb1bd173f515bc375c102fe891c4e959af9f448c2f92399807d87fdca7,29171,1,0,183,0,203771cb1bd173f515bc375c102fe891c4e959af9f448c2f92399807d87fdca7,29171,1,0,183,0,203771cb1bd173f515bc375c102fe891c4e959af9f448c2f92399807d87fdca7,29171,1,0,183,0,1,1,1,1,1,1
C2,deterministic-2,second,19,2027073719,2027073719,1,8b5f219b1455e226ed95d947786d9ed8819038f78a6af8a901993d5a58754903,30898,1,0,194,0,8b5f219b1455e226ed95d947786d9ed8819038f78a6af8a901993d5a58754903,30898,1,0,194,0,8b5f219b1455e226ed95d947786d9ed8819038f78a6af8a901993d5a58754903,30898,1,0,194,0,1,1,1,1,1,1
C2,deterministic-2,second,20,2027073720,2027073720,0,33c6d5061e6a020ff9466655f8da177fee5c6fb757d5fdf07c7266406eb7433c,33070,0,0,207,0,33c6d5061e6a020ff9466655f8da177fee5c6fb757d5fdf07c7266406eb7433c,33070,0,0,207,0,33c6d5061e6a020ff9466655f8da177fee5c6fb757d5fdf07c7266406eb7433c,33070,0,0,207,0,1,1,1,1,1,1
C2,deterministic-2,second,21,2027073721,2027073721,1,9bab45266acfea94841c1f9240eb03d9cd5122eed94b84dc3827c2fc953af28c,35045,1,0,220,0,9bab45266acfea94841c1f9240eb03d9cd5122eed94b84dc3827c2fc953af28c,35045,1,0,220,0,9bab45266acfea94841c1f9240eb03d9cd5122eed94b84dc3827c2fc953af28c,35045,1,0,220,0,1,1,1,1,1,1
C2,deterministic-2,second,22,2027073722,2027073722,0,c18bb17e40af88dbb112905cb0993051f9ca11e3b1be3f4cca201d52a0e67be6,29259,0,0,183,0,c18bb17e40af88dbb112905cb0993051f9ca11e3b1be3f4cca201d52a0e67be6,29259,0,0,183,0,c18bb17e40af88dbb112905cb0993051f9ca11e3b1be3f4cca201d52a0e67be6,29259,0,0,183,0,1,1,1,1,1,1
C2,deterministic-2,second,23,2027073723,2027073723,1,4cad042454262bc52894b6d947645c5ad0cb41a12d2357ff3780019b676dd7cd,30355,0,0,190,0,4cad042454262bc52894b6d947645c5ad0cb41a12d2357ff3780019b676dd7cd,30355,0,0,190,0,4cad042454262bc52894b6d947645c5ad0cb41a12d2357ff3780019b676dd7cd,30355,0,0,190,0,1,1,1,1,1,1
C2,deterministic-2,second,24,2027073724,2027073724,0,3dde5dd0bfbb25999feb3427e16dc419137fd988a1836d5f04196cde0462fc60,30965,0,0,194,0,3dde5dd0bfbb25999feb3427e16dc419137fd988a1836d5f04196cde0462fc60,30965,0,0,194,0,3dde5dd0bfbb25999feb3427e16dc419137fd988a1836d5f04196cde0462fc60,30965,0,0,194,0,1,1,1,1,1,1
C2,deterministic-3,first,0,2026074700,2026074700,0,7483da85920185d691c8bd0d9dbcb24dcc0f7ff6152b6332d67b4891300befcc,31436,0,0,197,0,7483da85920185d691c8bd0d9dbcb24dcc0f7ff6152b6332d67b4891300befcc,31436,0,0,197,0,7483da85920185d691c8bd0d9dbcb24dcc0f7ff6152b6332d67b4891300befcc,31436,0,0,197,0,1,1,1,1,1,1
C2,deterministic-3,first,1,2026074701,2026074701,1,5bd9096c75c11f4633587eeb2eb635da651a3c997ff796550612590504c7f570,31986,0,0,201,0,5bd9096c75c11f4633587eeb2eb635da651a3c997ff796550612590504c7f570,31986,0,0,201,0,5bd9096c75c11f4633587eeb2eb635da651a3c997ff796550612590504c7f570,31986,0,0,201,0,1,1,1,1,1,1
C2,deterministic-3,first,2,2026074702,2026074702,0,62ea2a7804ab0b4e1344d49bbf5f0df0dfc119197932fd965fdb4243baf2c3c5,34463,0,0,216,0,62ea2a7804ab0b4e1344d49bbf5f0df0dfc119197932fd965fdb4243baf2c3c5,34463,0,0,216,0,62ea2a7804ab0b4e1344d49bbf5f0df0dfc119197932fd965fdb4243baf2c3c5,34463,0,0,216,0,1,1,1,1,1,1
C2,deterministic-3,first,3,2026074703,2026074703,1,d79c3ef0318990c18bcc489254ddb6b38fccfc541a035ec051021ff3a76ca47d,34104,1,0,214,0,d79c3ef0318990c18bcc489254ddb6b38fccfc541a035ec051021ff3a76ca47d,34104,1,0,214,0,d79c3ef0318990c18bcc489254ddb6b38fccfc541a035ec051021ff3a76ca47d,34104,1,0,214,0,1,1,1,1,1,1
C2,deterministic-3,first,4,2026074704,2026074704,0,604e4f97ca82e2936a9056498fa7635472c043ac5585db859c00d086a225d7ac,29620,1,0,186,0,604e4f97ca82e2936a9056498fa7635472c043ac5585db859c00d086a225d7ac,29620,1,0,186,0,604e4f97ca82e2936a9056498fa7635472c043ac5585db859c00d086a225d7ac,29620,1,0,186,0,1,1,1,1,1,1
C2,deterministic-3,first,5,2026074705,2026074705,1,47a52f351decd36a86c04d6e3850b3dfb4a8f9456a55ba457a23dd21be318274,20590,0,0,129,0,47a52f351decd36a86c04d6e3850b3dfb4a8f9456a55ba457a23dd21be318274,20590,0,0,129,0,47a52f351decd36a86c04d6e3850b3dfb4a8f9456a55ba457a23dd21be318274,20590,0,0,129,0,1,1,1,1,1,1
C2,deterministic-3,first,6,2026074706,2026074706,0,85d48ce1b2876c5c3ad075cefc4ec987b1fbbebdb954ea1c6d5fc283bbffa8ae,35633,0,0,223,0,85d48ce1b2876c5c3ad075cefc4ec987b1fbbebdb954ea1c6d5fc283bbffa8ae,35633,0,0,223,0,85d48ce1b2876c5c3ad075cefc4ec987b1fbbebdb954ea1c6d5fc283bbffa8ae,35633,0,0,223,0,1,1,1,1,1,1
C2,deterministic-3,first,7,2026074707,2026074707,1,7f96feb30c044489f6e0dd53c4450ac7c52dfbf0f41746c6fd776473959d6d3d,25758,1,0,162,0,7f96feb30c044489f6e0dd53c4450ac7c52dfbf0f41746c6fd776473959d6d3d,25758,1,0,162,0,7f96feb30c044489f6e0dd53c4450ac7c52dfbf0f41746c6fd776473959d6d3d,25758,1,0,162,0,1,1,1,1,1,1
C2,deterministic-3,first,8,2026074708,2026074708,0,746ad2bd764d1a08725d379c200bc5b0425d76f91fe8335ee4acf15dcd92fc6b,32524,1,0,204,0,746ad2bd764d1a08725d379c200bc5b0425d76f91fe8335ee4acf15dcd92fc6b,32524,1,0,204,0,746ad2bd764d1a08725d379c200bc5b0425d76f91fe8335ee4acf15dcd92fc6b,32524,1,0,204,0,1,1,1,1,1,1
C2,deterministic-3,first,9,2026074709,2026074709,1,b95ef26ae1f68479e0f4170398637aab9874e06cdc95ab893dd696010534b9f7,32407,1,0,203,0,b95ef26ae1f68479e0f4170398637aab9874e06cdc95ab893dd696010534b9f7,32407,1,0,203,0,b95ef26ae1f68479e0f4170398637aab9874e06cdc95ab893dd696010534b9f7,32407,1,0,203,0,1,1,1,1,1,1
C2,deterministic-3,first,10,2026074710,2026074710,0,18eaeee2e9546f2a9f8f11300d0f26042b4a1cede108d05aad53a442f14b913a,25283,0,0,158,0,18eaeee2e9546f2a9f8f11300d0f26042b4a1cede108d05aad53a442f14b913a,25283,0,0,158,0,18eaeee2e9546f2a9f8f11300d0f26042b4a1cede108d05aad53a442f14b913a,25283,0,0,158,0,1,1,1,1,1,1
C2,deterministic-3,first,11,2026074711,2026074711,1,4f21a5f7b75195618f4c3c5fe313a35bebb195c676317406504234df07eb6139,26410,1,0,166,0,4f21a5f7b75195618f4c3c5fe313a35bebb195c676317406504234df07eb6139,26410,1,0,166,0,4f21a5f7b75195618f4c3c5fe313a35bebb195c676317406504234df07eb6139,26410,1,0,166,0,1,1,1,1,1,1
C2,deterministic-3,first,12,2026074712,2026074712,0,cd6d7e46e2263ae4fce254317fe85e7c41aa83c2240053b337ef1e6c8fa42945,20369,0,0,127,0,cd6d7e46e2263ae4fce254317fe85e7c41aa83c2240053b337ef1e6c8fa42945,20369,0,0,127,0,cd6d7e46e2263ae4fce254317fe85e7c41aa83c2240053b337ef1e6c8fa42945,20369,0,0,127,0,1,1,1,1,1,1
C2,deterministic-3,first,13,2026074713,2026074713,1,0862a2fa1e6b50f84cfeea81840a2d4a14ecf27601e8996d6a4347df6c62cf7b,37962,0,0,238,0,0862a2fa1e6b50f84cfeea81840a2d4a14ecf27601e8996d6a4347df6c62cf7b,37962,0,0,238,0,0862a2fa1e6b50f84cfeea81840a2d4a14ecf27601e8996d6a4347df6c62cf7b,37962,0,0,238,0,1,1,1,1,1,1
C2,deterministic-3,first,14,2026074714,2026074714,0,7f22712b59f8a6d36170b38c1587df6b81fc4882904d3b864484426657a45d41,30391,1,0,191,0,7f22712b59f8a6d36170b38c1587df6b81fc4882904d3b864484426657a45d41,30391,1,0,191,0,7f22712b59f8a6d36170b38c1587df6b81fc4882904d3b864484426657a45d41,30391,1,0,191,0,1,1,1,1,1,1
C2,deterministic-3,first,15,2026074715,2026074715,1,0251d9b35946f3aeda0b8b9c95d1f1bd224802e257b156193f02d9c543e989bc,45749,1,0,287,0,0251d9b35946f3aeda0b8b9c95d1f1bd224802e257b156193f02d9c543e989bc,45749,1,0,287,0,0251d9b35946f3aeda0b8b9c95d1f1bd224802e257b156193f02d9c543e989bc,45749,1,0,287,0,1,1,1,1,1,1
C2,deterministic-3,first,16,2026074716,2026074716,0,f686b04c89442ee1ca49221cbd1fbb2410dbe3b677ed01aff3633de4a70e2cb9,30236,1,0,190,0,f686b04c89442ee1ca49221cbd1fbb2410dbe3b677ed01aff3633de4a70e2cb9,30236,1,0,190,0,f686b04c89442ee1ca49221cbd1fbb2410dbe3b677ed01aff3633de4a70e2cb9,30236,1,0,190,0,1,1,1,1,1,1
C2,deterministic-3,first,17,2026074717,2026074717,1,1d73c9a6c94873db36adeef1209c19986aa83a9ba6defc56a603b07dc042c5aa,28860,1,0,181,0,1d73c9a6c94873db36adeef1209c19986aa83a9ba6defc56a603b07dc042c5aa,28860,1,0,181,0,1d73c9a6c94873db36adeef1209c19986aa83a9ba6defc56a603b07dc042c5aa,28860,1,0,181,0,1,1,1,1,1,1
C2,deterministic-3,first,18,2026074718,2026074718,0,942c915046ac53753080b07fbfaced2035847edfe18ab2dc40dcad55045bba0f,39077,0,0,245,0,942c915046ac53753080b07fbfaced2035847edfe18ab2dc40dcad55045bba0f,39077,0,0,245,0,942c915046ac53753080b07fbfaced2035847edfe18ab2dc40dcad55045bba0f,39077,0,0,245,0,1,1,1,1,1,1
C2,deterministic-3,first,19,2026074719,2026074719,1,bbfc3717f7e55b5e34ba71126f2e37c3701b162d5c1dfbcdd88a5621aaa0a2c8,30927,0,0,194,0,bbfc3717f7e55b5e34ba71126f2e37c3701b162d5c1dfbcdd88a5621aaa0a2c8,30927,0,0,194,0,bbfc3717f7e55b5e34ba71126f2e37c3701b162d5c1dfbcdd88a5621aaa0a2c8,30927,0,0,194,0,1,1,1,1,1,1
C2,deterministic-3,first,20,2026074720,2026074720,0,fc3f4b658ee4d7dc3687cb6d52a01fd99413476d3229f9e60a5b7fdf86df4720,32175,1,0,202,0,fc3f4b658ee4d7dc3687cb6d52a01fd99413476d3229f9e60a5b7fdf86df4720,32175,1,0,202,0,fc3f4b658ee4d7dc3687cb6d52a01fd99413476d3229f9e60a5b7fdf86df4720,32175,1,0,202,0,1,1,1,1,1,1
C2,deterministic-3,first,21,2026074721,2026074721,1,c1229d503f7c4bfd200403aa8a025ece0c21022439e64b07bb114b4448edd544,29927,1,0,188,0,c1229d503f7c4bfd200403aa8a025ece0c21022439e64b07bb114b4448edd544,29927,1,0,188,0,c1229d503f7c4bfd200403aa8a025ece0c21022439e64b07bb114b4448edd544,29927,1,0,188,0,1,1,1,1,1,1
C2,deterministic-3,first,22,2026074722,2026074722,0,24ce23871eb54f0325fe5c293a2803d18b21984b2a964481383648d2d3b09bce,28928,0,0,181,0,24ce23871eb54f0325fe5c293a2803d18b21984b2a964481383648d2d3b09bce,28928,0,0,181,0,24ce23871eb54f0325fe5c293a2803d18b21984b2a964481383648d2d3b09bce,28928,0,0,181,0,1,1,1,1,1,1
C2,deterministic-3,first,23,2026074723,2026074723,1,f961857786a5662d8233e28cb64afb143051e38be56751f944e0ba6b52b9cacb,23551,1,0,148,0,f961857786a5662d8233e28cb64afb143051e38be56751f944e0ba6b52b9cacb,23551,1,0,148,0,f961857786a5662d8233e28cb64afb143051e38be56751f944e0ba6b52b9cacb,23551,1,0,148,0,1,1,1,1,1,1
C2,deterministic-3,first,24,2026074724,2026074724,0,6779f7d180b464944a30f4f7d0203aa3dca604238e9f52b90df69b8548ea1c78,29758,1,0,187,0,6779f7d180b464944a30f4f7d0203aa3dca604238e9f52b90df69b8548ea1c78,29758,1,0,187,0,6779f7d180b464944a30f4f7d0203aa3dca604238e9f52b90df69b8548ea1c78,29758,1,0,187,0,1,1,1,1,1,1
C2,deterministic-3,second,0,2027074700,2027074700,0,a4616e9fd61114f9545b2d751b54c8fd8a8ca8a8d4dd78743f835090a5b274b1,21589,0,0,135,0,a4616e9fd61114f9545b2d751b54c8fd8a8ca8a8d4dd78743f835090a5b274b1,21589,0,0,135,0,a4616e9fd61114f9545b2d751b54c8fd8a8ca8a8d4dd78743f835090a5b274b1,21589,0,0,135,0,1,1,1,1,1,1
C2,deterministic-3,second,1,2027074701,2027074701,1,4d164f1611fd73ea6ae35fff2671f691db5e00f1753170458a52d3ce511f3564,27316,0,0,171,0,4d164f1611fd73ea6ae35fff2671f691db5e00f1753170458a52d3ce511f3564,27316,0,0,171,0,4d164f1611fd73ea6ae35fff2671f691db5e00f1753170458a52d3ce511f3564,27316,0,0,171,0,1,1,1,1,1,1
C2,deterministic-3,second,2,2027074702,2027074702,0,d9c635bdc3b5aee937e2d121ab0ba5dec3327055a67ce7b7523024bf02498769,30016,0,0,188,0,d9c635bdc3b5aee937e2d121ab0ba5dec3327055a67ce7b7523024bf02498769,30016,0,0,188,0,d9c635bdc3b5aee937e2d121ab0ba5dec3327055a67ce7b7523024bf02498769,30016,0,0,188,0,1,1,1,1,1,1
C2,deterministic-3,second,3,2027074703,2027074703,1,a3a63300f6c40b1647470f8c92ff626d20b5642495f0f3526167242cbba4af73,34832,1,0,219,0,a3a63300f6c40b1647470f8c92ff626d20b5642495f0f3526167242cbba4af73,34832,1,0,219,0,a3a63300f6c40b1647470f8c92ff626d20b5642495f0f3526167242cbba4af73,34832,1,0,219,0,1,1,1,1,1,1
C2,deterministic-3,second,4,2027074704,2027074704,0,b2fc94201a483625c3823f01f9a38c38ac44c5ad604162298190e695a9a6aa20,26085,1,0,164,0,b2fc94201a483625c3823f01f9a38c38ac44c5ad604162298190e695a9a6aa20,26085,1,0,164,0,b2fc94201a483625c3823f01f9a38c38ac44c5ad604162298190e695a9a6aa20,26085,1,0,164,0,1,1,1,1,1,1
C2,deterministic-3,second,5,2027074705,2027074705,1,d22c289c08a7adb1652ba55c71665d22e3d1331e4c77d16219fe6a1868d89ba7,23269,1,0,146,0,d22c289c08a7adb1652ba55c71665d22e3d1331e4c77d16219fe6a1868d89ba7,23269,1,0,146,0,d22c289c08a7adb1652ba55c71665d22e3d1331e4c77d16219fe6a1868d89ba7,23269,1,0,146,0,1,1,1,1,1,1
C2,deterministic-3,second,6,2027074706,2027074706,0,917bfe398bd1cf60b1e2cf6d976f27e7ee2ebfb1ddaff3ad5ba287d4e3b74e02,36667,1,0,230,0,917bfe398bd1cf60b1e2cf6d976f27e7ee2ebfb1ddaff3ad5ba287d4e3b74e02,36667,1,0,230,0,917bfe398bd1cf60b1e2cf6d976f27e7ee2ebfb1ddaff3ad5ba287d4e3b74e02,36667,1,0,230,0,1,1,1,1,1,1
C2,deterministic-3,second,7,2027074707,2027074707,1,bbcf3a0f6222d537283a524e10480d057983494e18b8c4ac82e2c6c4c4efca6d,27909,0,0,175,0,bbcf3a0f6222d537283a524e10480d057983494e18b8c4ac82e2c6c4c4efca6d,27909,0,0,175,0,bbcf3a0f6222d537283a524e10480d057983494e18b8c4ac82e2c6c4c4efca6d,27909,0,0,175,0,1,1,1,1,1,1
C2,deterministic-3,second,8,2027074708,2027074708,0,2aa96101603c8641334a409b04aa1da54b74911d002bf4c5037810783c72509d,39183,0,0,246,0,2aa96101603c8641334a409b04aa1da54b74911d002bf4c5037810783c72509d,39183,0,0,246,0,2aa96101603c8641334a409b04aa1da54b74911d002bf4c5037810783c72509d,39183,0,0,246,0,1,1,1,1,1,1
C2,deterministic-3,second,9,2027074709,2027074709,1,cd942959c6935bb37d799ebf356de3bb2eb9fe1676d02296b8ce862ebaac0327,31538,1,0,198,0,cd942959c6935bb37d799ebf356de3bb2eb9fe1676d02296b8ce862ebaac0327,31538,1,0,198,0,cd942959c6935bb37d799ebf356de3bb2eb9fe1676d02296b8ce862ebaac0327,31538,1,0,198,0,1,1,1,1,1,1
C2,deterministic-3,second,10,2027074710,2027074710,0,4a3b5906e241aa8a0b135cbdcc4cab558f2c6b9726cc0afcc3cc26ad4ba881bb,31769,0,0,199,0,4a3b5906e241aa8a0b135cbdcc4cab558f2c6b9726cc0afcc3cc26ad4ba881bb,31769,0,0,199,0,4a3b5906e241aa8a0b135cbdcc4cab558f2c6b9726cc0afcc3cc26ad4ba881bb,31769,0,0,199,0,1,1,1,1,1,1
C2,deterministic-3,second,11,2027074711,2027074711,1,2d2ef5f678e741004668ee3b22cc652a1b7805d4ec47713973f0284995e4eee5,30324,0,0,190,0,2d2ef5f678e741004668ee3b22cc652a1b7805d4ec47713973f0284995e4eee5,30324,0,0,190,0,2d2ef5f678e741004668ee3b22cc652a1b7805d4ec47713973f0284995e4eee5,30324,0,0,190,0,1,1,1,1,1,1
C2,deterministic-3,second,12,2027074712,2027074712,0,76ee24c8a245b3e544cdbd4cc87dfb6ba6cfd4e796e3d999a97770075edcff50,29007,0,0,182,0,76ee24c8a245b3e544cdbd4cc87dfb6ba6cfd4e796e3d999a97770075edcff50,29007,0,0,182,0,76ee24c8a245b3e544cdbd4cc87dfb6ba6cfd4e796e3d999a97770075edcff50,29007,0,0,182,0,1,1,1,1,1,1
C2,deterministic-3,second,13,2027074713,2027074713,1,3cbda29270b828e758b89c63040a83046bb422532631666ec3bfd5211b12bceb,20075,1,0,126,0,3cbda29270b828e758b89c63040a83046bb422532631666ec3bfd5211b12bceb,20075,1,0,126,0,3cbda29270b828e758b89c63040a83046bb422532631666ec3bfd5211b12bceb,20075,1,0,126,0,1,1,1,1,1,1
C2,deterministic-3,second,14,2027074714,2027074714,0,06be9437b3b0109e89f247ff96071022adf2dad373610db8db8523fc4fba8f30,31891,1,0,200,0,06be9437b3b0109e89f247ff96071022adf2dad373610db8db8523fc4fba8f30,31891,1,0,200,0,06be9437b3b0109e89f247ff96071022adf2dad373610db8db8523fc4fba8f30,31891,1,0,200,0,1,1,1,1,1,1
C2,deterministic-3,second,15,2027074715,2027074715,1,4ad0f1f5826fe3439e8ff7c1beace096fdcafd2b5774adfd7239072c3cb00b25,39019,1,0,245,0,4ad0f1f5826fe3439e8ff7c1beace096fdcafd2b5774adfd7239072c3cb00b25,39019,1,0,245,0,4ad0f1f5826fe3439e8ff7c1beace096fdcafd2b5774adfd7239072c3cb00b25,39019,1,0,245,0,1,1,1,1,1,1
C2,deterministic-3,second,16,2027074716,2027074716,0,facb9c65ffe76243c02a5cb63101d8cb6b93d9b38dee725276ed94a246cb3a43,28804,0,0,181,0,facb9c65ffe76243c02a5cb63101d8cb6b93d9b38dee725276ed94a246cb3a43,28804,0,0,181,0,facb9c65ffe76243c02a5cb63101d8cb6b93d9b38dee725276ed94a246cb3a43,28804,0,0,181,0,1,1,1,1,1,1
C2,deterministic-3,second,17,2027074717,2027074717,1,43f2643023e7b212e9b206967a36a6c990bc217c197a634f370af71005b213f8,33607,1,0,211,0,43f2643023e7b212e9b206967a36a6c990bc217c197a634f370af71005b213f8,33607,1,0,211,0,43f2643023e7b212e9b206967a36a6c990bc217c197a634f370af71005b213f8,33607,1,0,211,0,1,1,1,1,1,1
C2,deterministic-3,second,18,2027074718,2027074718,0,1171b4989273049c7adb6ff56c8b381dd3bb2662974273e5afa1ef79d3b1c919,31655,1,0,199,0,1171b4989273049c7adb6ff56c8b381dd3bb2662974273e5afa1ef79d3b1c919,31655,1,0,199,0,1171b4989273049c7adb6ff56c8b381dd3bb2662974273e5afa1ef79d3b1c919,31655,1,0,199,0,1,1,1,1,1,1
C2,deterministic-3,second,19,2027074719,2027074719,1,e1295eea0178b7181593e5fefe54e2a99acdbd64e25e82268be400350dec4807,23804,0,0,149,0,e1295eea0178b7181593e5fefe54e2a99acdbd64e25e82268be400350dec4807,23804,0,0,149,0,e1295eea0178b7181593e5fefe54e2a99acdbd64e25e82268be400350dec4807,23804,0,0,149,0,1,1,1,1,1,1
C2,deterministic-3,second,20,2027074720,2027074720,0,a1bf7671bb85e8f0a35c290d2137eb76ef23f242994f6473d2226f413350d6fb,31742,1,0,199,0,a1bf7671bb85e8f0a35c290d2137eb76ef23f242994f6473d2226f413350d6fb,31742,1,0,199,0,a1bf7671bb85e8f0a35c290d2137eb76ef23f242994f6473d2226f413350d6fb,31742,1,0,199,0,1,1,1,1,1,1
C2,deterministic-3,second,21,2027074721,2027074721,1,d7c28daf36a86ba5093ab120e401b6ef568ac15c4946a9221ba4071acfe9daaf,35016,1,0,220,0,d7c28daf36a86ba5093ab120e401b6ef568ac15c4946a9221ba4071acfe9daaf,35016,1,0,220,0,d7c28daf36a86ba5093ab120e401b6ef568ac15c4946a9221ba4071acfe9daaf,35016,1,0,220,0,1,1,1,1,1,1
C2,deterministic-3,second,22,2027074722,2027074722,0,0eeb8aedafe733c3e238cca3bfb74b00f1d2701159bac53972efeb7d90ce4a5a,25425,0,0,159,0,0eeb8aedafe733c3e238cca3bfb74b00f1d2701159bac53972efeb7d90ce4a5a,25425,0,0,159,0,0eeb8aedafe733c3e238cca3bfb74b00f1d2701159bac53972efeb7d90ce4a5a,25425,0,0,159,0,1,1,1,1,1,1
C2,deterministic-3,second,23,2027074723,2027074723,1,4aeb07ac58836051c58013d81926dd053fd1fb64cd81a196067895dcd2fd3da9,34546,1,0,217,0,4aeb07ac58836051c58013d81926dd053fd1fb64cd81a196067895dcd2fd3da9,34546,1,0,217,0,4aeb07ac58836051c58013d81926dd053fd1fb64cd81a196067895dcd2fd3da9,34546,1,0,217,0,1,1,1,1,1,1
C2,deterministic-3,second,24,2027074724,2027074724,0,30f22e1101b034928430e81fd1667930ab514d77fc20862075c36a6215962161,28976,1,0,182,0,30f22e1101b034928430e81fd1667930ab514d77fc20862075c36a6215962161,28976,1,0,182,0,30f22e1101b034928430e81fd1667930ab514d77fc20862075c36a6215962161,28976,1,0,182,0,1,1,1,1,1,1
C2,deterministic-4,first,0,2026075700,2026075700,0,24c87de0e5ee783bc5b61f95fb744f6df6933f27e5925eeb8fa8f4b90237af3a,31493,0,0,197,0,24c87de0e5ee783bc5b61f95fb744f6df6933f27e5925eeb8fa8f4b90237af3a,31493,0,0,197,0,24c87de0e5ee783bc5b61f95fb744f6df6933f27e5925eeb8fa8f4b90237af3a,31493,0,0,197,0,1,1,1,1,1,1
C2,deterministic-4,first,1,2026075701,2026075701,1,2e057465094f783f5f37f6717863f8e50026c2cdfa9f823e6fed7d1d0a155b34,24007,0,0,150,0,2e057465094f783f5f37f6717863f8e50026c2cdfa9f823e6fed7d1d0a155b34,24007,0,0,150,0,2e057465094f783f5f37f6717863f8e50026c2cdfa9f823e6fed7d1d0a155b34,24007,0,0,150,0,1,1,1,1,1,1
C2,deterministic-4,first,2,2026075702,2026075702,0,c803fdec9cd922d867813e28d6d5e9db85cab4e20b08cc92f89bc1cc60b8736d,28619,1,0,179,0,c803fdec9cd922d867813e28d6d5e9db85cab4e20b08cc92f89bc1cc60b8736d,28619,1,0,179,0,c803fdec9cd922d867813e28d6d5e9db85cab4e20b08cc92f89bc1cc60b8736d,28619,1,0,179,0,1,1,1,1,1,1
C2,deterministic-4,first,3,2026075703,2026075703,1,3729c93912234819c25b67d79eadc8bdfd20ca8e7d1091c205b6debd4d66a9a9,38790,1,0,243,0,3729c93912234819c25b67d79eadc8bdfd20ca8e7d1091c205b6debd4d66a9a9,38790,1,0,243,0,3729c93912234819c25b67d79eadc8bdfd20ca8e7d1091c205b6debd4d66a9a9,38790,1,0,243,0,1,1,1,1,1,1
C2,deterministic-4,first,4,2026075704,2026075704,0,55b150f3734802e556113298fcbe5be2b9105a3c03290ab900b6fb797c9a5448,36559,0,0,229,0,55b150f3734802e556113298fcbe5be2b9105a3c03290ab900b6fb797c9a5448,36559,0,0,229,0,55b150f3734802e556113298fcbe5be2b9105a3c03290ab900b6fb797c9a5448,36559,0,0,229,0,1,1,1,1,1,1
C2,deterministic-4,first,5,2026075705,2026075705,1,0190b0cb82504019bb24b5310ff094785296f54c3160f5ea4ec2bc3612b03544,31757,1,0,199,0,0190b0cb82504019bb24b5310ff094785296f54c3160f5ea4ec2bc3612b03544,31757,1,0,199,0,0190b0cb82504019bb24b5310ff094785296f54c3160f5ea4ec2bc3612b03544,31757,1,0,199,0,1,1,1,1,1,1
C2,deterministic-4,first,6,2026075706,2026075706,0,05da648caad7223e476c70f6559f28f0879bfb27a1854a70e5c07bca8da8cdce,22930,1,0,144,0,05da648caad7223e476c70f6559f28f0879bfb27a1854a70e5c07bca8da8cdce,22930,1,0,144,0,05da648caad7223e476c70f6559f28f0879bfb27a1854a70e5c07bca8da8cdce,22930,1,0,144,0,1,1,1,1,1,1
C2,deterministic-4,first,7,2026075707,2026075707,1,d2ffbdddc89eea90f14a79b570c21b221fceed2f0a68b11e6c89a459eb7e46d5,34491,0,0,216,0,d2ffbdddc89eea90f14a79b570c21b221fceed2f0a68b11e6c89a459eb7e46d5,34491,0,0,216,0,d2ffbdddc89eea90f14a79b570c21b221fceed2f0a68b11e6c89a459eb7e46d5,34491,0,0,216,0,1,1,1,1,1,1
C2,deterministic-4,first,8,2026075708,2026075708,0,a1f390cc3299abe47a6163cc468a6324706094d4f8342ee6b3e07d12ef6c7575,25796,1,0,162,0,a1f390cc3299abe47a6163cc468a6324706094d4f8342ee6b3e07d12ef6c7575,25796,1,0,162,0,a1f390cc3299abe47a6163cc468a6324706094d4f8342ee6b3e07d12ef6c7575,25796,1,0,162,0,1,1,1,1,1,1
C2,deterministic-4,first,9,2026075709,2026075709,1,c57e0b9b8f75d01a95150074fa764b7b557eae9df735ce94e83983e578b6ffb9,33747,1,0,212,0,c57e0b9b8f75d01a95150074fa764b7b557eae9df735ce94e83983e578b6ffb9,33747,1,0,212,0,c57e0b9b8f75d01a95150074fa764b7b557eae9df735ce94e83983e578b6ffb9,33747,1,0,212,0,1,1,1,1,1,1
C2,deterministic-4,first,10,2026075710,2026075710,0,d2998623cbabd2efaea07c3690806d93397737c8db1b89ff635473371722958c,35189,1,0,221,0,d2998623cbabd2efaea07c3690806d93397737c8db1b89ff635473371722958c,35189,1,0,221,0,d2998623cbabd2efaea07c3690806d93397737c8db1b89ff635473371722958c,35189,1,0,221,0,1,1,1,1,1,1
C2,deterministic-4,first,11,2026075711,2026075711,1,1f617a1c856df6b3db4fb4efa5879b680ba3b42b4e9390ea6d50eb9f6820495c,27780,1,0,174,0,1f617a1c856df6b3db4fb4efa5879b680ba3b42b4e9390ea6d50eb9f6820495c,27780,1,0,174,0,1f617a1c856df6b3db4fb4efa5879b680ba3b42b4e9390ea6d50eb9f6820495c,27780,1,0,174,0,1,1,1,1,1,1
C2,deterministic-4,first,12,2026075712,2026075712,0,644d6ba3170b5eb47df4c1801cd43a9aa0dd0b4ec46d650210dee3c6cef8b15b,29542,0,0,185,0,644d6ba3170b5eb47df4c1801cd43a9aa0dd0b4ec46d650210dee3c6cef8b15b,29542,0,0,185,0,644d6ba3170b5eb47df4c1801cd43a9aa0dd0b4ec46d650210dee3c6cef8b15b,29542,0,0,185,0,1,1,1,1,1,1
C2,deterministic-4,first,13,2026075713,2026075713,1,57c0dbeb9fc3db2346fc987d8de05f5117dbe095e850f8d9a134018362d2d0ae,34138,0,0,214,0,57c0dbeb9fc3db2346fc987d8de05f5117dbe095e850f8d9a134018362d2d0ae,34138,0,0,214,0,57c0dbeb9fc3db2346fc987d8de05f5117dbe095e850f8d9a134018362d2d0ae,34138,0,0,214,0,1,1,1,1,1,1
C2,deterministic-4,first,14,2026075714,2026075714,0,3a68d46ca0a29cd196c01e472635842b30597a119a0d00b520337d508699e479,22456,0,0,140,0,3a68d46ca0a29cd196c01e472635842b30597a119a0d00b520337d508699e479,22456,0,0,140,0,3a68d46ca0a29cd196c01e472635842b30597a119a0d00b520337d508699e479,22456,0,0,140,0,1,1,1,1,1,1
C2,deterministic-4,first,15,2026075715,2026075715,1,77f5f4e745f62285b6346cde2c96f936b25edbd77cdf12fe8a57cd66ab0e2db1,31545,0,0,198,0,77f5f4e745f62285b6346cde2c96f936b25edbd77cdf12fe8a57cd66ab0e2db1,31545,0,0,198,0,77f5f4e745f62285b6346cde2c96f936b25edbd77cdf12fe8a57cd66ab0e2db1,31545,0,0,198,0,1,1,1,1,1,1
C2,deterministic-4,first,16,2026075716,2026075716,0,59591883b4cb6f5fde0ad001a15a06b80119ff2119d7dd1e47ff02273ec66f02,28062,1,0,176,0,59591883b4cb6f5fde0ad001a15a06b80119ff2119d7dd1e47ff02273ec66f02,28062,1,0,176,0,59591883b4cb6f5fde0ad001a15a06b80119ff2119d7dd1e47ff02273ec66f02,28062,1,0,176,0,1,1,1,1,1,1
C2,deterministic-4,first,17,2026075717,2026075717,1,2117d21fc16fa21bdcc42346b32337dcdd3249bb8560cfdde798fdfcff71ab7c,37018,0,0,232,0,2117d21fc16fa21bdcc42346b32337dcdd3249bb8560cfdde798fdfcff71ab7c,37018,0,0,232,0,2117d21fc16fa21bdcc42346b32337dcdd3249bb8560cfdde798fdfcff71ab7c,37018,0,0,232,0,1,1,1,1,1,1
C2,deterministic-4,first,18,2026075718,2026075718,0,968db47b0b525bd4d92e5c9bce7d68e1466a1decd233f7ef10284148c4460d6b,22496,1,0,141,0,968db47b0b525bd4d92e5c9bce7d68e1466a1decd233f7ef10284148c4460d6b,22496,1,0,141,0,968db47b0b525bd4d92e5c9bce7d68e1466a1decd233f7ef10284148c4460d6b,22496,1,0,141,0,1,1,1,1,1,1
C2,deterministic-4,first,19,2026075719,2026075719,1,ca68f94c82424a6dbf3c3927c7e3c396337dcf59fb7bfba8cd48c9f8fa5c8c4e,29797,1,0,187,0,ca68f94c82424a6dbf3c3927c7e3c396337dcf59fb7bfba8cd48c9f8fa5c8c4e,29797,1,0,187,0,ca68f94c82424a6dbf3c3927c7e3c396337dcf59fb7bfba8cd48c9f8fa5c8c4e,29797,1,0,187,0,1,1,1,1,1,1
C2,deterministic-4,first,20,2026075720,2026075720,0,cecc126d481da54eab5a32d648f880e6bc7bc693ad8077c6f993aa7253935570,29619,1,0,186,0,cecc126d481da54eab5a32d648f880e6bc7bc693ad8077c6f993aa7253935570,29619,1,0,186,0,cecc126d481da54eab5a32d648f880e6bc7bc693ad8077c6f993aa7253935570,29619,1,0,186,0,1,1,1,1,1,1
C2,deterministic-4,first,21,2026075721,2026075721,1,98340dc49124b1bb6d175af731d4ca399106c2b6be8df2f57e8970853c3da224,24198,1,0,152,0,98340dc49124b1bb6d175af731d4ca399106c2b6be8df2f57e8970853c3da224,24198,1,0,152,0,98340dc49124b1bb6d175af731d4ca399106c2b6be8df2f57e8970853c3da224,24198,1,0,152,0,1,1,1,1,1,1
C2,deterministic-4,first,22,2026075722,2026075722,0,2da7807c0b0e480528d1a3aac5e8013c54724454c09af6dfa852ccac9682d3c7,22876,0,0,143,0,2da7807c0b0e480528d1a3aac5e8013c54724454c09af6dfa852ccac9682d3c7,22876,0,0,143,0,2da7807c0b0e480528d1a3aac5e8013c54724454c09af6dfa852ccac9682d3c7,22876,0,0,143,0,1,1,1,1,1,1
C2,deterministic-4,first,23,2026075723,2026075723,1,8aafa82dfd674b8813f0d3ee9fe845fc0f0800ba666577559c902a9ca2b8e15c,25315,1,0,159,0,8aafa82dfd674b8813f0d3ee9fe845fc0f0800ba666577559c902a9ca2b8e15c,25315,1,0,159,0,8aafa82dfd674b8813f0d3ee9fe845fc0f0800ba666577559c902a9ca2b8e15c,25315,1,0,159,0,1,1,1,1,1,1
C2,deterministic-4,first,24,2026075724,2026075724,0,a217a56e6590047e6e1de4635589912194bfc219f2ce1107afe4c6dafdac63b1,19389,1,0,122,0,a217a56e6590047e6e1de4635589912194bfc219f2ce1107afe4c6dafdac63b1,19389,1,0,122,0,a217a56e6590047e6e1de4635589912194bfc219f2ce1107afe4c6dafdac63b1,19389,1,0,122,0,1,1,1,1,1,1
C2,deterministic-4,second,0,2027075700,2027075700,0,5d1543a70e368314b2487a687119663f3d9e7810f51474905784ef0896ab4c0d,28993,1,0,182,0,5d1543a70e368314b2487a687119663f3d9e7810f51474905784ef0896ab4c0d,28993,1,0,182,0,5d1543a70e368314b2487a687119663f3d9e7810f51474905784ef0896ab4c0d,28993,1,0,182,0,1,1,1,1,1,1
C2,deterministic-4,second,1,2027075701,2027075701,1,fff238d44ced7118094b4d3399331a1f276de242dc8e787f468a42db3a1de22d,39090,0,0,245,0,fff238d44ced7118094b4d3399331a1f276de242dc8e787f468a42db3a1de22d,39090,0,0,245,0,fff238d44ced7118094b4d3399331a1f276de242dc8e787f468a42db3a1de22d,39090,0,0,245,0,1,1,1,1,1,1
C2,deterministic-4,second,2,2027075702,2027075702,0,95a6a82ceadc1b7b195a28a50c1dce70eeb9fc541f60b231ab637a171ccb86ae,27073,1,0,170,0,95a6a82ceadc1b7b195a28a50c1dce70eeb9fc541f60b231ab637a171ccb86ae,27073,1,0,170,0,95a6a82ceadc1b7b195a28a50c1dce70eeb9fc541f60b231ab637a171ccb86ae,27073,1,0,170,0,1,1,1,1,1,1
C2,deterministic-4,second,3,2027075703,2027075703,1,bac7d1a280f447fcb7990f3e9f2b38731010afc8534a96e85b5d43eb82129cd7,24619,0,0,154,0,bac7d1a280f447fcb7990f3e9f2b38731010afc8534a96e85b5d43eb82129cd7,24619,0,0,154,0,bac7d1a280f447fcb7990f3e9f2b38731010afc8534a96e85b5d43eb82129cd7,24619,0,0,154,0,1,1,1,1,1,1
C2,deterministic-4,second,4,2027075704,2027075704,0,c09d183ba106f1db2346e51d0e082a6f245dbc33570199d9a8bbcc4c1a546434,32644,1,0,205,0,c09d183ba106f1db2346e51d0e082a6f245dbc33570199d9a8bbcc4c1a546434,32644,1,0,205,0,c09d183ba106f1db2346e51d0e082a6f245dbc33570199d9a8bbcc4c1a546434,32644,1,0,205,0,1,1,1,1,1,1
C2,deterministic-4,second,5,2027075705,2027075705,1,dd0bb0ea521c0fa59e6a1e5f1e5188b3f2a7b7ef9e0f6969bf59d76fe70f79f9,26484,1,0,166,0,dd0bb0ea521c0fa59e6a1e5f1e5188b3f2a7b7ef9e0f6969bf59d76fe70f79f9,26484,1,0,166,0,dd0bb0ea521c0fa59e6a1e5f1e5188b3f2a7b7ef9e0f6969bf59d76fe70f79f9,26484,1,0,166,0,1,1,1,1,1,1
C2,deterministic-4,second,6,2027075706,2027075706,0,2e9ba02ae47400051d7f1c90cc2698b0c528fa64a698e62459b2db2e2e40b44b,34272,0,0,215,0,2e9ba02ae47400051d7f1c90cc2698b0c528fa64a698e62459b2db2e2e40b44b,34272,0,0,215,0,2e9ba02ae47400051d7f1c90cc2698b0c528fa64a698e62459b2db2e2e40b44b,34272,0,0,215,0,1,1,1,1,1,1
C2,deterministic-4,second,7,2027075707,2027075707,1,00688d84b624b9aa6cbbd4cd15fbf66a4e7a6db3e268d7f6558386c3bc1ee485,35316,1,0,222,0,00688d84b624b9aa6cbbd4cd15fbf66a4e7a6db3e268d7f6558386c3bc1ee485,35316,1,0,222,0,00688d84b624b9aa6cbbd4cd15fbf66a4e7a6db3e268d7f6558386c3bc1ee485,35316,1,0,222,0,1,1,1,1,1,1
C2,deterministic-4,second,8,2027075708,2027075708,0,2223d6de7a9d01beff10cb3ec9ba10fff03228896d6b31c2f4d9ea720649cdea,35546,0,0,223,0,2223d6de7a9d01beff10cb3ec9ba10fff03228896d6b31c2f4d9ea720649cdea,35546,0,0,223,0,2223d6de7a9d01beff10cb3ec9ba10fff03228896d6b31c2f4d9ea720649cdea,35546,0,0,223,0,1,1,1,1,1,1
C2,deterministic-4,second,9,2027075709,2027075709,1,9778c0d5ac61c991ac4903a91e3fe0a5bb0ea9cef38ccff4be22ba19ec3cfaf0,34520,1,0,217,0,9778c0d5ac61c991ac4903a91e3fe0a5bb0ea9cef38ccff4be22ba19ec3cfaf0,34520,1,0,217,0,9778c0d5ac61c991ac4903a91e3fe0a5bb0ea9cef38ccff4be22ba19ec3cfaf0,34520,1,0,217,0,1,1,1,1,1,1
C2,deterministic-4,second,10,2027075710,2027075710,0,2ed49711d2886c142255734933db2db6bd845b4c3e44cdce66b9f2b2b52e76ce,29645,1,0,186,0,2ed49711d2886c142255734933db2db6bd845b4c3e44cdce66b9f2b2b52e76ce,29645,1,0,186,0,2ed49711d2886c142255734933db2db6bd845b4c3e44cdce66b9f2b2b52e76ce,29645,1,0,186,0,1,1,1,1,1,1
C2,deterministic-4,second,11,2027075711,2027075711,1,ebcd7f908dea5ba9de25f523d8ff5413e7f208a1fc9014ec035b5f8685d2b862,31948,0,0,200,0,ebcd7f908dea5ba9de25f523d8ff5413e7f208a1fc9014ec035b5f8685d2b862,31948,0,0,200,0,ebcd7f908dea5ba9de25f523d8ff5413e7f208a1fc9014ec035b5f8685d2b862,31948,0,0,200,0,1,1,1,1,1,1
C2,deterministic-4,second,12,2027075712,2027075712,0,acc83edea1e57d5870f94955e1a650e182bf7aebb9a2d71a8bb6769230ee43ab,32120,0,0,201,0,acc83edea1e57d5870f94955e1a650e182bf7aebb9a2d71a8bb6769230ee43ab,32120,0,0,201,0,acc83edea1e57d5870f94955e1a650e182bf7aebb9a2d71a8bb6769230ee43ab,32120,0,0,201,0,1,1,1,1,1,1
C2,deterministic-4,second,13,2027075713,2027075713,1,7fbe472fdd891cfc734a89d1c61cb960d953583c676b07d147008702fca3f88a,27073,1,0,170,0,7fbe472fdd891cfc734a89d1c61cb960d953583c676b07d147008702fca3f88a,27073,1,0,170,0,7fbe472fdd891cfc734a89d1c61cb960d953583c676b07d147008702fca3f88a,27073,1,0,170,0,1,1,1,1,1,1
C2,deterministic-4,second,14,2027075714,2027075714,0,12d3f4d0755de055cf8737ed2154b8310eb481b30810fdcc155edd76f649db66,28256,0,0,177,0,12d3f4d0755de055cf8737ed2154b8310eb481b30810fdcc155edd76f649db66,28256,0,0,177,0,12d3f4d0755de055cf8737ed2154b8310eb481b30810fdcc155edd76f649db66,28256,0,0,177,0,1,1,1,1,1,1
C2,deterministic-4,second,15,2027075715,2027075715,1,d27665d31a533518b187d6d257662c070be0fd4a7218a7b4d0d3359ce2f3909e,39200,1,0,246,0,d27665d31a533518b187d6d257662c070be0fd4a7218a7b4d0d3359ce2f3909e,39200,1,0,246,0,d27665d31a533518b187d6d257662c070be0fd4a7218a7b4d0d3359ce2f3909e,39200,1,0,246,0,1,1,1,1,1,1
C2,deterministic-4,second,16,2027075716,2027075716,0,fef6503b0ce4945c003e78655d1a9ed0b6cd298701559fe7399f84a154aecde6,25180,1,0,158,0,fef6503b0ce4945c003e78655d1a9ed0b6cd298701559fe7399f84a154aecde6,25180,1,0,158,0,fef6503b0ce4945c003e78655d1a9ed0b6cd298701559fe7399f84a154aecde6,25180,1,0,158,0,1,1,1,1,1,1
C2,deterministic-4,second,17,2027075717,2027075717,1,ffce656429ee2221ed726cd344061d6439eba9c2a2884f44ac6bd7eb57dac6d9,31284,0,0,196,0,ffce656429ee2221ed726cd344061d6439eba9c2a2884f44ac6bd7eb57dac6d9,31284,0,0,196,0,ffce656429ee2221ed726cd344061d6439eba9c2a2884f44ac6bd7eb57dac6d9,31284,0,0,196,0,1,1,1,1,1,1
C2,deterministic-4,second,18,2027075718,2027075718,0,303d050ee5f431142e95ea12aef191539aee19a24f744510856efcc9f6efb07b,32159,1,0,202,0,303d050ee5f431142e95ea12aef191539aee19a24f744510856efcc9f6efb07b,32159,1,0,202,0,303d050ee5f431142e95ea12aef191539aee19a24f744510856efcc9f6efb07b,32159,1,0,202,0,1,1,1,1,1,1
C2,deterministic-4,second,19,2027075719,2027075719,1,591a23e64114d6626eca1fcf897cd762c5a6cc58b62068ee4d3aacf289cf75bd,34363,1,0,216,0,591a23e64114d6626eca1fcf897cd762c5a6cc58b62068ee4d3aacf289cf75bd,34363,1,0,216,0,591a23e64114d6626eca1fcf897cd762c5a6cc58b62068ee4d3aacf289cf75bd,34363,1,0,216,0,1,1,1,1,1,1
C2,deterministic-4,second,20,2027075720,2027075720,0,6424349bb1b962240e8b16a738a3ee39a0516e49926ed149b0846714a9c29ae4,39589,0,0,248,0,6424349bb1b962240e8b16a738a3ee39a0516e49926ed149b0846714a9c29ae4,39589,0,0,248,0,6424349bb1b962240e8b16a738a3ee39a0516e49926ed149b0846714a9c29ae4,39589,0,0,248,0,1,1,1,1,1,1
C2,deterministic-4,second,21,2027075721,2027075721,1,9b7f08f504f697f874856cd487474c3db3703f44a15330cfe904901e1f3bfb8f,36241,0,0,227,0,9b7f08f504f697f874856cd487474c3db3703f44a15330cfe904901e1f3bfb8f,36241,0,0,227,0,9b7f08f504f697f874856cd487474c3db3703f44a15330cfe904901e1f3bfb8f,36241,0,0,227,0,1,1,1,1,1,1
C2,deterministic-4,second,22,2027075722,2027075722,0,0ffeb012dfc1755ee6c4d199a533978a47715d01539b5515beea56a99bdf2d9c,34636,1,0,217,0,0ffeb012dfc1755ee6c4d199a533978a47715d01539b5515beea56a99bdf2d9c,34636,1,0,217,0,0ffeb012dfc1755ee6c4d199a533978a47715d01539b5515beea56a99bdf2d9c,34636,1,0,217,0,1,1,1,1,1,1
C2,deterministic-4,second,23,2027075723,2027075723,1,52d4c9d50c146afea05ff6051cd812e6fb4dcfe404fd23dca4b410c6be7c0609,37128,1,0,233,0,52d4c9d50c146afea05ff6051cd812e6fb4dcfe404fd23dca4b410c6be7c0609,37128,1,0,233,0,52d4c9d50c146afea05ff6051cd812e6fb4dcfe404fd23dca4b410c6be7c0609,37128,1,0,233,0,1,1,1,1,1,1
C2,deterministic-4,second,24,2027075724,2027075724,0,8f809a3470ffafca4bcdd337178cf18a440b72df736d101ff1083faf2635bee1,20352,0,0,127,0,8f809a3470ffafca4bcdd337178cf18a440b72df736d101ff1083faf2635bee1,20352,0,0,127,0,8f809a3470ffafca4bcdd337178cf18a440b72df736d101ff1083faf2635bee1,20352,0,0,127,0,1,1,1,1,1,1
C2,deterministic-5,first,0,2026078700,2026078700,0,313ab73600cfdba30093e27fee3c701518e81fe38c3093aabb3a7893f0ea1135,23800,1,0,149,0,313ab73600cfdba30093e27fee3c701518e81fe38c3093aabb3a7893f0ea1135,23800,1,0,149,0,313ab73600cfdba30093e27fee3c701518e81fe38c3093aabb3a7893f0ea1135,23800,1,0,149,0,1,1,1,1,1,1
C2,deterministic-5,first,1,2026078701,2026078701,1,0968c36a89686b48c920c8a630b6f9a69176117921d9fc86d13fa8a7d87f40c7,24205,1,0,152,0,0968c36a89686b48c920c8a630b6f9a69176117921d9fc86d13fa8a7d87f40c7,24205,1,0,152,0,0968c36a89686b48c920c8a630b6f9a69176117921d9fc86d13fa8a7d87f40c7,24205,1,0,152,0,1,1,1,1,1,1
C2,deterministic-5,first,2,2026078702,2026078702,0,3c6b69e56a481605ec2f13026e92215c85ef0bcdeeb7ba1d8c74fd5c931cb1e8,18632,1,0,117,0,3c6b69e56a481605ec2f13026e92215c85ef0bcdeeb7ba1d8c74fd5c931cb1e8,18632,1,0,117,0,3c6b69e56a481605ec2f13026e92215c85ef0bcdeeb7ba1d8c74fd5c931cb1e8,18632,1,0,117,0,1,1,1,1,1,1
C2,deterministic-5,first,3,2026078703,2026078703,1,3074abc4aa45d9cf105c73d44cf3167b292bd39888a877f0c1f8d93490731673,28050,1,0,176,0,3074abc4aa45d9cf105c73d44cf3167b292bd39888a877f0c1f8d93490731673,28050,1,0,176,0,3074abc4aa45d9cf105c73d44cf3167b292bd39888a877f0c1f8d93490731673,28050,1,0,176,0,1,1,1,1,1,1
C2,deterministic-5,first,4,2026078704,2026078704,0,1616e116c880313d406b95970b07e520112f82684634d55110078de07e530ee8,31262,1,0,196,0,1616e116c880313d406b95970b07e520112f82684634d55110078de07e530ee8,31262,1,0,196,0,1616e116c880313d406b95970b07e520112f82684634d55110078de07e530ee8,31262,1,0,196,0,1,1,1,1,1,1
C2,deterministic-5,first,5,2026078705,2026078705,1,0949990038c9c0b37f9b72b308666a23a58d6fbe57204dc1fd4e199e486e9931,28885,1,0,181,0,0949990038c9c0b37f9b72b308666a23a58d6fbe57204dc1fd4e199e486e9931,28885,1,0,181,0,0949990038c9c0b37f9b72b308666a23a58d6fbe57204dc1fd4e199e486e9931,28885,1,0,181,0,1,1,1,1,1,1
C2,deterministic-5,first,6,2026078706,2026078706,0,d0ea8ee1fdc4289fd1eb0253c53a777889169b2111258312879def466073a51c,37349,1,0,235,0,d0ea8ee1fdc4289fd1eb0253c53a777889169b2111258312879def466073a51c,37349,1,0,235,0,d0ea8ee1fdc4289fd1eb0253c53a777889169b2111258312879def466073a51c,37349,1,0,235,0,1,1,1,1,1,1
C2,deterministic-5,first,7,2026078707,2026078707,1,d26ebf64774796ff8f438d0849ef18469f5031bc2e32bf9c67e9cf31a6639c15,22323,1,0,140,0,d26ebf64774796ff8f438d0849ef18469f5031bc2e32bf9c67e9cf31a6639c15,22323,1,0,140,0,d26ebf64774796ff8f438d0849ef18469f5031bc2e32bf9c67e9cf31a6639c15,22323,1,0,140,0,1,1,1,1,1,1
C2,deterministic-5,first,8,2026078708,2026078708,0,65ad4eace8d931526eb2146f7ee0cc2280f663fc4a5a809a2cc8566c92e8674b,25026,1,0,157,0,65ad4eace8d931526eb2146f7ee0cc2280f663fc4a5a809a2cc8566c92e8674b,25026,1,0,157,0,65ad4eace8d931526eb2146f7ee0cc2280f663fc4a5a809a2cc8566c92e8674b,25026,1,0,157,0,1,1,1,1,1,1
C2,deterministic-5,first,9,2026078709,2026078709,1,1c6deb553afa02820d8ecdfb4d3237293d21941f847ad228f8fa0712d36d0dc5,29075,0,0,182,0,1c6deb553afa02820d8ecdfb4d3237293d21941f847ad228f8fa0712d36d0dc5,29075,0,0,182,0,1c6deb553afa02820d8ecdfb4d3237293d21941f847ad228f8fa0712d36d0dc5,29075,0,0,182,0,1,1,1,1,1,1
C2,deterministic-5,first,10,2026078710,2026078710,0,9a5398cd6b579f47b5f133b2dceb33042f50b7b7e8a3644902f30e0c0bf53382,25006,1,0,157,0,9a5398cd6b579f47b5f133b2dceb33042f50b7b7e8a3644902f30e0c0bf53382,25006,1,0,157,0,9a5398cd6b579f47b5f133b2dceb33042f50b7b7e8a3644902f30e0c0bf53382,25006,1,0,157,0,1,1,1,1,1,1
C2,deterministic-5,first,11,2026078711,2026078711,1,cb5e2f01d58eead02fb871e79bbeaee421ba920771758f808aea7aeac2a729a6,22085,1,0,139,0,cb5e2f01d58eead02fb871e79bbeaee421ba920771758f808aea7aeac2a729a6,22085,1,0,139,0,cb5e2f01d58eead02fb871e79bbeaee421ba920771758f808aea7aeac2a729a6,22085,1,0,139,0,1,1,1,1,1,1
C2,deterministic-5,first,12,2026078712,2026078712,0,97f53c02221603d77bb5fe00f45d95b4b75e13f0ec15856b467af23bdbc96f5d,33147,1,0,208,0,97f53c02221603d77bb5fe00f45d95b4b75e13f0ec15856b467af23bdbc96f5d,33147,1,0,208,0,97f53c02221603d77bb5fe00f45d95b4b75e13f0ec15856b467af23bdbc96f5d,33147,1,0,208,0,1,1,1,1,1,1
C2,deterministic-5,first,13,2026078713,2026078713,1,ef95c41adc23457e0badaaaaf953a9e2638f30d0877a2408b1c2fb5e170fae17,22794,1,0,143,0,ef95c41adc23457e0badaaaaf953a9e2638f30d0877a2408b1c2fb5e170fae17,22794,1,0,143,0,ef95c41adc23457e0badaaaaf953a9e2638f30d0877a2408b1c2fb5e170fae17,22794,1,0,143,0,1,1,1,1,1,1
C2,deterministic-5,first,14,2026078714,2026078714,0,4f1e8ddbc0ddb48334dac76350e7f89a064ec09c62502658c73d7a58693195ac,19424,1,0,122,0,4f1e8ddbc0ddb48334dac76350e7f89a064ec09c62502658c73d7a58693195ac,19424,1,0,122,0,4f1e8ddbc0ddb48334dac76350e7f89a064ec09c62502658c73d7a58693195ac,19424,1,0,122,0,1,1,1,1,1,1
C2,deterministic-5,first,15,2026078715,2026078715,1,209ab154877eb759411c9c7b16cd263b11561d3aea15b7003d614afa3847b910,21345,1,0,134,0,209ab154877eb759411c9c7b16cd263b11561d3aea15b7003d614afa3847b910,21345,1,0,134,0,209ab154877eb759411c9c7b16cd263b11561d3aea15b7003d614afa3847b910,21345,1,0,134,0,1,1,1,1,1,1
C2,deterministic-5,first,16,2026078716,2026078716,0,aaa5ebab38531c3ecad3dcc01ace18859444efe6933b3f10eaae74a611586184,32313,1,0,203,0,aaa5ebab38531c3ecad3dcc01ace18859444efe6933b3f10eaae74a611586184,32313,1,0,203,0,aaa5ebab38531c3ecad3dcc01ace18859444efe6933b3f10eaae74a611586184,32313,1,0,203,0,1,1,1,1,1,1
C2,deterministic-5,first,17,2026078717,2026078717,1,68979515e3fa4aadddedb6fe961f790e792c22f7a28983b3e7b82d0bbdf4342d,25460,1,0,160,0,68979515e3fa4aadddedb6fe961f790e792c22f7a28983b3e7b82d0bbdf4342d,25460,1,0,160,0,68979515e3fa4aadddedb6fe961f790e792c22f7a28983b3e7b82d0bbdf4342d,25460,1,0,160,0,1,1,1,1,1,1
C2,deterministic-5,first,18,2026078718,2026078718,0,42c69299b0ef3e64dec21a1dd0185da9d82b69a2c0f8f6d5bdfe7dc66e60482e,27232,1,0,171,0,42c69299b0ef3e64dec21a1dd0185da9d82b69a2c0f8f6d5bdfe7dc66e60482e,27232,1,0,171,0,42c69299b0ef3e64dec21a1dd0185da9d82b69a2c0f8f6d5bdfe7dc66e60482e,27232,1,0,171,0,1,1,1,1,1,1
C2,deterministic-5,first,19,2026078719,2026078719,1,8951804664fb94158e52b47a43e28fbb90d8efc556bb4c8d0c0659c4c92135ad,27697,1,0,174,0,8951804664fb94158e52b47a43e28fbb90d8efc556bb4c8d0c0659c4c92135ad,27697,1,0,174,0,8951804664fb94158e52b47a43e28fbb90d8efc556bb4c8d0c0659c4c92135ad,27697,1,0,174,0,1,1,1,1,1,1
C2,deterministic-5,first,20,2026078720,2026078720,0,39114d231ac76ebdbe653288944e5eaa01e6bf06fd7aecf9dfda65fe38138641,27158,1,0,170,0,39114d231ac76ebdbe653288944e5eaa01e6bf06fd7aecf9dfda65fe38138641,27158,1,0,170,0,39114d231ac76ebdbe653288944e5eaa01e6bf06fd7aecf9dfda65fe38138641,27158,1,0,170,0,1,1,1,1,1,1
C2,deterministic-5,first,21,2026078721,2026078721,1,fede7c56d6b3cb204beacebecfd23a9355da1db541bcbc4ce75ccf41bb32680d,31255,1,0,196,0,fede7c56d6b3cb204beacebecfd23a9355da1db541bcbc4ce75ccf41bb32680d,31255,1,0,196,0,fede7c56d6b3cb204beacebecfd23a9355da1db541bcbc4ce75ccf41bb32680d,31255,1,0,196,0,1,1,1,1,1,1
C2,deterministic-5,first,22,2026078722,2026078722,0,3ab5c5d8e69b7d24ecaf4aea4e5870d2ec676c9724e32ba38bf32574b82ca5ea,31702,1,0,199,0,3ab5c5d8e69b7d24ecaf4aea4e5870d2ec676c9724e32ba38bf32574b82ca5ea,31702,1,0,199,0,3ab5c5d8e69b7d24ecaf4aea4e5870d2ec676c9724e32ba38bf32574b82ca5ea,31702,1,0,199,0,1,1,1,1,1,1
C2,deterministic-5,first,23,2026078723,2026078723,1,19f6e0a3554d2e7dc42931844519f96ad972d5822a415774984f66f8f5a65580,27710,1,0,174,0,19f6e0a3554d2e7dc42931844519f96ad972d5822a415774984f66f8f5a65580,27710,1,0,174,0,19f6e0a3554d2e7dc42931844519f96ad972d5822a415774984f66f8f5a65580,27710,1,0,174,0,1,1,1,1,1,1
C2,deterministic-5,first,24,2026078724,2026078724,0,9622e0e95f0249dfd3864ed3cabc66849f84f17f38fd708f7599c5c69cb370ec,23821,1,0,149,0,9622e0e95f0249dfd3864ed3cabc66849f84f17f38fd708f7599c5c69cb370ec,23821,1,0,149,0,9622e0e95f0249dfd3864ed3cabc66849f84f17f38fd708f7599c5c69cb370ec,23821,1,0,149,0,1,1,1,1,1,1
C2,deterministic-5,second,0,2027078700,2027078700,0,04b9d8a9e456e66971467fc874394b221518f2269f20c15f831ca638f8a9f2b7,24072,1,0,151,0,04b9d8a9e456e66971467fc874394b221518f2269f20c15f831ca638f8a9f2b7,24072,1,0,151,0,04b9d8a9e456e66971467fc874394b221518f2269f20c15f831ca638f8a9f2b7,24072,1,0,151,0,1,1,1,1,1,1
C2,deterministic-5,second,1,2027078701,2027078701,1,23169a4bea2fdb54236f629bf116daf15c254ea55d97cfa819f8f349524481a4,25684,1,0,161,0,23169a4bea2fdb54236f629bf116daf15c254ea55d97cfa819f8f349524481a4,25684,1,0,161,0,23169a4bea2fdb54236f629bf116daf15c254ea55d97cfa819f8f349524481a4,25684,1,0,161,0,1,1,1,1,1,1
C2,deterministic-5,second,2,2027078702,2027078702,0,17c869834715cdd98029e2edbd0beae1d283e42c233a7b9c19f532a6de002324,24033,1,0,151,0,17c869834715cdd98029e2edbd0beae1d283e42c233a7b9c19f532a6de002324,24033,1,0,151,0,17c869834715cdd98029e2edbd0beae1d283e42c233a7b9c19f532a6de002324,24033,1,0,151,0,1,1,1,1,1,1
C2,deterministic-5,second,3,2027078703,2027078703,1,eabee0f9bd82ecb9fd1f851b77259173665d82ef6d7d8680f39a31976f712572,22913,1,0,144,0,eabee0f9bd82ecb9fd1f851b77259173665d82ef6d7d8680f39a31976f712572,22913,1,0,144,0,eabee0f9bd82ecb9fd1f851b77259173665d82ef6d7d8680f39a31976f712572,22913,1,0,144,0,1,1,1,1,1,1
C2,deterministic-5,second,4,2027078704,2027078704,0,8545f2cfa6b495bbf703128df36f76cdd0a172f66997374baad40f8147249f71,24054,1,0,151,0,8545f2cfa6b495bbf703128df36f76cdd0a172f66997374baad40f8147249f71,24054,1,0,151,0,8545f2cfa6b495bbf703128df36f76cdd0a172f66997374baad40f8147249f71,24054,1,0,151,0,1,1,1,1,1,1
C2,deterministic-5,second,5,2027078705,2027078705,1,a9cb9b2f28be199169dc33a12b34183c26129d381de6400716c6f2a537f14780,21241,1,0,133,0,a9cb9b2f28be199169dc33a12b34183c26129d381de6400716c6f2a537f14780,21241,1,0,133,0,a9cb9b2f28be199169dc33a12b34183c26129d381de6400716c6f2a537f14780,21241,1,0,133,0,1,1,1,1,1,1
C2,deterministic-5,second,6,2027078706,2027078706,0,9308d828e23bd40269110d1d6dd2399c5d51bb5aa074f58b5cdeeea0dc27068c,23727,1,0,149,0,9308d828e23bd40269110d1d6dd2399c5d51bb5aa074f58b5cdeeea0dc27068c,23727,1,0,149,0,9308d828e23bd40269110d1d6dd2399c5d51bb5aa074f58b5cdeeea0dc27068c,23727,1,0,149,0,1,1,1,1,1,1
C2,deterministic-5,second,7,2027078707,2027078707,1,9136b3717128d42d2615dc148b60519f8cc54fa2aee8bd549fb2fb50b7a19b66,26106,1,0,164,0,9136b3717128d42d2615dc148b60519f8cc54fa2aee8bd549fb2fb50b7a19b66,26106,1,0,164,0,9136b3717128d42d2615dc148b60519f8cc54fa2aee8bd549fb2fb50b7a19b66,26106,1,0,164,0,1,1,1,1,1,1
C2,deterministic-5,second,8,2027078708,2027078708,0,cf3022dacad2162a526d476e1f71a2696f8debb561e6e7dc66d0cd10f6c312ff,30760,1,0,193,0,cf3022dacad2162a526d476e1f71a2696f8debb561e6e7dc66d0cd10f6c312ff,30760,1,0,193,0,cf3022dacad2162a526d476e1f71a2696f8debb561e6e7dc66d0cd10f6c312ff,30760,1,0,193,0,1,1,1,1,1,1
C2,deterministic-5,second,9,2027078709,2027078709,1,260a59ee427f71b0e856c9145767851eeacb83bed3f2668ea829550c7e7152d5,26785,1,0,168,0,260a59ee427f71b0e856c9145767851eeacb83bed3f2668ea829550c7e7152d5,26785,1,0,168,0,260a59ee427f71b0e856c9145767851eeacb83bed3f2668ea829550c7e7152d5,26785,1,0,168,0,1,1,1,1,1,1
C2,deterministic-5,second,10,2027078710,2027078710,0,ff41fa83e3c9b894e25b312a22ccd15fc497aba422c6a5a27e64f5d8cde25ffa,17714,1,0,111,0,ff41fa83e3c9b894e25b312a22ccd15fc497aba422c6a5a27e64f5d8cde25ffa,17714,1,0,111,0,ff41fa83e3c9b894e25b312a22ccd15fc497aba422c6a5a27e64f5d8cde25ffa,17714,1,0,111,0,1,1,1,1,1,1
C2,deterministic-5,second,11,2027078711,2027078711,1,bff5fff58ea0c0aa6f95b3cd3f2fc83c4282e8c8650a17135df884b6dacef92c,25814,1,0,162,0,bff5fff58ea0c0aa6f95b3cd3f2fc83c4282e8c8650a17135df884b6dacef92c,25814,1,0,162,0,bff5fff58ea0c0aa6f95b3cd3f2fc83c4282e8c8650a17135df884b6dacef92c,25814,1,0,162,0,1,1,1,1,1,1
C2,deterministic-5,second,12,2027078712,2027078712,0,a6b1102725af3a9a85531c73c954b298eafcb840bcd58d0e28ccecaa786ad3b1,24091,1,0,151,0,a6b1102725af3a9a85531c73c954b298eafcb840bcd58d0e28ccecaa786ad3b1,24091,1,0,151,0,a6b1102725af3a9a85531c73c954b298eafcb840bcd58d0e28ccecaa786ad3b1,24091,1,0,151,0,1,1,1,1,1,1
C2,deterministic-5,second,13,2027078713,2027078713,1,4a69e265999e41008026e33b241af3716311de428c2a278af88b9119e025ef2b,25023,1,0,157,0,4a69e265999e41008026e33b241af3716311de428c2a278af88b9119e025ef2b,25023,1,0,157,0,4a69e265999e41008026e33b241af3716311de428c2a278af88b9119e025ef2b,25023,1,0,157,0,1,1,1,1,1,1
C2,deterministic-5,second,14,2027078714,2027078714,0,8ac2b3c94876b5aa442317e04058a856889132942ef8c45e5c57b063b25991fe,28814,1,0,181,0,8ac2b3c94876b5aa442317e04058a856889132942ef8c45e5c57b063b25991fe,28814,1,0,181,0,8ac2b3c94876b5aa442317e04058a856889132942ef8c45e5c57b063b25991fe,28814,1,0,181,0,1,1,1,1,1,1
C2,deterministic-5,second,15,2027078715,2027078715,1,cb4a6c0493d71deb5b20a6f3e2ef5a79dc26336a1c0b03cbc1ddc045c43cfb25,34943,1,0,219,0,cb4a6c0493d71deb5b20a6f3e2ef5a79dc26336a1c0b03cbc1ddc045c43cfb25,34943,1,0,219,0,cb4a6c0493d71deb5b20a6f3e2ef5a79dc26336a1c0b03cbc1ddc045c43cfb25,34943,1,0,219,0,1,1,1,1,1,1
C2,deterministic-5,second,16,2027078716,2027078716,0,dd99c3246ae440249a706d89c28a2d137c48c22d71c110078f4ebf99208060c3,28522,1,0,179,0,dd99c3246ae440249a706d89c28a2d137c48c22d71c110078f4ebf99208060c3,28522,1,0,179,0,dd99c3246ae440249a706d89c28a2d137c48c22d71c110078f4ebf99208060c3,28522,1,0,179,0,1,1,1,1,1,1
C2,deterministic-5,second,17,2027078717,2027078717,1,b7c2de528b9471217a5349793c9de17d94534ea14cd209691b0f5d7035281f0a,25336,1,0,159,0,b7c2de528b9471217a5349793c9de17d94534ea14cd209691b0f5d7035281f0a,25336,1,0,159,0,b7c2de528b9471217a5349793c9de17d94534ea14cd209691b0f5d7035281f0a,25336,1,0,159,0,1,1,1,1,1,1
C2,deterministic-5,second,18,2027078718,2027078718,0,174a4397a0d9ab99caacf95d618afdb039cc3d4a6ad8b2d17836d5586df9c515,9890,1,0,62,0,174a4397a0d9ab99caacf95d618afdb039cc3d4a6ad8b2d17836d5586df9c515,9890,1,0,62,0,174a4397a0d9ab99caacf95d618afdb039cc3d4a6ad8b2d17836d5586df9c515,9890,1,0,62,0,1,1,1,1,1,1
C2,deterministic-5,second,19,2027078719,2027078719,1,d0ee2f0cfba8f3cacde84568226d41f5c1b4fb21b2459587f1f71273f2c19cb1,14002,0,0,87,0,d0ee2f0cfba8f3cacde84568226d41f5c1b4fb21b2459587f1f71273f2c19cb1,14002,0,0,87,0,d0ee2f0cfba8f3cacde84568226d41f5c1b4fb21b2459587f1f71273f2c19cb1,14002,0,0,87,0,1,1,1,1,1,1
C2,deterministic-5,second,20,2027078720,2027078720,0,8b7ae2777d67b429e64a4436222001d919c93fbc195b5b60127497942112f187,26768,1,0,168,0,8b7ae2777d67b429e64a4436222001d919c93fbc195b5b60127497942112f187,26768,1,0,168,0,8b7ae2777d67b429e64a4436222001d919c93fbc195b5b60127497942112f187,26768,1,0,168,0,1,1,1,1,1,1
C2,deterministic-5,second,21,2027078721,2027078721,1,3ee50f6151552975d2e1dbbdf5e531a23b359b45d16a8b21532c331a3bbcd938,22013,1,0,138,0,3ee50f6151552975d2e1dbbdf5e531a23b359b45d16a8b21532c331a3bbcd938,22013,1,0,138,0,3ee50f6151552975d2e1dbbdf5e531a23b359b45d16a8b21532c331a3bbcd938,22013,1,0,138,0,1,1,1,1,1,1
C2,deterministic-5,second,22,2027078722,2027078722,0,b879e416b68df8f04b91039427ae97cad9ac71708ef08d70d23a13a46167e08e,25356,1,0,159,0,b879e416b68df8f04b91039427ae97cad9ac71708ef08d70d23a13a46167e08e,25356,1,0,159,0,b879e416b68df8f04b91039427ae97cad9ac71708ef08d70d23a13a46167e08e,25356,1,0,159,0,1,1,1,1,1,1
C2,deterministic-5,second,23,2027078723,2027078723,1,dc6f86170b2de6289dead8a8553c6a79bbbe1f6ec2a9d81677dc0c108927d300,29135,1,0,183,0,dc6f86170b2de6289dead8a8553c6a79bbbe1f6ec2a9d81677dc0c108927d300,29135,1,0,183,0,dc6f86170b2de6289dead8a8553c6a79bbbe1f6ec2a9d81677dc0c108927d300,29135,1,0,183,0,1,1,1,1,1,1
C2,deterministic-5,second,24,2027078724,2027078724,0,7255e29ccd2e4440a7804123cf9427637ea001b2d36f2faeb2d23175f4b9ae32,29645,1,0,186,0,7255e29ccd2e4440a7804123cf9427637ea001b2d36f2faeb2d23175f4b9ae32,29645,1,0,186,0,7255e29ccd2e4440a7804123cf9427637ea001b2d36f2faeb2d23175f4b9ae32,29645,1,0,186,0,1,1,1,1,1,1
C3,deterministic-1,first,0,2026072700,2026072700,0,a228a76b9371bea7f3ddf7b2f44f4453c91632d72e7b82fa5fb856a89de13077,37438,0,0,235,0,a228a76b9371bea7f3ddf7b2f44f4453c91632d72e7b82fa5fb856a89de13077,37438,0,0,235,0,a228a76b9371bea7f3ddf7b2f44f4453c91632d72e7b82fa5fb856a89de13077,37438,0,0,235,0,1,1,1,1,1,1
C3,deterministic-1,first,1,2026072701,2026072701,1,507c6ba8b56d91b8b28733f4106a689f3138b0bb7ffed94c6b0a64ba1cc3e006,34811,0,0,218,0,507c6ba8b56d91b8b28733f4106a689f3138b0bb7ffed94c6b0a64ba1cc3e006,34811,0,0,218,0,507c6ba8b56d91b8b28733f4106a689f3138b0bb7ffed94c6b0a64ba1cc3e006,34811,0,0,218,0,1,1,1,1,1,1
C3,deterministic-1,first,2,2026072702,2026072702,0,a901584747d1c3c0bea1f5aedb4aec65d8dc2472d080819b51cc3d333fedc2bd,33914,1,0,213,0,a901584747d1c3c0bea1f5aedb4aec65d8dc2472d080819b51cc3d333fedc2bd,33914,1,0,213,0,a901584747d1c3c0bea1f5aedb4aec65d8dc2472d080819b51cc3d333fedc2bd,33914,1,0,213,0,1,1,1,1,1,1
C3,deterministic-1,first,3,2026072703,2026072703,1,cb77825d5871d2f6869d2b4d9e872c7826ebfe37503a10e004ce496e20ed587f,37796,1,0,237,0,cb77825d5871d2f6869d2b4d9e872c7826ebfe37503a10e004ce496e20ed587f,37796,1,0,237,0,cb77825d5871d2f6869d2b4d9e872c7826ebfe37503a10e004ce496e20ed587f,37796,1,0,237,0,1,1,1,1,1,1
C3,deterministic-1,first,4,2026072704,2026072704,0,57da2e4022154bce24e1c45a68d98d2bb39494384b800ee74ee95adb5e28d90b,34987,1,0,220,0,57da2e4022154bce24e1c45a68d98d2bb39494384b800ee74ee95adb5e28d90b,34987,1,0,220,0,57da2e4022154bce24e1c45a68d98d2bb39494384b800ee74ee95adb5e28d90b,34987,1,0,220,0,1,1,1,1,1,1
C3,deterministic-1,first,5,2026072705,2026072705,1,63875c85a832613bd232de51598a2a3f7830babe93d9100776b8b84e20e610a9,31920,0,0,200,0,63875c85a832613bd232de51598a2a3f7830babe93d9100776b8b84e20e610a9,31920,0,0,200,0,63875c85a832613bd232de51598a2a3f7830babe93d9100776b8b84e20e610a9,31920,0,0,200,0,1,1,1,1,1,1
C3,deterministic-1,first,6,2026072706,2026072706,0,3a19ca6351bd513a79c0db2a257ec300691832808890ca818f9b59f486a6d1ff,36676,1,0,230,0,3a19ca6351bd513a79c0db2a257ec300691832808890ca818f9b59f486a6d1ff,36676,1,0,230,0,3a19ca6351bd513a79c0db2a257ec300691832808890ca818f9b59f486a6d1ff,36676,1,0,230,0,1,1,1,1,1,1
C3,deterministic-1,first,7,2026072707,2026072707,1,1d7a0e26551e72df79823cef06ed646eb8ca7f4d218a7aa367f2f09acf0314ef,31762,0,0,199,0,1d7a0e26551e72df79823cef06ed646eb8ca7f4d218a7aa367f2f09acf0314ef,31762,0,0,199,0,1d7a0e26551e72df79823cef06ed646eb8ca7f4d218a7aa367f2f09acf0314ef,31762,0,0,199,0,1,1,1,1,1,1
C3,deterministic-1,first,8,2026072708,2026072708,0,bb594aec88cbfe5c6091ba7d2c6453884833ab007313ac9ccc07329dedd40d26,29763,1,0,187,0,bb594aec88cbfe5c6091ba7d2c6453884833ab007313ac9ccc07329dedd40d26,29763,1,0,187,0,bb594aec88cbfe5c6091ba7d2c6453884833ab007313ac9ccc07329dedd40d26,29763,1,0,187,0,1,1,1,1,1,1
C3,deterministic-1,first,9,2026072709,2026072709,1,15f40c23644146f70507de29c29baab27f6493cbdac5c5ca87c21024e0ab29b7,31570,0,0,198,0,15f40c23644146f70507de29c29baab27f6493cbdac5c5ca87c21024e0ab29b7,31570,0,0,198,0,15f40c23644146f70507de29c29baab27f6493cbdac5c5ca87c21024e0ab29b7,31570,0,0,198,0,1,1,1,1,1,1
C3,deterministic-1,first,10,2026072710,2026072710,0,58cd9a6cb31504b1589bc2ea7d2f8a3e170bae451831ba8eacf73002e155179f,30712,0,0,192,0,58cd9a6cb31504b1589bc2ea7d2f8a3e170bae451831ba8eacf73002e155179f,30712,0,0,192,0,58cd9a6cb31504b1589bc2ea7d2f8a3e170bae451831ba8eacf73002e155179f,30712,0,0,192,0,1,1,1,1,1,1
C3,deterministic-1,first,11,2026072711,2026072711,1,eec54c8fdb355068e84be0cc4bdd35944ac5aa9cb15d48a628762fca3d43f7b1,27127,1,0,170,0,eec54c8fdb355068e84be0cc4bdd35944ac5aa9cb15d48a628762fca3d43f7b1,27127,1,0,170,0,eec54c8fdb355068e84be0cc4bdd35944ac5aa9cb15d48a628762fca3d43f7b1,27127,1,0,170,0,1,1,1,1,1,1
C3,deterministic-1,first,12,2026072712,2026072712,0,8ad2efe8906ee23d0265eb4e7ee7902a9b69a9ff78fff4b4dd826a01dfd65a07,51563,0,0,323,0,8ad2efe8906ee23d0265eb4e7ee7902a9b69a9ff78fff4b4dd826a01dfd65a07,51563,0,0,323,0,8ad2efe8906ee23d0265eb4e7ee7902a9b69a9ff78fff4b4dd826a01dfd65a07,51563,0,0,323,0,1,1,1,1,1,1
C3,deterministic-1,first,13,2026072713,2026072713,1,4ad39f1863a1280e048e9a696171e7f4eaac14fee6f50f422d06417d8ee6507a,28625,1,0,180,0,4ad39f1863a1280e048e9a696171e7f4eaac14fee6f50f422d06417d8ee6507a,28625,1,0,180,0,4ad39f1863a1280e048e9a696171e7f4eaac14fee6f50f422d06417d8ee6507a,28625,1,0,180,0,1,1,1,1,1,1
C3,deterministic-1,first,14,2026072714,2026072714,0,e447b996b981999f893c9dc4c7b956fbad02fbf592a3dcb60d9e05215495a128,26103,1,0,164,0,e447b996b981999f893c9dc4c7b956fbad02fbf592a3dcb60d9e05215495a128,26103,1,0,164,0,e447b996b981999f893c9dc4c7b956fbad02fbf592a3dcb60d9e05215495a128,26103,1,0,164,0,1,1,1,1,1,1
C3,deterministic-1,first,15,2026072715,2026072715,1,02b8091f4f94bd53bf59f07ee0d87f2596fdf0b7ad64f8a3edeeb4bba738af0c,32795,1,0,206,0,02b8091f4f94bd53bf59f07ee0d87f2596fdf0b7ad64f8a3edeeb4bba738af0c,32795,1,0,206,0,02b8091f4f94bd53bf59f07ee0d87f2596fdf0b7ad64f8a3edeeb4bba738af0c,32795,1,0,206,0,1,1,1,1,1,1
C3,deterministic-1,first,16,2026072716,2026072716,0,92632eeaa3d829fabf1454fa1a28555201869858461315be1310f538ed88100e,26293,1,0,165,0,92632eeaa3d829fabf1454fa1a28555201869858461315be1310f538ed88100e,26293,1,0,165,0,92632eeaa3d829fabf1454fa1a28555201869858461315be1310f538ed88100e,26293,1,0,165,0,1,1,1,1,1,1
C3,deterministic-1,first,17,2026072717,2026072717,1,d52fd5dbf56ac52e605b9dc1121fd8cefcaa4b739f50dfa281223e24a5cc7349,28646,0,0,179,0,d52fd5dbf56ac52e605b9dc1121fd8cefcaa4b739f50dfa281223e24a5cc7349,28646,0,0,179,0,d52fd5dbf56ac52e605b9dc1121fd8cefcaa4b739f50dfa281223e24a5cc7349,28646,0,0,179,0,1,1,1,1,1,1
C3,deterministic-1,first,18,2026072718,2026072718,0,c121273c021691963b06de1d431059c3784e56f86e7599df5d7f17cfce8a9e0c,28895,1,0,181,0,c121273c021691963b06de1d431059c3784e56f86e7599df5d7f17cfce8a9e0c,28895,1,0,181,0,c121273c021691963b06de1d431059c3784e56f86e7599df5d7f17cfce8a9e0c,28895,1,0,181,0,1,1,1,1,1,1
C3,deterministic-1,first,19,2026072719,2026072719,1,2b93e6e87c6c2c74fd4e28c7fca5b437c67d229fb012500cb224d9f896779a49,22162,1,0,139,0,2b93e6e87c6c2c74fd4e28c7fca5b437c67d229fb012500cb224d9f896779a49,22162,1,0,139,0,2b93e6e87c6c2c74fd4e28c7fca5b437c67d229fb012500cb224d9f896779a49,22162,1,0,139,0,1,1,1,1,1,1
C3,deterministic-1,first,20,2026072720,2026072720,0,09bc79f095f60ced78ffc4cf1bd2cf01c7d97c84af0c63a4dd36b22bbf0bd3b2,32629,0,0,204,0,09bc79f095f60ced78ffc4cf1bd2cf01c7d97c84af0c63a4dd36b22bbf0bd3b2,32629,0,0,204,0,09bc79f095f60ced78ffc4cf1bd2cf01c7d97c84af0c63a4dd36b22bbf0bd3b2,32629,0,0,204,0,1,1,1,1,1,1
C3,deterministic-1,first,21,2026072721,2026072721,1,b059b3888b7e5ce9b222859e960628b944534cbdee918da56357fd7648bb616c,26355,0,0,165,0,b059b3888b7e5ce9b222859e960628b944534cbdee918da56357fd7648bb616c,26355,0,0,165,0,b059b3888b7e5ce9b222859e960628b944534cbdee918da56357fd7648bb616c,26355,0,0,165,0,1,1,1,1,1,1
C3,deterministic-1,first,22,2026072722,2026072722,0,74364e31752eb375676a541bce281670c714c2ce81cce3e58e77406b853c177b,23287,1,0,146,0,74364e31752eb375676a541bce281670c714c2ce81cce3e58e77406b853c177b,23287,1,0,146,0,74364e31752eb375676a541bce281670c714c2ce81cce3e58e77406b853c177b,23287,1,0,146,0,1,1,1,1,1,1
C3,deterministic-1,first,23,2026072723,2026072723,1,c4c8577ce541f23f2f98d69e3c898032fbc33f2e324ab05bfa6edd56231fa0d4,32036,1,0,201,0,c4c8577ce541f23f2f98d69e3c898032fbc33f2e324ab05bfa6edd56231fa0d4,32036,1,0,201,0,c4c8577ce541f23f2f98d69e3c898032fbc33f2e324ab05bfa6edd56231fa0d4,32036,1,0,201,0,1,1,1,1,1,1
C3,deterministic-1,first,24,2026072724,2026072724,0,e32707a494153609f4fe4d6df5de575d3c9fa0ac6db4b42eaa75f9a9189fdac6,37068,0,0,232,0,e32707a494153609f4fe4d6df5de575d3c9fa0ac6db4b42eaa75f9a9189fdac6,37068,0,0,232,0,e32707a494153609f4fe4d6df5de575d3c9fa0ac6db4b42eaa75f9a9189fdac6,37068,0,0,232,0,1,1,1,1,1,1
C3,deterministic-1,second,0,2027072700,2027072700,0,66296c2ae6fc277e609af552b84983ae077f449d394d53c3fa791abdddb4f073,27602,1,0,173,0,66296c2ae6fc277e609af552b84983ae077f449d394d53c3fa791abdddb4f073,27602,1,0,173,0,66296c2ae6fc277e609af552b84983ae077f449d394d53c3fa791abdddb4f073,27602,1,0,173,0,1,1,1,1,1,1
C3,deterministic-1,second,1,2027072701,2027072701,1,9f6336656c99a891524564b0bce6e10684e435d78fbd169f06741f99b4f858fd,27660,0,0,173,0,9f6336656c99a891524564b0bce6e10684e435d78fbd169f06741f99b4f858fd,27660,0,0,173,0,9f6336656c99a891524564b0bce6e10684e435d78fbd169f06741f99b4f858fd,27660,0,0,173,0,1,1,1,1,1,1
C3,deterministic-1,second,2,2027072702,2027072702,0,36de5dd873f47d3ec81f23e4d35b038783a5ec8098002fbf31243abf690f5d16,33716,0,0,211,0,36de5dd873f47d3ec81f23e4d35b038783a5ec8098002fbf31243abf690f5d16,33716,0,0,211,0,36de5dd873f47d3ec81f23e4d35b038783a5ec8098002fbf31243abf690f5d16,33716,0,0,211,0,1,1,1,1,1,1
C3,deterministic-1,second,3,2027072703,2027072703,1,addea391f86e63846431c37f831124700bac6af6dc4f3a0ec0a59832bfb452a0,30130,0,0,189,0,addea391f86e63846431c37f831124700bac6af6dc4f3a0ec0a59832bfb452a0,30130,0,0,189,0,addea391f86e63846431c37f831124700bac6af6dc4f3a0ec0a59832bfb452a0,30130,0,0,189,0,1,1,1,1,1,1
C3,deterministic-1,second,4,2027072704,2027072704,0,b52c5e57b79fc89ab86f680082029f5abac8c53c0d202b1d3b45d97d3e66ec47,26026,0,0,163,0,b52c5e57b79fc89ab86f680082029f5abac8c53c0d202b1d3b45d97d3e66ec47,26026,0,0,163,0,b52c5e57b79fc89ab86f680082029f5abac8c53c0d202b1d3b45d97d3e66ec47,26026,0,0,163,0,1,1,1,1,1,1
C3,deterministic-1,second,5,2027072705,2027072705,1,8432056c92f89addb1857113cac755ea4bf3cef7bca6a565e5a9d2541fa0e11f,31891,0,0,200,0,8432056c92f89addb1857113cac755ea4bf3cef7bca6a565e5a9d2541fa0e11f,31891,0,0,200,0,8432056c92f89addb1857113cac755ea4bf3cef7bca6a565e5a9d2541fa0e11f,31891,0,0,200,0,1,1,1,1,1,1
C3,deterministic-1,second,6,2027072706,2027072706,0,85ae9878efefd0d2056eb71c9b0f6308239d562a9cecff58410545e9a03bb185,28740,1,0,180,0,85ae9878efefd0d2056eb71c9b0f6308239d562a9cecff58410545e9a03bb185,28740,1,0,180,0,85ae9878efefd0d2056eb71c9b0f6308239d562a9cecff58410545e9a03bb185,28740,1,0,180,0,1,1,1,1,1,1
C3,deterministic-1,second,7,2027072707,2027072707,1,c30c0bad865221ec0b48e16e53e28f33be9ffaa981c165b5fb12e6c01d6a518f,32658,0,0,205,0,c30c0bad865221ec0b48e16e53e28f33be9ffaa981c165b5fb12e6c01d6a518f,32658,0,0,205,0,c30c0bad865221ec0b48e16e53e28f33be9ffaa981c165b5fb12e6c01d6a518f,32658,0,0,205,0,1,1,1,1,1,1
C3,deterministic-1,second,8,2027072708,2027072708,0,eddc1e06e4eb91984d467af2912dfd21d327789f2601bfbf9096e3a9ad20a879,25754,0,0,161,0,eddc1e06e4eb91984d467af2912dfd21d327789f2601bfbf9096e3a9ad20a879,25754,0,0,161,0,eddc1e06e4eb91984d467af2912dfd21d327789f2601bfbf9096e3a9ad20a879,25754,0,0,161,0,1,1,1,1,1,1
C3,deterministic-1,second,9,2027072709,2027072709,1,0457d192f24f1e46ef4f3217dbdafb31b9162fe77e9c470887fee3143797c205,31451,0,0,197,0,0457d192f24f1e46ef4f3217dbdafb31b9162fe77e9c470887fee3143797c205,31451,0,0,197,0,0457d192f24f1e46ef4f3217dbdafb31b9162fe77e9c470887fee3143797c205,31451,0,0,197,0,1,1,1,1,1,1
C3,deterministic-1,second,10,2027072710,2027072710,0,092092499a92122f3ea9fe1534f383cc8690fdd9df2a59b3519965f1322bdc71,24356,1,0,153,0,092092499a92122f3ea9fe1534f383cc8690fdd9df2a59b3519965f1322bdc71,24356,1,0,153,0,092092499a92122f3ea9fe1534f383cc8690fdd9df2a59b3519965f1322bdc71,24356,1,0,153,0,1,1,1,1,1,1
C3,deterministic-1,second,11,2027072711,2027072711,1,0f4cb268c3c13769f708798e7cc6177d2bff9bff7eecf9862683954974a792e2,31757,0,0,199,0,0f4cb268c3c13769f708798e7cc6177d2bff9bff7eecf9862683954974a792e2,31757,0,0,199,0,0f4cb268c3c13769f708798e7cc6177d2bff9bff7eecf9862683954974a792e2,31757,0,0,199,0,1,1,1,1,1,1
C3,deterministic-1,second,12,2027072712,2027072712,0,00f19a1227e31a8bcfbe5f2b0f3ae0d0909ee136799a8ae6a9b599d33d62e46c,28972,1,0,182,0,00f19a1227e31a8bcfbe5f2b0f3ae0d0909ee136799a8ae6a9b599d33d62e46c,28972,1,0,182,0,00f19a1227e31a8bcfbe5f2b0f3ae0d0909ee136799a8ae6a9b599d33d62e46c,28972,1,0,182,0,1,1,1,1,1,1
C3,deterministic-1,second,13,2027072713,2027072713,1,fa7bd7d2ea984b71fb9e96e9cd676ac2dd2a3fb158ba56e5f41a32ac044c5353,30881,1,0,194,0,fa7bd7d2ea984b71fb9e96e9cd676ac2dd2a3fb158ba56e5f41a32ac044c5353,30881,1,0,194,0,fa7bd7d2ea984b71fb9e96e9cd676ac2dd2a3fb158ba56e5f41a32ac044c5353,30881,1,0,194,0,1,1,1,1,1,1
C3,deterministic-1,second,14,2027072714,2027072714,0,405fddd05ab50b0a400bc99e1828d8613246b2577d585b95a3f594a9bb1917d6,34635,0,0,217,0,405fddd05ab50b0a400bc99e1828d8613246b2577d585b95a3f594a9bb1917d6,34635,0,0,217,0,405fddd05ab50b0a400bc99e1828d8613246b2577d585b95a3f594a9bb1917d6,34635,0,0,217,0,1,1,1,1,1,1
C3,deterministic-1,second,15,2027072715,2027072715,1,b755bdfeab5c40def18d3639972aca64519b17e3cf10b02faaf63f0a31ff9101,28915,0,0,181,0,b755bdfeab5c40def18d3639972aca64519b17e3cf10b02faaf63f0a31ff9101,28915,0,0,181,0,b755bdfeab5c40def18d3639972aca64519b17e3cf10b02faaf63f0a31ff9101,28915,0,0,181,0,1,1,1,1,1,1
C3,deterministic-1,second,16,2027072716,2027072716,0,f485ef744f44e44665afeeef7913a31d20fe1f8ba03d7939a6042ff041e5ce34,28517,1,0,179,0,f485ef744f44e44665afeeef7913a31d20fe1f8ba03d7939a6042ff041e5ce34,28517,1,0,179,0,f485ef744f44e44665afeeef7913a31d20fe1f8ba03d7939a6042ff041e5ce34,28517,1,0,179,0,1,1,1,1,1,1
C3,deterministic-1,second,17,2027072717,2027072717,1,1cf1941c6360e0210fc76d580c6fb8349340d10767dc3b8fdea54828d9e9a3a0,32205,0,0,202,0,1cf1941c6360e0210fc76d580c6fb8349340d10767dc3b8fdea54828d9e9a3a0,32205,0,0,202,0,1cf1941c6360e0210fc76d580c6fb8349340d10767dc3b8fdea54828d9e9a3a0,32205,0,0,202,0,1,1,1,1,1,1
C3,deterministic-1,second,18,2027072718,2027072718,0,c99be6cdd1de72cf6bda78a220cc88f255e6019669657d6e2f78c8e5d95c72c4,33625,1,0,211,0,c99be6cdd1de72cf6bda78a220cc88f255e6019669657d6e2f78c8e5d95c72c4,33625,1,0,211,0,c99be6cdd1de72cf6bda78a220cc88f255e6019669657d6e2f78c8e5d95c72c4,33625,1,0,211,0,1,1,1,1,1,1
C3,deterministic-1,second,19,2027072719,2027072719,1,70e1720f1dae7a48f7944f2484b30006fdbcd8bebca94729dec0b2aed315d8c2,32239,0,0,202,0,70e1720f1dae7a48f7944f2484b30006fdbcd8bebca94729dec0b2aed315d8c2,32239,0,0,202,0,70e1720f1dae7a48f7944f2484b30006fdbcd8bebca94729dec0b2aed315d8c2,32239,0,0,202,0,1,1,1,1,1,1
C3,deterministic-1,second,20,2027072720,2027072720,0,074032183a22c1ca60dbadcd785aa0e565fe8906db936b4bf0aceb5762ff056f,29623,1,0,186,0,074032183a22c1ca60dbadcd785aa0e565fe8906db936b4bf0aceb5762ff056f,29623,1,0,186,0,074032183a22c1ca60dbadcd785aa0e565fe8906db936b4bf0aceb5762ff056f,29623,1,0,186,0,1,1,1,1,1,1
C3,deterministic-1,second,21,2027072721,2027072721,1,e045af9969b3560c453538b17c544027447e69ee106f836ffeca79cf1509b070,27766,0,0,174,0,e045af9969b3560c453538b17c544027447e69ee106f836ffeca79cf1509b070,27766,0,0,174,0,e045af9969b3560c453538b17c544027447e69ee106f836ffeca79cf1509b070,27766,0,0,174,0,1,1,1,1,1,1
C3,deterministic-1,second,22,2027072722,2027072722,0,c38576cffd5caf908d5f3e7f4d03cc7300ab848a4ff953b558c833b608ea11a8,37111,0,0,233,0,c38576cffd5caf908d5f3e7f4d03cc7300ab848a4ff953b558c833b608ea11a8,37111,0,0,233,0,c38576cffd5caf908d5f3e7f4d03cc7300ab848a4ff953b558c833b608ea11a8,37111,0,0,233,0,1,1,1,1,1,1
C3,deterministic-1,second,23,2027072723,2027072723,1,7548399c0be3563986c9c3552768d8221a423d94ce68a9cd6c203bd8d56dc294,25566,0,0,160,0,7548399c0be3563986c9c3552768d8221a423d94ce68a9cd6c203bd8d56dc294,25566,0,0,160,0,7548399c0be3563986c9c3552768d8221a423d94ce68a9cd6c203bd8d56dc294,25566,0,0,160,0,1,1,1,1,1,1
C3,deterministic-1,second,24,2027072724,2027072724,0,1a74fd604ae672025ad3b2589bead5ee27d4db972e60ce1041f441bd8dcbaa54,34086,0,0,214,0,1a74fd604ae672025ad3b2589bead5ee27d4db972e60ce1041f441bd8dcbaa54,34086,0,0,214,0,1a74fd604ae672025ad3b2589bead5ee27d4db972e60ce1041f441bd8dcbaa54,34086,0,0,214,0,1,1,1,1,1,1
C3,deterministic-2,first,0,2026073700,2026073700,0,20b8539198a9c6302571392003a99f9d38f420b4be2fd02d9222395920032867,26519,0,0,166,0,20b8539198a9c6302571392003a99f9d38f420b4be2fd02d9222395920032867,26519,0,0,166,0,20b8539198a9c6302571392003a99f9d38f420b4be2fd02d9222395920032867,26519,0,0,166,0,1,1,1,1,1,1
C3,deterministic-2,first,1,2026073701,2026073701,1,5c2ec738aed153a8bb9c7f6a7ec2c18dbce4376d9531761524cb1c2e0ad11bc9,20568,1,0,129,0,5c2ec738aed153a8bb9c7f6a7ec2c18dbce4376d9531761524cb1c2e0ad11bc9,20568,1,0,129,0,5c2ec738aed153a8bb9c7f6a7ec2c18dbce4376d9531761524cb1c2e0ad11bc9,20568,1,0,129,0,1,1,1,1,1,1
C3,deterministic-2,first,2,2026073702,2026073702,0,4952ad454bae2745071f1cbe7ff18ff4c757a9c6c0b801960d2446c1f8c04c2b,38271,1,0,240,0,4952ad454bae2745071f1cbe7ff18ff4c757a9c6c0b801960d2446c1f8c04c2b,38271,1,0,240,0,4952ad454bae2745071f1cbe7ff18ff4c757a9c6c0b801960d2446c1f8c04c2b,38271,1,0,240,0,1,1,1,1,1,1
C3,deterministic-2,first,3,2026073703,2026073703,1,dab7ddce09873d352a1df6dc0b6cdfec86e4e0e1ce0c418aa779a33cc5d657ae,26894,1,0,169,0,dab7ddce09873d352a1df6dc0b6cdfec86e4e0e1ce0c418aa779a33cc5d657ae,26894,1,0,169,0,dab7ddce09873d352a1df6dc0b6cdfec86e4e0e1ce0c418aa779a33cc5d657ae,26894,1,0,169,0,1,1,1,1,1,1
C3,deterministic-2,first,4,2026073704,2026073704,0,3c9b4fd1386f76230fd87137babea9e7d8fca9104048dca24f6a97012de70b61,42431,0,0,266,0,3c9b4fd1386f76230fd87137babea9e7d8fca9104048dca24f6a97012de70b61,42431,0,0,266,0,3c9b4fd1386f76230fd87137babea9e7d8fca9104048dca24f6a97012de70b61,42431,0,0,266,0,1,1,1,1,1,1
C3,deterministic-2,first,5,2026073705,2026073705,1,90193dc2d1724a3dd164c77bdeb91d4611959038a510711af6d92076b05bdd77,24342,0,0,152,0,90193dc2d1724a3dd164c77bdeb91d4611959038a510711af6d92076b05bdd77,24342,0,0,152,0,90193dc2d1724a3dd164c77bdeb91d4611959038a510711af6d92076b05bdd77,24342,0,0,152,0,1,1,1,1,1,1
C3,deterministic-2,first,6,2026073706,2026073706,0,4df8ee17fd35e4051dc9b6a1d1bcfd61ff28c40ee62ed51188a325624f73ad52,27665,1,0,174,0,4df8ee17fd35e4051dc9b6a1d1bcfd61ff28c40ee62ed51188a325624f73ad52,27665,1,0,174,0,4df8ee17fd35e4051dc9b6a1d1bcfd61ff28c40ee62ed51188a325624f73ad52,27665,1,0,174,0,1,1,1,1,1,1
C3,deterministic-2,first,7,2026073707,2026073707,1,0ed78f6925f7b8f7cf287f8380a92f36805b5bcf7db9eff4452725b248c28ddf,27602,0,0,173,0,0ed78f6925f7b8f7cf287f8380a92f36805b5bcf7db9eff4452725b248c28ddf,27602,0,0,173,0,0ed78f6925f7b8f7cf287f8380a92f36805b5bcf7db9eff4452725b248c28ddf,27602,0,0,173,0,1,1,1,1,1,1
C3,deterministic-2,first,8,2026073708,2026073708,0,81597c53049c65ece96472e2a09621d3cc63cd736c8d6d3969c29d84ac83874c,35220,0,0,221,0,81597c53049c65ece96472e2a09621d3cc63cd736c8d6d3969c29d84ac83874c,35220,0,0,221,0,81597c53049c65ece96472e2a09621d3cc63cd736c8d6d3969c29d84ac83874c,35220,0,0,221,0,1,1,1,1,1,1
C3,deterministic-2,first,9,2026073709,2026073709,1,29cfd3fb4ba1583d72c5a34423429a43b1d5cde4f936885be1dfbe90709f87d9,35088,0,0,220,0,29cfd3fb4ba1583d72c5a34423429a43b1d5cde4f936885be1dfbe90709f87d9,35088,0,0,220,0,29cfd3fb4ba1583d72c5a34423429a43b1d5cde4f936885be1dfbe90709f87d9,35088,0,0,220,0,1,1,1,1,1,1
C3,deterministic-2,first,10,2026073710,2026073710,0,f8782d3688812b87703e52d33ee06f7bd3f678a80fb688fa64a32e7039b38b4b,34479,0,0,216,0,f8782d3688812b87703e52d33ee06f7bd3f678a80fb688fa64a32e7039b38b4b,34479,0,0,216,0,f8782d3688812b87703e52d33ee06f7bd3f678a80fb688fa64a32e7039b38b4b,34479,0,0,216,0,1,1,1,1,1,1
C3,deterministic-2,first,11,2026073711,2026073711,1,5b704c25e64e003db921327b8232aac80bbe8e1448e90579b4bef33f929f1278,31627,0,0,198,0,5b704c25e64e003db921327b8232aac80bbe8e1448e90579b4bef33f929f1278,31627,0,0,198,0,5b704c25e64e003db921327b8232aac80bbe8e1448e90579b4bef33f929f1278,31627,0,0,198,0,1,1,1,1,1,1
C3,deterministic-2,first,12,2026073712,2026073712,0,1fa0bfd8f4c4d6c47ae91bcaaaed718b89ae9da9bbef2bcf93370bef6ec8202e,24519,1,0,154,0,1fa0bfd8f4c4d6c47ae91bcaaaed718b89ae9da9bbef2bcf93370bef6ec8202e,24519,1,0,154,0,1fa0bfd8f4c4d6c47ae91bcaaaed718b89ae9da9bbef2bcf93370bef6ec8202e,24519,1,0,154,0,1,1,1,1,1,1
C3,deterministic-2,first,13,2026073713,2026073713,1,b00046e484df6a92b5dc162acbcf1ef65e663ec56d9f556f26341bd2e794c94d,29641,0,0,186,0,b00046e484df6a92b5dc162acbcf1ef65e663ec56d9f556f26341bd2e794c94d,29641,0,0,186,0,b00046e484df6a92b5dc162acbcf1ef65e663ec56d9f556f26341bd2e794c94d,29641,0,0,186,0,1,1,1,1,1,1
C3,deterministic-2,first,14,2026073714,2026073714,0,a94b8fa773f46559f9534fd1a5658b97a14d361e4c46b7728c5657957e32e86f,35777,0,0,224,0,a94b8fa773f46559f9534fd1a5658b97a14d361e4c46b7728c5657957e32e86f,35777,0,0,224,0,a94b8fa773f46559f9534fd1a5658b97a14d361e4c46b7728c5657957e32e86f,35777,0,0,224,0,1,1,1,1,1,1
C3,deterministic-2,first,15,2026073715,2026073715,1,40645a7b56effeefeb5104401bea38a7f5c417d99e6a2021bafc1c6bd19240ea,24186,1,0,152,0,40645a7b56effeefeb5104401bea38a7f5c417d99e6a2021bafc1c6bd19240ea,24186,1,0,152,0,40645a7b56effeefeb5104401bea38a7f5c417d99e6a2021bafc1c6bd19240ea,24186,1,0,152,0,1,1,1,1,1,1
C3,deterministic-2,first,16,2026073716,2026073716,0,4c08be3471710b438a6b3b7f01d9e702675b876e07635107c1742a73a55a34ab,31874,1,0,200,0,4c08be3471710b438a6b3b7f01d9e702675b876e07635107c1742a73a55a34ab,31874,1,0,200,0,4c08be3471710b438a6b3b7f01d9e702675b876e07635107c1742a73a55a34ab,31874,1,0,200,0,1,1,1,1,1,1
C3,deterministic-2,first,17,2026073717,2026073717,1,791ccf8e3a975f308ace0091adde88ffc4164e36b73fc8ab3f6349e1a9fe17cb,21789,0,0,136,0,791ccf8e3a975f308ace0091adde88ffc4164e36b73fc8ab3f6349e1a9fe17cb,21789,0,0,136,0,791ccf8e3a975f308ace0091adde88ffc4164e36b73fc8ab3f6349e1a9fe17cb,21789,0,0,136,0,1,1,1,1,1,1
C3,deterministic-2,first,18,2026073718,2026073718,0,9f3a3f66bc5979bc4e75a52031860e2dfd22b4194275014d72d020390766a481,39756,0,0,249,0,9f3a3f66bc5979bc4e75a52031860e2dfd22b4194275014d72d020390766a481,39756,0,0,249,0,9f3a3f66bc5979bc4e75a52031860e2dfd22b4194275014d72d020390766a481,39756,0,0,249,0,1,1,1,1,1,1
C3,deterministic-2,first,19,2026073719,2026073719,1,1f1e8675e373738130f5c0c07edac0a3b630b182293daa92c4c901cd6c75eece,38318,0,0,240,0,1f1e8675e373738130f5c0c07edac0a3b630b182293daa92c4c901cd6c75eece,38318,0,0,240,0,1f1e8675e373738130f5c0c07edac0a3b630b182293daa92c4c901cd6c75eece,38318,0,0,240,0,1,1,1,1,1,1
C3,deterministic-2,first,20,2026073720,2026073720,0,6f37e2c884f7894a128e290c6cb32f1e40bd2d63200caa0cc0376eecc05b8abc,28135,0,0,176,0,6f37e2c884f7894a128e290c6cb32f1e40bd2d63200caa0cc0376eecc05b8abc,28135,0,0,176,0,6f37e2c884f7894a128e290c6cb32f1e40bd2d63200caa0cc0376eecc05b8abc,28135,0,0,176,0,1,1,1,1,1,1
C3,deterministic-2,first,21,2026073721,2026073721,1,3a45b25b8100e4aad19030f57a877959a2946c912cd08b88c7e784f268575144,32335,1,0,203,0,3a45b25b8100e4aad19030f57a877959a2946c912cd08b88c7e784f268575144,32335,1,0,203,0,3a45b25b8100e4aad19030f57a877959a2946c912cd08b88c7e784f268575144,32335,1,0,203,0,1,1,1,1,1,1
C3,deterministic-2,first,22,2026073722,2026073722,0,7c745165391c8e58dd13dcb07387f93897c3e397ce21584dab65c1fc1e79fa10,31248,0,0,196,0,7c745165391c8e58dd13dcb07387f93897c3e397ce21584dab65c1fc1e79fa10,31248,0,0,196,0,7c745165391c8e58dd13dcb07387f93897c3e397ce21584dab65c1fc1e79fa10,31248,0,0,196,0,1,1,1,1,1,1
C3,deterministic-2,first,23,2026073723,2026073723,1,7c376d4222055f1147e5a84e0d152adf7575a7dbbd96bd91f4ddaff0af9d2de1,28805,1,0,181,0,7c376d4222055f1147e5a84e0d152adf7575a7dbbd96bd91f4ddaff0af9d2de1,28805,1,0,181,0,7c376d4222055f1147e5a84e0d152adf7575a7dbbd96bd91f4ddaff0af9d2de1,28805,1,0,181,0,1,1,1,1,1,1
C3,deterministic-2,first,24,2026073724,2026073724,0,38cec5740e5c4b3fef22897ad7b67d627385ab0ff452a052c3f86984b7d4857b,36191,0,0,227,0,38cec5740e5c4b3fef22897ad7b67d627385ab0ff452a052c3f86984b7d4857b,36191,0,0,227,0,38cec5740e5c4b3fef22897ad7b67d627385ab0ff452a052c3f86984b7d4857b,36191,0,0,227,0,1,1,1,1,1,1
C3,deterministic-2,second,0,2027073700,2027073700,0,db3c1b7273ebcbc2c30da6b81caee473aa7fbeb5610629c46c4894e632794de6,29773,1,0,187,0,db3c1b7273ebcbc2c30da6b81caee473aa7fbeb5610629c46c4894e632794de6,29773,1,0,187,0,db3c1b7273ebcbc2c30da6b81caee473aa7fbeb5610629c46c4894e632794de6,29773,1,0,187,0,1,1,1,1,1,1
C3,deterministic-2,second,1,2027073701,2027073701,1,b7c1a46f6c9c96ccc2ae6ec2c4f41059cb0edd38f55c276faf0aa0925e02fd92,32194,1,0,202,0,b7c1a46f6c9c96ccc2ae6ec2c4f41059cb0edd38f55c276faf0aa0925e02fd92,32194,1,0,202,0,b7c1a46f6c9c96ccc2ae6ec2c4f41059cb0edd38f55c276faf0aa0925e02fd92,32194,1,0,202,0,1,1,1,1,1,1
C3,deterministic-2,second,2,2027073702,2027073702,0,ab57d9a7cea665f464a7a2901a8fad47986b4f21f5c7b50ef37262c04f5ae62e,30724,1,0,193,0,ab57d9a7cea665f464a7a2901a8fad47986b4f21f5c7b50ef37262c04f5ae62e,30724,1,0,193,0,ab57d9a7cea665f464a7a2901a8fad47986b4f21f5c7b50ef37262c04f5ae62e,30724,1,0,193,0,1,1,1,1,1,1
C3,deterministic-2,second,3,2027073703,2027073703,1,708c4bb430e68a90ec515c491bd71374fc7a4e183f0c60dee862911ed00a0298,35675,1,0,224,0,708c4bb430e68a90ec515c491bd71374fc7a4e183f0c60dee862911ed00a0298,35675,1,0,224,0,708c4bb430e68a90ec515c491bd71374fc7a4e183f0c60dee862911ed00a0298,35675,1,0,224,0,1,1,1,1,1,1
C3,deterministic-2,second,4,2027073704,2027073704,0,6cbbde57c9f8268202ae51453fc5451dde091a624175c05fa814a9796348db28,29991,1,0,188,0,6cbbde57c9f8268202ae51453fc5451dde091a624175c05fa814a9796348db28,29991,1,0,188,0,6cbbde57c9f8268202ae51453fc5451dde091a624175c05fa814a9796348db28,29991,1,0,188,0,1,1,1,1,1,1
C3,deterministic-2,second,5,2027073705,2027073705,1,92eec9fa17d50c8bc1d87d98dc89a8d49749a0f46f25ef3250ef1af9218ba92b,31545,1,0,198,0,92eec9fa17d50c8bc1d87d98dc89a8d49749a0f46f25ef3250ef1af9218ba92b,31545,1,0,198,0,92eec9fa17d50c8bc1d87d98dc89a8d49749a0f46f25ef3250ef1af9218ba92b,31545,1,0,198,0,1,1,1,1,1,1
C3,deterministic-2,second,6,2027073706,2027073706,0,48620bd116cae592e478b4d32d802ca149da24b0cbb495c5e170acdcf6e5c8f1,31929,1,0,200,0,48620bd116cae592e478b4d32d802ca149da24b0cbb495c5e170acdcf6e5c8f1,31929,1,0,200,0,48620bd116cae592e478b4d32d802ca149da24b0cbb495c5e170acdcf6e5c8f1,31929,1,0,200,0,1,1,1,1,1,1
C3,deterministic-2,second,7,2027073707,2027073707,1,26889f02a67ec518f4b6d05195e7be24733d654af6f5cd1907b04a5c2efea9b6,33647,0,0,211,0,26889f02a67ec518f4b6d05195e7be24733d654af6f5cd1907b04a5c2efea9b6,33647,0,0,211,0,26889f02a67ec518f4b6d05195e7be24733d654af6f5cd1907b04a5c2efea9b6,33647,0,0,211,0,1,1,1,1,1,1
C3,deterministic-2,second,8,2027073708,2027073708,0,1ed8606d6403cae00d908f82abe4a168c5b69820b4dee585284c8a0b3c6b15ac,42295,0,0,265,0,1ed8606d6403cae00d908f82abe4a168c5b69820b4dee585284c8a0b3c6b15ac,42295,0,0,265,0,1ed8606d6403cae00d908f82abe4a168c5b69820b4dee585284c8a0b3c6b15ac,42295,0,0,265,0,1,1,1,1,1,1
C3,deterministic-2,second,9,2027073709,2027073709,1,2daf77e20b05d42f7ac44b51c71e244c0d00e8c61cc55aa159242bd19e0dc8a2,27093,1,0,170,0,2daf77e20b05d42f7ac44b51c71e244c0d00e8c61cc55aa159242bd19e0dc8a2,27093,1,0,170,0,2daf77e20b05d42f7ac44b51c71e244c0d00e8c61cc55aa159242bd19e0dc8a2,27093,1,0,170,0,1,1,1,1,1,1
C3,deterministic-2,second,10,2027073710,2027073710,0,7a7227e72443ea343dc978272f7f65ac1d0a15ce2c4d6b77bb0480274a27163f,32642,1,0,205,0,7a7227e72443ea343dc978272f7f65ac1d0a15ce2c4d6b77bb0480274a27163f,32642,1,0,205,0,7a7227e72443ea343dc978272f7f65ac1d0a15ce2c4d6b77bb0480274a27163f,32642,1,0,205,0,1,1,1,1,1,1
C3,deterministic-2,second,11,2027073711,2027073711,1,3da6730d14afb29141523635aadced0ca0aba31243d9539e8936ba54bdef2b98,24927,0,0,156,0,3da6730d14afb29141523635aadced0ca0aba31243d9539e8936ba54bdef2b98,24927,0,0,156,0,3da6730d14afb29141523635aadced0ca0aba31243d9539e8936ba54bdef2b98,24927,0,0,156,0,1,1,1,1,1,1
C3,deterministic-2,second,12,2027073712,2027073712,0,d0ec061d960e32631d4478a6db552f015eba48493d0a1a13ea3ae9133331decf,32385,0,0,203,0,d0ec061d960e32631d4478a6db552f015eba48493d0a1a13ea3ae9133331decf,32385,0,0,203,0,d0ec061d960e32631d4478a6db552f015eba48493d0a1a13ea3ae9133331decf,32385,0,0,203,0,1,1,1,1,1,1
C3,deterministic-2,second,13,2027073713,2027073713,1,64e5a17d5b4b7bf6582f71178b321a6451f2b49bdbc31e5ec2412b7182365c2c,35884,0,0,225,0,64e5a17d5b4b7bf6582f71178b321a6451f2b49bdbc31e5ec2412b7182365c2c,35884,0,0,225,0,64e5a17d5b4b7bf6582f71178b321a6451f2b49bdbc31e5ec2412b7182365c2c,35884,0,0,225,0,1,1,1,1,1,1
C3,deterministic-2,second,14,2027073714,2027073714,0,1efcf8f7ffd0b3938bbc26a1764096c7e16d75abe1dca51f335bbd50b65675e6,30585,1,0,192,0,1efcf8f7ffd0b3938bbc26a1764096c7e16d75abe1dca51f335bbd50b65675e6,30585,1,0,192,0,1efcf8f7ffd0b3938bbc26a1764096c7e16d75abe1dca51f335bbd50b65675e6,30585,1,0,192,0,1,1,1,1,1,1
C3,deterministic-2,second,15,2027073715,2027073715,1,5b0e7b59373e018e697f5502be884c16516ba299cca5dae85f922dd59c0ba7c7,24725,1,0,155,0,5b0e7b59373e018e697f5502be884c16516ba299cca5dae85f922dd59c0ba7c7,24725,1,0,155,0,5b0e7b59373e018e697f5502be884c16516ba299cca5dae85f922dd59c0ba7c7,24725,1,0,155,0,1,1,1,1,1,1
C3,deterministic-2,second,16,2027073716,2027073716,0,2715e5b23270d89e34d57f05b8d02bfae844ec457295534654b3e04189635e61,34069,1,0,214,0,2715e5b23270d89e34d57f05b8d02bfae844ec457295534654b3e04189635e61,34069,1,0,214,0,2715e5b23270d89e34d57f05b8d02bfae844ec457295534654b3e04189635e61,34069,1,0,214,0,1,1,1,1,1,1
C3,deterministic-2,second,17,2027073717,2027073717,1,1a99f2a77e5334df9ccbeafc6240ebede546baa14bf15c05cb646e25c3dc408c,36866,0,0,231,0,1a99f2a77e5334df9ccbeafc6240ebede546baa14bf15c05cb646e25c3dc408c,36866,0,0,231,0,1a99f2a77e5334df9ccbeafc6240ebede546baa14bf15c05cb646e25c3dc408c,36866,0,0,231,0,1,1,1,1,1,1
C3,deterministic-2,second,18,2027073718,2027073718,0,0e8f80c85ce0723c07eb87cbfe74b564f049a6e572790b93ad518e312c6cea05,34942,1,0,219,0,0e8f80c85ce0723c07eb87cbfe74b564f049a6e572790b93ad518e312c6cea05,34942,1,0,219,0,0e8f80c85ce0723c07eb87cbfe74b564f049a6e572790b93ad518e312c6cea05,34942,1,0,219,0,1,1,1,1,1,1
C3,deterministic-2,second,19,2027073719,2027073719,1,1e15575504c962033f3355f45fdcabe9e48da9ebc29ecbb3ee61a462f7768a29,29740,1,0,187,0,1e15575504c962033f3355f45fdcabe9e48da9ebc29ecbb3ee61a462f7768a29,29740,1,0,187,0,1e15575504c962033f3355f45fdcabe9e48da9ebc29ecbb3ee61a462f7768a29,29740,1,0,187,0,1,1,1,1,1,1
C3,deterministic-2,second,20,2027073720,2027073720,0,6b16a90f27aaed8c39d7ba34081dc37db20f51a70e6feecbd5a7b83b00155458,31965,0,0,200,0,6b16a90f27aaed8c39d7ba34081dc37db20f51a70e6feecbd5a7b83b00155458,31965,0,0,200,0,6b16a90f27aaed8c39d7ba34081dc37db20f51a70e6feecbd5a7b83b00155458,31965,0,0,200,0,1,1,1,1,1,1
C3,deterministic-2,second,21,2027073721,2027073721,1,78907fedac2166ce45c172d5bd9de807798f0dd286a2ef429f35343952de1acd,34726,0,0,217,0,78907fedac2166ce45c172d5bd9de807798f0dd286a2ef429f35343952de1acd,34726,0,0,217,0,78907fedac2166ce45c172d5bd9de807798f0dd286a2ef429f35343952de1acd,34726,0,0,217,0,1,1,1,1,1,1
C3,deterministic-2,second,22,2027073722,2027073722,0,b8b25d37ff8ffd52b1966f66e207d00fd12290e9966d6c3058915431b31b1ed7,35167,0,0,220,0,b8b25d37ff8ffd52b1966f66e207d00fd12290e9966d6c3058915431b31b1ed7,35167,0,0,220,0,b8b25d37ff8ffd52b1966f66e207d00fd12290e9966d6c3058915431b31b1ed7,35167,0,0,220,0,1,1,1,1,1,1
C3,deterministic-2,second,23,2027073723,2027073723,1,0b33474740d8d1460a7a6957768ee50fdd0b49621c488ed8698a47b676f53b2e,33579,1,0,211,0,0b33474740d8d1460a7a6957768ee50fdd0b49621c488ed8698a47b676f53b2e,33579,1,0,211,0,0b33474740d8d1460a7a6957768ee50fdd0b49621c488ed8698a47b676f53b2e,33579,1,0,211,0,1,1,1,1,1,1
C3,deterministic-2,second,24,2027073724,2027073724,0,bf725b038960f9f75649a03ca3f4ea8d9d9af8c93377f208e64a7eed437ba7be,27304,0,0,171,0,bf725b038960f9f75649a03ca3f4ea8d9d9af8c93377f208e64a7eed437ba7be,27304,0,0,171,0,bf725b038960f9f75649a03ca3f4ea8d9d9af8c93377f208e64a7eed437ba7be,27304,0,0,171,0,1,1,1,1,1,1
C3,deterministic-3,first,0,2026074700,2026074700,0,67e55188c9eaa0e8754e74a4c7dda2857aef35868b6e4a36c7ae6a09d69bf721,30781,0,0,193,0,67e55188c9eaa0e8754e74a4c7dda2857aef35868b6e4a36c7ae6a09d69bf721,30781,0,0,193,0,67e55188c9eaa0e8754e74a4c7dda2857aef35868b6e4a36c7ae6a09d69bf721,30781,0,0,193,0,1,1,1,1,1,1
C3,deterministic-3,first,1,2026074701,2026074701,1,9b11bced4bdd572195183c1e65469f4e01d9018902e4ee4440b600bedc75c197,26321,0,0,165,0,9b11bced4bdd572195183c1e65469f4e01d9018902e4ee4440b600bedc75c197,26321,0,0,165,0,9b11bced4bdd572195183c1e65469f4e01d9018902e4ee4440b600bedc75c197,26321,0,0,165,0,1,1,1,1,1,1
C3,deterministic-3,first,2,2026074702,2026074702,0,7b22995c657f08fe2dba3c7759bb785e47c0bee286a76d7a6fce3b6095cbbc10,32664,0,0,205,0,7b22995c657f08fe2dba3c7759bb785e47c0bee286a76d7a6fce3b6095cbbc10,32664,0,0,205,0,7b22995c657f08fe2dba3c7759bb785e47c0bee286a76d7a6fce3b6095cbbc10,32664,0,0,205,0,1,1,1,1,1,1
C3,deterministic-3,first,3,2026074703,2026074703,1,e1ffaea1a12ab2b9c6109020fc540c27551c690f80387d6582f1ae2faee90822,46198,0,0,290,0,e1ffaea1a12ab2b9c6109020fc540c27551c690f80387d6582f1ae2faee90822,46198,0,0,290,0,e1ffaea1a12ab2b9c6109020fc540c27551c690f80387d6582f1ae2faee90822,46198,0,0,290,0,1,1,1,1,1,1
C3,deterministic-3,first,4,2026074704,2026074704,0,70b561b42c74b989b3080effcde1b51ee972a99bb35dc7e1bed121b8ec870e8d,37738,0,0,237,0,70b561b42c74b989b3080effcde1b51ee972a99bb35dc7e1bed121b8ec870e8d,37738,0,0,237,0,70b561b42c74b989b3080effcde1b51ee972a99bb35dc7e1bed121b8ec870e8d,37738,0,0,237,0,1,1,1,1,1,1
C3,deterministic-3,first,5,2026074705,2026074705,1,59d0ca4b1548ae751804e3eb424be6e95bd17fed5632d8da33fa6f0348dcc05e,29334,1,0,184,0,59d0ca4b1548ae751804e3eb424be6e95bd17fed5632d8da33fa6f0348dcc05e,29334,1,0,184,0,59d0ca4b1548ae751804e3eb424be6e95bd17fed5632d8da33fa6f0348dcc05e,29334,1,0,184,0,1,1,1,1,1,1
C3,deterministic-3,first,6,2026074706,2026074706,0,249fd00ffa51fdaa0992bcc3687fa303c6642c25b969838d07fb39c1d26acb03,28837,1,0,181,0,249fd00ffa51fdaa0992bcc3687fa303c6642c25b969838d07fb39c1d26acb03,28837,1,0,181,0,249fd00ffa51fdaa0992bcc3687fa303c6642c25b969838d07fb39c1d26acb03,28837,1,0,181,0,1,1,1,1,1,1
C3,deterministic-3,first,7,2026074707,2026074707,1,c26bf02f56b74f3cdccbcc47f909052a8a0ed9b29d09d591d04b8f98da3c45cf,35749,0,0,224,0,c26bf02f56b74f3cdccbcc47f909052a8a0ed9b29d09d591d04b8f98da3c45cf,35749,0,0,224,0,c26bf02f56b74f3cdccbcc47f909052a8a0ed9b29d09d591d04b8f98da3c45cf,35749,0,0,224,0,1,1,1,1,1,1
C3,deterministic-3,first,8,2026074708,2026074708,0,b30679aa0073c1d9f0f0ac33d4349cd5cc277a7475d4d05cbc0b513c1dfc7c53,36515,0,0,229,0,b30679aa0073c1d9f0f0ac33d4349cd5cc277a7475d4d05cbc0b513c1dfc7c53,36515,0,0,229,0,b30679aa0073c1d9f0f0ac33d4349cd5cc277a7475d4d05cbc0b513c1dfc7c53,36515,0,0,229,0,1,1,1,1,1,1
C3,deterministic-3,first,9,2026074709,2026074709,1,a5b8a170376ff3e779028a44e62280654e61ae108590be5284f9211d9e29322a,27882,1,0,175,0,a5b8a170376ff3e779028a44e62280654e61ae108590be5284f9211d9e29322a,27882,1,0,175,0,a5b8a170376ff3e779028a44e62280654e61ae108590be5284f9211d9e29322a,27882,1,0,175,0,1,1,1,1,1,1
C3,deterministic-3,first,10,2026074710,2026074710,0,dcf2d5d2684868eda42251eb9f0e1058edb579cebfec396238b653a480487828,32465,0,0,203,0,dcf2d5d2684868eda42251eb9f0e1058edb579cebfec396238b653a480487828,32465,0,0,203,0,dcf2d5d2684868eda42251eb9f0e1058edb579cebfec396238b653a480487828,32465,0,0,203,0,1,1,1,1,1,1
C3,deterministic-3,first,11,2026074711,2026074711,1,556d53c6908304b8d5fd8e538bb20fce990007cec4a910e8604add9a76d9ef5c,28493,1,0,179,0,556d53c6908304b8d5fd8e538bb20fce990007cec4a910e8604add9a76d9ef5c,28493,1,0,179,0,556d53c6908304b8d5fd8e538bb20fce990007cec4a910e8604add9a76d9ef5c,28493,1,0,179,0,1,1,1,1,1,1
C3,deterministic-3,first,12,2026074712,2026074712,0,2f806972334b29a8fc1ba4c3193916835f232ea1d0f4463513b0d9a27131c04d,20369,0,0,127,0,2f806972334b29a8fc1ba4c3193916835f232ea1d0f4463513b0d9a27131c04d,20369,0,0,127,0,2f806972334b29a8fc1ba4c3193916835f232ea1d0f4463513b0d9a27131c04d,20369,0,0,127,0,1,1,1,1,1,1
C3,deterministic-3,first,13,2026074713,2026074713,1,a5447c4876208639c8880be4c03238d53db4882af264a25c1fa7f2a5112d7626,36850,0,0,231,0,a5447c4876208639c8880be4c03238d53db4882af264a25c1fa7f2a5112d7626,36850,0,0,231,0,a5447c4876208639c8880be4c03238d53db4882af264a25c1fa7f2a5112d7626,36850,0,0,231,0,1,1,1,1,1,1
C3,deterministic-3,first,14,2026074714,2026074714,0,0aa54800240db5aa2378e78ab28ca643b491104a972196a3eb59ef63aa3534a2,34841,0,0,219,0,0aa54800240db5aa2378e78ab28ca643b491104a972196a3eb59ef63aa3534a2,34841,0,0,219,0,0aa54800240db5aa2378e78ab28ca643b491104a972196a3eb59ef63aa3534a2,34841,0,0,219,0,1,1,1,1,1,1
C3,deterministic-3,first,15,2026074715,2026074715,1,edd0b0b8e7c8ec29613d69cd6f5b228192c24561e0a89b382c1cb9d5d1d349b6,40572,0,0,254,0,edd0b0b8e7c8ec29613d69cd6f5b228192c24561e0a89b382c1cb9d5d1d349b6,40572,0,0,254,0,edd0b0b8e7c8ec29613d69cd6f5b228192c24561e0a89b382c1cb9d5d1d349b6,40572,0,0,254,0,1,1,1,1,1,1
C3,deterministic-3,first,16,2026074716,2026074716,0,ede901ad0afd1e15d26c515c3abda984344acd7fa6942ff44c5ed942c041139d,36666,0,0,230,0,ede901ad0afd1e15d26c515c3abda984344acd7fa6942ff44c5ed942c041139d,36666,0,0,230,0,ede901ad0afd1e15d26c515c3abda984344acd7fa6942ff44c5ed942c041139d,36666,0,0,230,0,1,1,1,1,1,1
C3,deterministic-3,first,17,2026074717,2026074717,1,9969bb1e39b1d1c90087c250a44d15203716940a0041cbd7a772310ff6e3ebad,26517,0,0,166,0,9969bb1e39b1d1c90087c250a44d15203716940a0041cbd7a772310ff6e3ebad,26517,0,0,166,0,9969bb1e39b1d1c90087c250a44d15203716940a0041cbd7a772310ff6e3ebad,26517,0,0,166,0,1,1,1,1,1,1
C3,deterministic-3,first,18,2026074718,2026074718,0,eb07671dcbf4943a310ac7c11fc3f06e60475312b1ca79d97dffff6c0238f72b,29878,0,0,187,0,eb07671dcbf4943a310ac7c11fc3f06e60475312b1ca79d97dffff6c0238f72b,29878,0,0,187,0,eb07671dcbf4943a310ac7c11fc3f06e60475312b1ca79d97dffff6c0238f72b,29878,0,0,187,0,1,1,1,1,1,1
C3,deterministic-3,first,19,2026074719,2026074719,1,b0436a9d24ede42b8db9ef67d799dce978f63a4321d9ce71df1cf71205729d14,38862,0,0,244,0,b0436a9d24ede42b8db9ef67d799dce978f63a4321d9ce71df1cf71205729d14,38862,0,0,244,0,b0436a9d24ede42b8db9ef67d799dce978f63a4321d9ce71df1cf71205729d14,38862,0,0,244,0,1,1,1,1,1,1
C3,deterministic-3,first,20,2026074720,2026074720,0,7252ce22e8196bd615d04eca0d2cd4e5f5de67cdd8071d82a0d530b435eea18f,30091,0,0,189,0,7252ce22e8196bd615d04eca0d2cd4e5f5de67cdd8071d82a0d530b435eea18f,30091,0,0,189,0,7252ce22e8196bd615d04eca0d2cd4e5f5de67cdd8071d82a0d530b435eea18f,30091,0,0,189,0,1,1,1,1,1,1
C3,deterministic-3,first,21,2026074721,2026074721,1,d425d133f711370442348ea8575d5dc7313692da1c7ded6c0dc4f7b0863546cc,21344,1,0,134,0,d425d133f711370442348ea8575d5dc7313692da1c7ded6c0dc4f7b0863546cc,21344,1,0,134,0,d425d133f711370442348ea8575d5dc7313692da1c7ded6c0dc4f7b0863546cc,21344,1,0,134,0,1,1,1,1,1,1
C3,deterministic-3,first,22,2026074722,2026074722,0,806ba7f7c3a10a041909b3adbb6aa62d957a109365c8bbebb2773b3d9b11a9b3,28555,0,0,179,0,806ba7f7c3a10a041909b3adbb6aa62d957a109365c8bbebb2773b3d9b11a9b3,28555,0,0,179,0,806ba7f7c3a10a041909b3adbb6aa62d957a109365c8bbebb2773b3d9b11a9b3,28555,0,0,179,0,1,1,1,1,1,1
C3,deterministic-3,first,23,2026074723,2026074723,1,667642e697fe3ae86797572dde422cb8dc2db797e8290565f6970038f1874462,28078,0,0,176,0,667642e697fe3ae86797572dde422cb8dc2db797e8290565f6970038f1874462,28078,0,0,176,0,667642e697fe3ae86797572dde422cb8dc2db797e8290565f6970038f1874462,28078,0,0,176,0,1,1,1,1,1,1
C3,deterministic-3,first,24,2026074724,2026074724,0,a3a6f4b47babb67a28142c7735b6d2405aa8b82c5b80189f94127d1f7a60f45c,22184,1,0,139,0,a3a6f4b47babb67a28142c7735b6d2405aa8b82c5b80189f94127d1f7a60f45c,22184,1,0,139,0,a3a6f4b47babb67a28142c7735b6d2405aa8b82c5b80189f94127d1f7a60f45c,22184,1,0,139,0,1,1,1,1,1,1
C3,deterministic-3,second,0,2027074700,2027074700,0,3ae8d4c9d428419c86e8754bd32f3c51acc513f97ef08bd1abbea096c5cb0904,28242,0,0,177,0,3ae8d4c9d428419c86e8754bd32f3c51acc513f97ef08bd1abbea096c5cb0904,28242,0,0,177,0,3ae8d4c9d428419c86e8754bd32f3c51acc513f97ef08bd1abbea096c5cb0904,28242,0,0,177,0,1,1,1,1,1,1
C3,deterministic-3,second,1,2027074701,2027074701,1,999958428beafcef9b8edcfc5a34b44fbd0466040b40e4d2624feb346d9fc6b0,31604,0,0,198,0,999958428beafcef9b8edcfc5a34b44fbd0466040b40e4d2624feb346d9fc6b0,31604,0,0,198,0,999958428beafcef9b8edcfc5a34b44fbd0466040b40e4d2624feb346d9fc6b0,31604,0,0,198,0,1,1,1,1,1,1
C3,deterministic-3,second,2,2027074702,2027074702,0,4ac463e16c7112c7484cf255fbbca8be9c5bee4ebe81d2d734460e259d2a6a7d,28585,0,0,179,0,4ac463e16c7112c7484cf255fbbca8be9c5bee4ebe81d2d734460e259d2a6a7d,28585,0,0,179,0,4ac463e16c7112c7484cf255fbbca8be9c5bee4ebe81d2d734460e259d2a6a7d,28585,0,0,179,0,1,1,1,1,1,1
C3,deterministic-3,second,3,2027074703,2027074703,1,da3e13096f28a92e8e57f2577c0f0a90a09c5b44e66993ac19169f7d617d732b,34112,0,0,214,0,da3e13096f28a92e8e57f2577c0f0a90a09c5b44e66993ac19169f7d617d732b,34112,0,0,214,0,da3e13096f28a92e8e57f2577c0f0a90a09c5b44e66993ac19169f7d617d732b,34112,0,0,214,0,1,1,1,1,1,1
C3,deterministic-3,second,4,2027074704,2027074704,0,30455dc0c84139036a583dbedee9917519a11e4084fbefae8daac30f866c5f90,25470,1,0,160,0,30455dc0c84139036a583dbedee9917519a11e4084fbefae8daac30f866c5f90,25470,1,0,160,0,30455dc0c84139036a583dbedee9917519a11e4084fbefae8daac30f866c5f90,25470,1,0,160,0,1,1,1,1,1,1
C3,deterministic-3,second,5,2027074705,2027074705,1,c170adb842cad3842f6210b67206d6d2f2838422f4e1701ca01c8dae7a97c71f,22648,0,0,142,0,c170adb842cad3842f6210b67206d6d2f2838422f4e1701ca01c8dae7a97c71f,22648,0,0,142,0,c170adb842cad3842f6210b67206d6d2f2838422f4e1701ca01c8dae7a97c71f,22648,0,0,142,0,1,1,1,1,1,1
C3,deterministic-3,second,6,2027074706,2027074706,0,25b9b7260b09d307cdb0a65dca27cbb25ece7a65bfe6edc928e90bd72a2f11de,34729,1,0,218,0,25b9b7260b09d307cdb0a65dca27cbb25ece7a65bfe6edc928e90bd72a2f11de,34729,1,0,218,0,25b9b7260b09d307cdb0a65dca27cbb25ece7a65bfe6edc928e90bd72a2f11de,34729,1,0,218,0,1,1,1,1,1,1
C3,deterministic-3,second,7,2027074707,2027074707,1,dd5345362a501acea1db9605a06cd1dbba59760877b89c17dcb1403c72152dbe,28379,0,0,178,0,dd5345362a501acea1db9605a06cd1dbba59760877b89c17dcb1403c72152dbe,28379,0,0,178,0,dd5345362a501acea1db9605a06cd1dbba59760877b89c17dcb1403c72152dbe,28379,0,0,178,0,1,1,1,1,1,1
C3,deterministic-3,second,8,2027074708,2027074708,0,ed9dc8fab986cb1d3d24895bcf546daf13ccd966236078519ede5a20632b5bb9,25549,0,0,160,0,ed9dc8fab986cb1d3d24895bcf546daf13ccd966236078519ede5a20632b5bb9,25549,0,0,160,0,ed9dc8fab986cb1d3d24895bcf546daf13ccd966236078519ede5a20632b5bb9,25549,0,0,160,0,1,1,1,1,1,1
C3,deterministic-3,second,9,2027074709,2027074709,1,5926cd0bbd6d15f0fa6e518239be84f623bf8863660da194aa05c5e8711bc0fd,33703,1,0,211,0,5926cd0bbd6d15f0fa6e518239be84f623bf8863660da194aa05c5e8711bc0fd,33703,1,0,211,0,5926cd0bbd6d15f0fa6e518239be84f623bf8863660da194aa05c5e8711bc0fd,33703,1,0,211,0,1,1,1,1,1,1
C3,deterministic-3,second,10,2027074710,2027074710,0,d920b0756c633c22db96971fa9ece27ed94656e07e1e7beb5d4937bd6f06e98e,24832,1,0,156,0,d920b0756c633c22db96971fa9ece27ed94656e07e1e7beb5d4937bd6f06e98e,24832,1,0,156,0,d920b0756c633c22db96971fa9ece27ed94656e07e1e7beb5d4937bd6f06e98e,24832,1,0,156,0,1,1,1,1,1,1
C3,deterministic-3,second,11,2027074711,2027074711,1,df6f94dda7862f9f53cc2d7162fc871a266506aa8a3963f0a5ac7e00498b123c,27578,0,0,173,0,df6f94dda7862f9f53cc2d7162fc871a266506aa8a3963f0a5ac7e00498b123c,27578,0,0,173,0,df6f94dda7862f9f53cc2d7162fc871a266506aa8a3963f0a5ac7e00498b123c,27578,0,0,173,0,1,1,1,1,1,1
C3,deterministic-3,second,12,2027074712,2027074712,0,40b3c730a97766e150214b6b0d0139448fe67bb9fc62908191eaddba56946ea1,31873,0,0,200,0,40b3c730a97766e150214b6b0d0139448fe67bb9fc62908191eaddba56946ea1,31873,0,0,200,0,40b3c730a97766e150214b6b0d0139448fe67bb9fc62908191eaddba56946ea1,31873,0,0,200,0,1,1,1,1,1,1
C3,deterministic-3,second,13,2027074713,2027074713,1,54689a7043c8448065fd81b626d65bf77c839307942184921f42ec0cadfd7797,31406,0,0,197,0,54689a7043c8448065fd81b626d65bf77c839307942184921f42ec0cadfd7797,31406,0,0,197,0,54689a7043c8448065fd81b626d65bf77c839307942184921f42ec0cadfd7797,31406,0,0,197,0,1,1,1,1,1,1
C3,deterministic-3,second,14,2027074714,2027074714,0,9cd7f1738e9306efe7afb1ae35096f99046f0eb843a8f523c87518b478d2baeb,28708,0,0,180,0,9cd7f1738e9306efe7afb1ae35096f99046f0eb843a8f523c87518b478d2baeb,28708,0,0,180,0,9cd7f1738e9306efe7afb1ae35096f99046f0eb843a8f523c87518b478d2baeb,28708,0,0,180,0,1,1,1,1,1,1
C3,deterministic-3,second,15,2027074715,2027074715,1,7b39c581c21e48e5d070d00438973a74c8fe5afe2fa3303ea173f8a462bb7873,34850,1,0,219,0,7b39c581c21e48e5d070d00438973a74c8fe5afe2fa3303ea173f8a462bb7873,34850,1,0,219,0,7b39c581c21e48e5d070d00438973a74c8fe5afe2fa3303ea173f8a462bb7873,34850,1,0,219,0,1,1,1,1,1,1
C3,deterministic-3,second,16,2027074716,2027074716,0,1428f9be87a6dc1c9dc0c9b9f97895ba4d86d40217eb89043290824ea16d2d21,24191,1,0,152,0,1428f9be87a6dc1c9dc0c9b9f97895ba4d86d40217eb89043290824ea16d2d21,24191,1,0,152,0,1428f9be87a6dc1c9dc0c9b9f97895ba4d86d40217eb89043290824ea16d2d21,24191,1,0,152,0,1,1,1,1,1,1
C3,deterministic-3,second,17,2027074717,2027074717,1,7c1cda9d45c4626b4e655e4c6105a15924c16305d5b61fc24a130a3770d913c8,30027,0,0,188,0,7c1cda9d45c4626b4e655e4c6105a15924c16305d5b61fc24a130a3770d913c8,30027,0,0,188,0,7c1cda9d45c4626b4e655e4c6105a15924c16305d5b61fc24a130a3770d913c8,30027,0,0,188,0,1,1,1,1,1,1
C3,deterministic-3,second,18,2027074718,2027074718,0,01b65c4743331c3bcf1412c116b6965a73691f077f14e91b5ffc91fa7d72bed8,36297,1,0,228,0,01b65c4743331c3bcf1412c116b6965a73691f077f14e91b5ffc91fa7d72bed8,36297,1,0,228,0,01b65c4743331c3bcf1412c116b6965a73691f077f14e91b5ffc91fa7d72bed8,36297,1,0,228,0,1,1,1,1,1,1
C3,deterministic-3,second,19,2027074719,2027074719,1,53a62744ad05aba4fe667c2110af502e310fb15a8d8a721b74124bdb5c14b9ee,31064,1,0,195,0,53a62744ad05aba4fe667c2110af502e310fb15a8d8a721b74124bdb5c14b9ee,31064,1,0,195,0,53a62744ad05aba4fe667c2110af502e310fb15a8d8a721b74124bdb5c14b9ee,31064,1,0,195,0,1,1,1,1,1,1
C3,deterministic-3,second,20,2027074720,2027074720,0,aa7935d903adbe9bf91b61032cdd241232a834f59269014b1b42130ce8550e01,35094,1,0,220,0,aa7935d903adbe9bf91b61032cdd241232a834f59269014b1b42130ce8550e01,35094,1,0,220,0,aa7935d903adbe9bf91b61032cdd241232a834f59269014b1b42130ce8550e01,35094,1,0,220,0,1,1,1,1,1,1
C3,deterministic-3,second,21,2027074721,2027074721,1,4c8a94a03e142e99ae850de31a48735cd0d197faf60e8523d006d9e509aed3b7,22599,1,0,142,0,4c8a94a03e142e99ae850de31a48735cd0d197faf60e8523d006d9e509aed3b7,22599,1,0,142,0,4c8a94a03e142e99ae850de31a48735cd0d197faf60e8523d006d9e509aed3b7,22599,1,0,142,0,1,1,1,1,1,1
C3,deterministic-3,second,22,2027074722,2027074722,0,1d85aabcc3443167e6662fabbc7f53b0a9bfbc09e08a57056cd90dcc030e4dba,31430,0,0,197,0,1d85aabcc3443167e6662fabbc7f53b0a9bfbc09e08a57056cd90dcc030e4dba,31430,0,0,197,0,1d85aabcc3443167e6662fabbc7f53b0a9bfbc09e08a57056cd90dcc030e4dba,31430,0,0,197,0,1,1,1,1,1,1
C3,deterministic-3,second,23,2027074723,2027074723,1,5d7573433c09a4cf85b05c1fd283bc37671c3009aa368ec08ce4deee7c11e5b7,30553,1,0,192,0,5d7573433c09a4cf85b05c1fd283bc37671c3009aa368ec08ce4deee7c11e5b7,30553,1,0,192,0,5d7573433c09a4cf85b05c1fd283bc37671c3009aa368ec08ce4deee7c11e5b7,30553,1,0,192,0,1,1,1,1,1,1
C3,deterministic-3,second,24,2027074724,2027074724,0,f22942e71c2684f11fceb3f48f0bcf287e0131b18b80bcae7597169188a7b69f,33754,1,0,212,0,f22942e71c2684f11fceb3f48f0bcf287e0131b18b80bcae7597169188a7b69f,33754,1,0,212,0,f22942e71c2684f11fceb3f48f0bcf287e0131b18b80bcae7597169188a7b69f,33754,1,0,212,0,1,1,1,1,1,1
C3,deterministic-4,first,0,2026075700,2026075700,0,906352f79289ab7b5cedfdd8b5d19dc3486eb148c9737c54f16a501341920424,32772,0,0,205,0,906352f79289ab7b5cedfdd8b5d19dc3486eb148c9737c54f16a501341920424,32772,0,0,205,0,906352f79289ab7b5cedfdd8b5d19dc3486eb148c9737c54f16a501341920424,32772,0,0,205,0,1,1,1,1,1,1
C3,deterministic-4,first,1,2026075701,2026075701,1,81945f9fda5e1f1e54a360c5c2806b2bdde46589f7bf129c992918a9f3a34cbf,26405,0,0,165,0,81945f9fda5e1f1e54a360c5c2806b2bdde46589f7bf129c992918a9f3a34cbf,26405,0,0,165,0,81945f9fda5e1f1e54a360c5c2806b2bdde46589f7bf129c992918a9f3a34cbf,26405,0,0,165,0,1,1,1,1,1,1
C3,deterministic-4,first,2,2026075702,2026075702,0,204abac714b03f1eb8fb73fc50d4faa50b00ce9d076e5396ddecf1d92ec97fed,33370,0,0,209,0,204abac714b03f1eb8fb73fc50d4faa50b00ce9d076e5396ddecf1d92ec97fed,33370,0,0,209,0,204abac714b03f1eb8fb73fc50d4faa50b00ce9d076e5396ddecf1d92ec97fed,33370,0,0,209,0,1,1,1,1,1,1
C3,deterministic-4,first,3,2026075703,2026075703,1,8b6c1a487ce0bb7fcf7a38ba8a4737ad1eb80c7957212d163c0aca6045891185,37302,1,0,234,0,8b6c1a487ce0bb7fcf7a38ba8a4737ad1eb80c7957212d163c0aca6045891185,37302,1,0,234,0,8b6c1a487ce0bb7fcf7a38ba8a4737ad1eb80c7957212d163c0aca6045891185,37302,1,0,234,0,1,1,1,1,1,1
C3,deterministic-4,first,4,2026075704,2026075704,0,13737914bc3fa193f2fb6fec4014cdd395b7aad6899c5c1ad3ccbfbbd173bbdd,35076,0,0,220,0,13737914bc3fa193f2fb6fec4014cdd395b7aad6899c5c1ad3ccbfbbd173bbdd,35076,0,0,220,0,13737914bc3fa193f2fb6fec4014cdd395b7aad6899c5c1ad3ccbfbbd173bbdd,35076,0,0,220,0,1,1,1,1,1,1
C3,deterministic-4,first,5,2026075705,2026075705,1,de31a88d6eff65c88069dd784b502138d25bf21f961e9ce92eb2e9c09cd38ffc,26396,1,0,166,0,de31a88d6eff65c88069dd784b502138d25bf21f961e9ce92eb2e9c09cd38ffc,26396,1,0,166,0,de31a88d6eff65c88069dd784b502138d25bf21f961e9ce92eb2e9c09cd38ffc,26396,1,0,166,0,1,1,1,1,1,1
C3,deterministic-4,first,6,2026075706,2026075706,0,bc1078e9fe94fc1cfd2dbc93adb8aa5c7944478f6bda4afbd4dd9fe7be79083f,25046,1,0,157,0,bc1078e9fe94fc1cfd2dbc93adb8aa5c7944478f6bda4afbd4dd9fe7be79083f,25046,1,0,157,0,bc1078e9fe94fc1cfd2dbc93adb8aa5c7944478f6bda4afbd4dd9fe7be79083f,25046,1,0,157,0,1,1,1,1,1,1
C3,deterministic-4,first,7,2026075707,2026075707,1,9e28b413c279dbe8e3e8eb195e38741ddc13f046e951dd927d6e0c55d79c9f66,28750,0,0,180,0,9e28b413c279dbe8e3e8eb195e38741ddc13f046e951dd927d6e0c55d79c9f66,28750,0,0,180,0,9e28b413c279dbe8e3e8eb195e38741ddc13f046e951dd927d6e0c55d79c9f66,28750,0,0,180,0,1,1,1,1,1,1
C3,deterministic-4,first,8,2026075708,2026075708,0,e05b12911b2597ee7aa87ddb5bd04d571852767b5c75a1493fcaf77c271085db,25486,1,0,160,0,e05b12911b2597ee7aa87ddb5bd04d571852767b5c75a1493fcaf77c271085db,25486,1,0,160,0,e05b12911b2597ee7aa87ddb5bd04d571852767b5c75a1493fcaf77c271085db,25486,1,0,160,0,1,1,1,1,1,1
C3,deterministic-4,first,9,2026075709,2026075709,1,3b534f50af5b2bf71aee70248154a6615be6c2b83cd4ec7a78a8f6597c699857,38668,0,0,242,0,3b534f50af5b2bf71aee70248154a6615be6c2b83cd4ec7a78a8f6597c699857,38668,0,0,242,0,3b534f50af5b2bf71aee70248154a6615be6c2b83cd4ec7a78a8f6597c699857,38668,0,0,242,0,1,1,1,1,1,1
C3,deterministic-4,first,10,2026075710,2026075710,0,6585c8833a38c50fbac6c73996a5c5506c6d3f576fae2a8551f6c5fa7ebec4a8,31975,1,0,201,0,6585c8833a38c50fbac6c73996a5c5506c6d3f576fae2a8551f6c5fa7ebec4a8,31975,1,0,201,0,6585c8833a38c50fbac6c73996a5c5506c6d3f576fae2a8551f6c5fa7ebec4a8,31975,1,0,201,0,1,1,1,1,1,1
C3,deterministic-4,first,11,2026075711,2026075711,1,9ed25f855f1320039ec0f2f2bd6bc3cc8df7178a9e0fa0b6461ad7f5a6376957,27623,1,0,173,0,9ed25f855f1320039ec0f2f2bd6bc3cc8df7178a9e0fa0b6461ad7f5a6376957,27623,1,0,173,0,9ed25f855f1320039ec0f2f2bd6bc3cc8df7178a9e0fa0b6461ad7f5a6376957,27623,1,0,173,0,1,1,1,1,1,1
C3,deterministic-4,first,12,2026075712,2026075712,0,e765f0a724b0de35419cb5b957119ae5dde593c0ee902a5fd85923fde0a9b8c7,28587,0,0,179,0,e765f0a724b0de35419cb5b957119ae5dde593c0ee902a5fd85923fde0a9b8c7,28587,0,0,179,0,e765f0a724b0de35419cb5b957119ae5dde593c0ee902a5fd85923fde0a9b8c7,28587,0,0,179,0,1,1,1,1,1,1
C3,deterministic-4,first,13,2026075713,2026075713,1,81f7e966fb897eed667160dfb8eca1f080e0a43360aee8d39d8e04809db51265,30713,0,0,192,0,81f7e966fb897eed667160dfb8eca1f080e0a43360aee8d39d8e04809db51265,30713,0,0,192,0,81f7e966fb897eed667160dfb8eca1f080e0a43360aee8d39d8e04809db51265,30713,0,0,192,0,1,1,1,1,1,1
C3,deterministic-4,first,14,2026075714,2026075714,0,5ce19a4c7f25f1e1888191c41e0d2ee06d890a965e7732a8953aad8b4e5501c9,22456,0,0,140,0,5ce19a4c7f25f1e1888191c41e0d2ee06d890a965e7732a8953aad8b4e5501c9,22456,0,0,140,0,5ce19a4c7f25f1e1888191c41e0d2ee06d890a965e7732a8953aad8b4e5501c9,22456,0,0,140,0,1,1,1,1,1,1
C3,deterministic-4,first,15,2026075715,2026075715,1,70af71109907fd0e33eb953ce62c0b2722b0e7a9bc5bae2cdae5a5b02b70f3e7,35355,1,0,222,0,70af71109907fd0e33eb953ce62c0b2722b0e7a9bc5bae2cdae5a5b02b70f3e7,35355,1,0,222,0,70af71109907fd0e33eb953ce62c0b2722b0e7a9bc5bae2cdae5a5b02b70f3e7,35355,1,0,222,0,1,1,1,1,1,1
C3,deterministic-4,first,16,2026075716,2026075716,0,1907bdd4104f7fc5cccdd4a5ba925dcca883d53c753e1fc269259ca46c963d8d,25216,1,0,158,0,1907bdd4104f7fc5cccdd4a5ba925dcca883d53c753e1fc269259ca46c963d8d,25216,1,0,158,0,1907bdd4104f7fc5cccdd4a5ba925dcca883d53c753e1fc269259ca46c963d8d,25216,1,0,158,0,1,1,1,1,1,1
C3,deterministic-4,first,17,2026075717,2026075717,1,9d36d3fae21efce85d3958cd8068267e7bc3c96067b2334ded6555c8a4438720,32968,1,0,207,0,9d36d3fae21efce85d3958cd8068267e7bc3c96067b2334ded6555c8a4438720,32968,1,0,207,0,9d36d3fae21efce85d3958cd8068267e7bc3c96067b2334ded6555c8a4438720,32968,1,0,207,0,1,1,1,1,1,1
C3,deterministic-4,first,18,2026075718,2026075718,0,31928ea5665198dd037699ac1ebaccb0614b24bc614fe92b8527ef1f5a81c773,35864,1,0,225,0,31928ea5665198dd037699ac1ebaccb0614b24bc614fe92b8527ef1f5a81c773,35864,1,0,225,0,31928ea5665198dd037699ac1ebaccb0614b24bc614fe92b8527ef1f5a81c773,35864,1,0,225,0,1,1,1,1,1,1
C3,deterministic-4,first,19,2026075719,2026075719,1,cdaf1d26afcbb621e4d0f2fbc9c6a1bfc1a31f2dcc803e26219591983890943e,32225,0,0,202,0,cdaf1d26afcbb621e4d0f2fbc9c6a1bfc1a31f2dcc803e26219591983890943e,32225,0,0,202,0,cdaf1d26afcbb621e4d0f2fbc9c6a1bfc1a31f2dcc803e26219591983890943e,32225,0,0,202,0,1,1,1,1,1,1
C3,deterministic-4,first,20,2026075720,2026075720,0,44d9b3528e676b11b3bf35c40cb880d9149e0b21f8134f5dcf3fda427d98a9e0,29288,1,0,184,0,44d9b3528e676b11b3bf35c40cb880d9149e0b21f8134f5dcf3fda427d98a9e0,29288,1,0,184,0,44d9b3528e676b11b3bf35c40cb880d9149e0b21f8134f5dcf3fda427d98a9e0,29288,1,0,184,0,1,1,1,1,1,1
C3,deterministic-4,first,21,2026075721,2026075721,1,adbc068faaeed378f1c301391fb7bcda2aeefc0ed4617d078a44064d57b2e489,32905,0,0,206,0,adbc068faaeed378f1c301391fb7bcda2aeefc0ed4617d078a44064d57b2e489,32905,0,0,206,0,adbc068faaeed378f1c301391fb7bcda2aeefc0ed4617d078a44064d57b2e489,32905,0,0,206,0,1,1,1,1,1,1
C3,deterministic-4,first,22,2026075722,2026075722,0,d344cf0f4c129d1e2de99ed64b4f5677e6e4ed76abb62e11abedabcefefdc8d4,33646,0,0,211,0,d344cf0f4c129d1e2de99ed64b4f5677e6e4ed76abb62e11abedabcefefdc8d4,33646,0,0,211,0,d344cf0f4c129d1e2de99ed64b4f5677e6e4ed76abb62e11abedabcefefdc8d4,33646,0,0,211,0,1,1,1,1,1,1
C3,deterministic-4,first,23,2026075723,2026075723,1,47c5e8802275568d86fdf483a121289e76a3e053f5812d77b1db5a6f17fe880b,28398,1,0,178,0,47c5e8802275568d86fdf483a121289e76a3e053f5812d77b1db5a6f17fe880b,28398,1,0,178,0,47c5e8802275568d86fdf483a121289e76a3e053f5812d77b1db5a6f17fe880b,28398,1,0,178,0,1,1,1,1,1,1
C3,deterministic-4,first,24,2026075724,2026075724,0,9fb6948fc93d25d4161908ea6b1633724552b63bd6a08f57752c93e9439f0f43,17353,1,0,109,0,9fb6948fc93d25d4161908ea6b1633724552b63bd6a08f57752c93e9439f0f43,17353,1,0,109,0,9fb6948fc93d25d4161908ea6b1633724552b63bd6a08f57752c93e9439f0f43,17353,1,0,109,0,1,1,1,1,1,1
C3,deterministic-4,second,0,2027075700,2027075700,0,0a51097ea4ffaa384cde8985fc6dfaf21d830cff7bd68640d3a6b672132d1717,33870,0,0,212,0,0a51097ea4ffaa384cde8985fc6dfaf21d830cff7bd68640d3a6b672132d1717,33870,0,0,212,0,0a51097ea4ffaa384cde8985fc6dfaf21d830cff7bd68640d3a6b672132d1717,33870,0,0,212,0,1,1,1,1,1,1
C3,deterministic-4,second,1,2027075701,2027075701,1,c805a909b13ee1066586802ebdbe7d0d0e263665b730531c0786cd7476e68679,28379,1,0,178,0,c805a909b13ee1066586802ebdbe7d0d0e263665b730531c0786cd7476e68679,28379,1,0,178,0,c805a909b13ee1066586802ebdbe7d0d0e263665b730531c0786cd7476e68679,28379,1,0,178,0,1,1,1,1,1,1
C3,deterministic-4,second,2,2027075702,2027075702,0,62ebce9588a709c2321b9e76bd7e342ff6eb99ca79fa504999d350010be75247,24985,1,0,157,0,62ebce9588a709c2321b9e76bd7e342ff6eb99ca79fa504999d350010be75247,24985,1,0,157,0,62ebce9588a709c2321b9e76bd7e342ff6eb99ca79fa504999d350010be75247,24985,1,0,157,0,1,1,1,1,1,1
C3,deterministic-4,second,3,2027075703,2027075703,1,aa067b9f0ed013ab9c680bed8c6713d01ff81df2aba2ef572d7576625089b36e,27745,1,0,174,0,aa067b9f0ed013ab9c680bed8c6713d01ff81df2aba2ef572d7576625089b36e,27745,1,0,174,0,aa067b9f0ed013ab9c680bed8c6713d01ff81df2aba2ef572d7576625089b36e,27745,1,0,174,0,1,1,1,1,1,1
C3,deterministic-4,second,4,2027075704,2027075704,0,1abf9dfab708239d5aa9e7dee4bfddabb036df2179533c9ab15d5d3d131fa3e5,34907,1,0,219,0,1abf9dfab708239d5aa9e7dee4bfddabb036df2179533c9ab15d5d3d131fa3e5,34907,1,0,219,0,1abf9dfab708239d5aa9e7dee4bfddabb036df2179533c9ab15d5d3d131fa3e5,34907,1,0,219,0,1,1,1,1,1,1
C3,deterministic-4,second,5,2027075705,2027075705,1,b523db9740a923bc841ac76f9b94c0e873fb3cad4c1fcb6531b31e0ed6e5b79c,39597,0,0,248,0,b523db9740a923bc841ac76f9b94c0e873fb3cad4c1fcb6531b31e0ed6e5b79c,39597,0,0,248,0,b523db9740a923bc841ac76f9b94c0e873fb3cad4c1fcb6531b31e0ed6e5b79c,39597,0,0,248,0,1,1,1,1,1,1
C3,deterministic-4,second,6,2027075706,2027075706,0,e8f25f960db4ffd1fa604ce30d65b4f4032dc2ccb82c49ee16cf2b206ca9a802,29163,1,0,183,0,e8f25f960db4ffd1fa604ce30d65b4f4032dc2ccb82c49ee16cf2b206ca9a802,29163,1,0,183,0,e8f25f960db4ffd1fa604ce30d65b4f4032dc2ccb82c49ee16cf2b206ca9a802,29163,1,0,183,0,1,1,1,1,1,1
C3,deterministic-4,second,7,2027075707,2027075707,1,25bb6175fdb5418e3930bceb1a060cfec99319e8290f631e787269c7c8cbdcf9,39602,1,0,249,0,25bb6175fdb5418e3930bceb1a060cfec99319e8290f631e787269c7c8cbdcf9,39602,1,0,249,0,25bb6175fdb5418e3930bceb1a060cfec99319e8290f631e787269c7c8cbdcf9,39602,1,0,249,0,1,1,1,1,1,1
C3,deterministic-4,second,8,2027075708,2027075708,0,dc4eaff5cd217c1d56fd41346b409298f1b7f1d1b1f72b230a32557aeb567f4e,32669,1,0,205,0,dc4eaff5cd217c1d56fd41346b409298f1b7f1d1b1f72b230a32557aeb567f4e,32669,1,0,205,0,dc4eaff5cd217c1d56fd41346b409298f1b7f1d1b1f72b230a32557aeb567f4e,32669,1,0,205,0,1,1,1,1,1,1
C3,deterministic-4,second,9,2027075709,2027075709,1,d803a18940623e1324216b13846e192a2c26cd7325e5a28bed4e3eb2c0e4bbd2,35266,0,0,221,0,d803a18940623e1324216b13846e192a2c26cd7325e5a28bed4e3eb2c0e4bbd2,35266,0,0,221,0,d803a18940623e1324216b13846e192a2c26cd7325e5a28bed4e3eb2c0e4bbd2,35266,0,0,221,0,1,1,1,1,1,1
C3,deterministic-4,second,10,2027075710,2027075710,0,65e8e2ea6f4f467ef3e37562a6b8186e6e8c70f3bf1012b8bee62dc434076077,30157,0,0,189,0,65e8e2ea6f4f467ef3e37562a6b8186e6e8c70f3bf1012b8bee62dc434076077,30157,0,0,189,0,65e8e2ea6f4f467ef3e37562a6b8186e6e8c70f3bf1012b8bee62dc434076077,30157,0,0,189,0,1,1,1,1,1,1
C3,deterministic-4,second,11,2027075711,2027075711,1,53615d99eefdb44932da89fde3e082c26bb5836fe3f57a7834ebdf654ea1c1ae,34944,0,0,219,0,53615d99eefdb44932da89fde3e082c26bb5836fe3f57a7834ebdf654ea1c1ae,34944,0,0,219,0,53615d99eefdb44932da89fde3e082c26bb5836fe3f57a7834ebdf654ea1c1ae,34944,0,0,219,0,1,1,1,1,1,1
C3,deterministic-4,second,12,2027075712,2027075712,0,818f9017adc0490f166b5fac7e02deed7946edb9b040ba3e98504f2e5bf55e94,33011,1,0,207,0,818f9017adc0490f166b5fac7e02deed7946edb9b040ba3e98504f2e5bf55e94,33011,1,0,207,0,818f9017adc0490f166b5fac7e02deed7946edb9b040ba3e98504f2e5bf55e94,33011,1,0,207,0,1,1,1,1,1,1
C3,deterministic-4,second,13,2027075713,2027075713,1,7b73b34cebb965ccc3561943b83a5df8f1f8ee2e220a02519b07721d014077d4,31741,1,0,199,0,7b73b34cebb965ccc3561943b83a5df8f1f8ee2e220a02519b07721d014077d4,31741,1,0,199,0,7b73b34cebb965ccc3561943b83a5df8f1f8ee2e220a02519b07721d014077d4,31741,1,0,199,0,1,1,1,1,1,1
C3,deterministic-4,second,14,2027075714,2027075714,0,3f0501bba04adb5098ab361640463152bbc3173e95712e3725367851e8e0a961,24728,1,0,155,0,3f0501bba04adb5098ab361640463152bbc3173e95712e3725367851e8e0a961,24728,1,0,155,0,3f0501bba04adb5098ab361640463152bbc3173e95712e3725367851e8e0a961,24728,1,0,155,0,1,1,1,1,1,1
C3,deterministic-4,second,15,2027075715,2027075715,1,895eb0242e70708ecfff9b8f2b3219d009ea20e574b253fe7ad1aeae0ed1d61f,30547,0,0,191,0,895eb0242e70708ecfff9b8f2b3219d009ea20e574b253fe7ad1aeae0ed1d61f,30547,0,0,191,0,895eb0242e70708ecfff9b8f2b3219d009ea20e574b253fe7ad1aeae0ed1d61f,30547,0,0,191,0,1,1,1,1,1,1
C3,deterministic-4,second,16,2027075716,2027075716,0,b295c05d70b01f4b23a8f0ccdb38d7a509c5ccb48850785c18c383f5006daf06,31051,1,0,195,0,b295c05d70b01f4b23a8f0ccdb38d7a509c5ccb48850785c18c383f5006daf06,31051,1,0,195,0,b295c05d70b01f4b23a8f0ccdb38d7a509c5ccb48850785c18c383f5006daf06,31051,1,0,195,0,1,1,1,1,1,1
C3,deterministic-4,second,17,2027075717,2027075717,1,0d476a0abbffb351dff3fd022e259d6a8d5a1cc9411e1130a6988fcaceef0b07,39405,0,0,247,0,0d476a0abbffb351dff3fd022e259d6a8d5a1cc9411e1130a6988fcaceef0b07,39405,0,0,247,0,0d476a0abbffb351dff3fd022e259d6a8d5a1cc9411e1130a6988fcaceef0b07,39405,0,0,247,0,1,1,1,1,1,1
C3,deterministic-4,second,18,2027075718,2027075718,0,04d4e566dcd8395d04572bf37a77be9b016cd934031ee434de20192484cb3470,42497,1,0,267,0,04d4e566dcd8395d04572bf37a77be9b016cd934031ee434de20192484cb3470,42497,1,0,267,0,04d4e566dcd8395d04572bf37a77be9b016cd934031ee434de20192484cb3470,42497,1,0,267,0,1,1,1,1,1,1
C3,deterministic-4,second,19,2027075719,2027075719,1,a7ffe3515c47edacea0e7bd8e432d24430df06342f6a9d59fb47e4ec21ebcc6e,31338,1,0,197,0,a7ffe3515c47edacea0e7bd8e432d24430df06342f6a9d59fb47e4ec21ebcc6e,31338,1,0,197,0,a7ffe3515c47edacea0e7bd8e432d24430df06342f6a9d59fb47e4ec21ebcc6e,31338,1,0,197,0,1,1,1,1,1,1
C3,deterministic-4,second,20,2027075720,2027075720,0,ad18e8ac7db17585dfab90601dd9efd6cbe48bc5380b65b39343f2f6f7a1bd1c,38266,0,0,240,0,ad18e8ac7db17585dfab90601dd9efd6cbe48bc5380b65b39343f2f6f7a1bd1c,38266,0,0,240,0,ad18e8ac7db17585dfab90601dd9efd6cbe48bc5380b65b39343f2f6f7a1bd1c,38266,0,0,240,0,1,1,1,1,1,1
C3,deterministic-4,second,21,2027075721,2027075721,1,ad5f9dbba8de0ca3f7f62a5d342687376addd931f41fa48f99c2a9c9f14ba491,32463,0,0,203,0,ad5f9dbba8de0ca3f7f62a5d342687376addd931f41fa48f99c2a9c9f14ba491,32463,0,0,203,0,ad5f9dbba8de0ca3f7f62a5d342687376addd931f41fa48f99c2a9c9f14ba491,32463,0,0,203,0,1,1,1,1,1,1
C3,deterministic-4,second,22,2027075722,2027075722,0,a655e63cf10757ea2e37d710ce29c9322d83ab855a57b7df3e87958fa0a8251d,31389,1,0,197,0,a655e63cf10757ea2e37d710ce29c9322d83ab855a57b7df3e87958fa0a8251d,31389,1,0,197,0,a655e63cf10757ea2e37d710ce29c9322d83ab855a57b7df3e87958fa0a8251d,31389,1,0,197,0,1,1,1,1,1,1
C3,deterministic-4,second,23,2027075723,2027075723,1,580ee964dbf009859e7fcdaad2bb88f5bd263e0589efc1a0013f1adf6407f3a8,35615,1,0,224,0,580ee964dbf009859e7fcdaad2bb88f5bd263e0589efc1a0013f1adf6407f3a8,35615,1,0,224,0,580ee964dbf009859e7fcdaad2bb88f5bd263e0589efc1a0013f1adf6407f3a8,35615,1,0,224,0,1,1,1,1,1,1
C3,deterministic-4,second,24,2027075724,2027075724,0,8adf7ed0aeb343cb622ee3d12dcc9fa06d3cf33a0fccb4c637a9869f21cca11a,20352,0,0,127,0,8adf7ed0aeb343cb622ee3d12dcc9fa06d3cf33a0fccb4c637a9869f21cca11a,20352,0,0,127,0,8adf7ed0aeb343cb622ee3d12dcc9fa06d3cf33a0fccb4c637a9869f21cca11a,20352,0,0,127,0,1,1,1,1,1,1
C3,deterministic-5,first,0,2026078700,2026078700,0,3040733db1700345fa5749274846f2b5d99eee6c47a3b17e481a27731b22a6a8,19605,1,0,123,0,3040733db1700345fa5749274846f2b5d99eee6c47a3b17e481a27731b22a6a8,19605,1,0,123,0,3040733db1700345fa5749274846f2b5d99eee6c47a3b17e481a27731b22a6a8,19605,1,0,123,0,1,1,1,1,1,1
C3,deterministic-5,first,1,2026078701,2026078701,1,1436cebeb936407e7d73236500fd88a5ededb574019f373a7a77fc7f13b3c756,23748,1,0,149,0,1436cebeb936407e7d73236500fd88a5ededb574019f373a7a77fc7f13b3c756,23748,1,0,149,0,1436cebeb936407e7d73236500fd88a5ededb574019f373a7a77fc7f13b3c756,23748,1,0,149,0,1,1,1,1,1,1
C3,deterministic-5,first,2,2026078702,2026078702,0,adc675fb31121e14b0adf6f09df4e5cbed47326af1ec9073f1b6dec658c5463f,21208,1,0,133,0,adc675fb31121e14b0adf6f09df4e5cbed47326af1ec9073f1b6dec658c5463f,21208,1,0,133,0,adc675fb31121e14b0adf6f09df4e5cbed47326af1ec9073f1b6dec658c5463f,21208,1,0,133,0,1,1,1,1,1,1
C3,deterministic-5,first,3,2026078703,2026078703,1,260e8ad7ce9dd794d21d1009d2e9146bb346e126707f76ef4d01ddc37a4e9a31,33684,1,0,211,0,260e8ad7ce9dd794d21d1009d2e9146bb346e126707f76ef4d01ddc37a4e9a31,33684,1,0,211,0,260e8ad7ce9dd794d21d1009d2e9146bb346e126707f76ef4d01ddc37a4e9a31,33684,1,0,211,0,1,1,1,1,1,1
C3,deterministic-5,first,4,2026078704,2026078704,0,32890c7f98f0d0da95e6cefdd1b51d4c1e5f89ac8bafaf7712da20fd2790f77a,24541,1,0,154,0,32890c7f98f0d0da95e6cefdd1b51d4c1e5f89ac8bafaf7712da20fd2790f77a,24541,1,0,154,0,32890c7f98f0d0da95e6cefdd1b51d4c1e5f89ac8bafaf7712da20fd2790f77a,24541,1,0,154,0,1,1,1,1,1,1
C3,deterministic-5,first,5,2026078705,2026078705,1,89167ebce312d421e21e6b8737058f23553e0ac2e30c28257e75759352c0b618,32015,1,0,201,0,89167ebce312d421e21e6b8737058f23553e0ac2e30c28257e75759352c0b618,32015,1,0,201,0,89167ebce312d421e21e6b8737058f23553e0ac2e30c28257e75759352c0b618,32015,1,0,201,0,1,1,1,1,1,1
C3,deterministic-5,first,6,2026078706,2026078706,0,3f18e4c0d0b68181a9be5c3f509fb74cd4a893fe95f7c05013111662d704d14a,26197,1,0,164,0,3f18e4c0d0b68181a9be5c3f509fb74cd4a893fe95f7c05013111662d704d14a,26197,1,0,164,0,3f18e4c0d0b68181a9be5c3f509fb74cd4a893fe95f7c05013111662d704d14a,26197,1,0,164,0,1,1,1,1,1,1
C3,deterministic-5,first,7,2026078707,2026078707,1,44229218e7776eb4720975e8ecb4feb46b9874021dab900382bf862cd0fbdae5,30578,1,0,192,0,44229218e7776eb4720975e8ecb4feb46b9874021dab900382bf862cd0fbdae5,30578,1,0,192,0,44229218e7776eb4720975e8ecb4feb46b9874021dab900382bf862cd0fbdae5,30578,1,0,192,0,1,1,1,1,1,1
C3,deterministic-5,first,8,2026078708,2026078708,0,99e5e489e5fa41bb49ab7dea9ec7afeb606f2e8a1a94feec01a3776f8eb6e954,25768,1,0,162,0,99e5e489e5fa41bb49ab7dea9ec7afeb606f2e8a1a94feec01a3776f8eb6e954,25768,1,0,162,0,99e5e489e5fa41bb49ab7dea9ec7afeb606f2e8a1a94feec01a3776f8eb6e954,25768,1,0,162,0,1,1,1,1,1,1
C3,deterministic-5,first,9,2026078709,2026078709,1,0b03c6e16b6c1835f04d6cadd5ebc41ccbb6945024862ae4e967a6ae4052488a,24030,1,0,151,0,0b03c6e16b6c1835f04d6cadd5ebc41ccbb6945024862ae4e967a6ae4052488a,24030,1,0,151,0,0b03c6e16b6c1835f04d6cadd5ebc41ccbb6945024862ae4e967a6ae4052488a,24030,1,0,151,0,1,1,1,1,1,1
C3,deterministic-5,first,10,2026078710,2026078710,0,9d60ae3145450004197c061d35654caaf397878936e1929d0757847a5ed0fc34,27093,1,0,170,0,9d60ae3145450004197c061d35654caaf397878936e1929d0757847a5ed0fc34,27093,1,0,170,0,9d60ae3145450004197c061d35654caaf397878936e1929d0757847a5ed0fc34,27093,1,0,170,0,1,1,1,1,1,1
C3,deterministic-5,first,11,2026078711,2026078711,1,d19f5638205c5d321e099f330ec5c61f16dc0ba390b36c3add72900d4bfd833c,20557,1,0,129,0,d19f5638205c5d321e099f330ec5c61f16dc0ba390b36c3add72900d4bfd833c,20557,1,0,129,0,d19f5638205c5d321e099f330ec5c61f16dc0ba390b36c3add72900d4bfd833c,20557,1,0,129,0,1,1,1,1,1,1
C3,deterministic-5,first,12,2026078712,2026078712,0,cf71c07779f41cf66d8158e99481f2a12987e2d2c93b90f89bd831446d0ebc93,36371,0,0,228,0,cf71c07779f41cf66d8158e99481f2a12987e2d2c93b90f89bd831446d0ebc93,36371,0,0,228,0,cf71c07779f41cf66d8158e99481f2a12987e2d2c93b90f89bd831446d0ebc93,36371,0,0,228,0,1,1,1,1,1,1
C3,deterministic-5,first,13,2026078713,2026078713,1,4fe0ab3c16dc2b601d03770de22dc74e549cc9b661f089d406ac98723ed7b009,23760,1,0,149,0,4fe0ab3c16dc2b601d03770de22dc74e549cc9b661f089d406ac98723ed7b009,23760,1,0,149,0,4fe0ab3c16dc2b601d03770de22dc74e549cc9b661f089d406ac98723ed7b009,23760,1,0,149,0,1,1,1,1,1,1
C3,deterministic-5,first,14,2026078714,2026078714,0,4be718c626d1e364aa354cb84883c2db51d82a793d9717c578230b76fed8dd04,27691,1,0,174,0,4be718c626d1e364aa354cb84883c2db51d82a793d9717c578230b76fed8dd04,27691,1,0,174,0,4be718c626d1e364aa354cb84883c2db51d82a793d9717c578230b76fed8dd04,27691,1,0,174,0,1,1,1,1,1,1
C3,deterministic-5,first,15,2026078715,2026078715,1,04ac9d0bb9b737535b6919bc53a0642fc6d51620afb1360e72df794d648359e9,22998,1,0,144,0,04ac9d0bb9b737535b6919bc53a0642fc6d51620afb1360e72df794d648359e9,22998,1,0,144,0,04ac9d0bb9b737535b6919bc53a0642fc6d51620afb1360e72df794d648359e9,22998,1,0,144,0,1,1,1,1,1,1
C3,deterministic-5,first,16,2026078716,2026078716,0,1e55b5855e01b97be53264a13c85e0742ac9645fa04941a575fcbc9a0277135c,26634,1,0,167,0,1e55b5855e01b97be53264a13c85e0742ac9645fa04941a575fcbc9a0277135c,26634,1,0,167,0,1e55b5855e01b97be53264a13c85e0742ac9645fa04941a575fcbc9a0277135c,26634,1,0,167,0,1,1,1,1,1,1
C3,deterministic-5,first,17,2026078717,2026078717,1,2a3c28b6334d712bc364391909011bd58e3965fb770cc90a58675078ab6a57ae,31386,1,0,197,0,2a3c28b6334d712bc364391909011bd58e3965fb770cc90a58675078ab6a57ae,31386,1,0,197,0,2a3c28b6334d712bc364391909011bd58e3965fb770cc90a58675078ab6a57ae,31386,1,0,197,0,1,1,1,1,1,1
C3,deterministic-5,first,18,2026078718,2026078718,0,737125836f25514e3cd300d373ef7962b254a1e0e2e0402594b5b940a2241b6e,20273,1,0,127,0,737125836f25514e3cd300d373ef7962b254a1e0e2e0402594b5b940a2241b6e,20273,1,0,127,0,737125836f25514e3cd300d373ef7962b254a1e0e2e0402594b5b940a2241b6e,20273,1,0,127,0,1,1,1,1,1,1
C3,deterministic-5,first,19,2026078719,2026078719,1,7fcd332df13425b4170b6c7c61e665cd204c0944886ae1aa59286b24af8fdb64,22596,1,0,142,0,7fcd332df13425b4170b6c7c61e665cd204c0944886ae1aa59286b24af8fdb64,22596,1,0,142,0,7fcd332df13425b4170b6c7c61e665cd204c0944886ae1aa59286b24af8fdb64,22596,1,0,142,0,1,1,1,1,1,1
C3,deterministic-5,first,20,2026078720,2026078720,0,91b81f4abfce1267817adf4e51f3c4fed658201d8ca49e61192b68a8ddf4ec3c,23303,1,0,146,0,91b81f4abfce1267817adf4e51f3c4fed658201d8ca49e61192b68a8ddf4ec3c,23303,1,0,146,0,91b81f4abfce1267817adf4e51f3c4fed658201d8ca49e61192b68a8ddf4ec3c,23303,1,0,146,0,1,1,1,1,1,1
C3,deterministic-5,first,21,2026078721,2026078721,1,3537be92c4e6bbdb2366deaf64351e758ae127d22313564159b95ed0f36e2348,26349,1,0,165,0,3537be92c4e6bbdb2366deaf64351e758ae127d22313564159b95ed0f36e2348,26349,1,0,165,0,3537be92c4e6bbdb2366deaf64351e758ae127d22313564159b95ed0f36e2348,26349,1,0,165,0,1,1,1,1,1,1
C3,deterministic-5,first,22,2026078722,2026078722,0,9536b6732d30c8092dbb6b3b568ab6a59fa5eee18e418d15dd2f0e364532951b,25827,1,0,162,0,9536b6732d30c8092dbb6b3b568ab6a59fa5eee18e418d15dd2f0e364532951b,25827,1,0,162,0,9536b6732d30c8092dbb6b3b568ab6a59fa5eee18e418d15dd2f0e364532951b,25827,1,0,162,0,1,1,1,1,1,1
C3,deterministic-5,first,23,2026078723,2026078723,1,b23a28d50f1cad1bd174356e84bdf5e6f3d21788d4f272df9982c40f25f4b820,30296,1,0,190,0,b23a28d50f1cad1bd174356e84bdf5e6f3d21788d4f272df9982c40f25f4b820,30296,1,0,190,0,b23a28d50f1cad1bd174356e84bdf5e6f3d21788d4f272df9982c40f25f4b820,30296,1,0,190,0,1,1,1,1,1,1
C3,deterministic-5,first,24,2026078724,2026078724,0,ff421dc4113b2214c61e0baef69ea56197e3b2cb5cdb098463a89db0fe9102ca,20429,1,0,128,0,ff421dc4113b2214c61e0baef69ea56197e3b2cb5cdb098463a89db0fe9102ca,20429,1,0,128,0,ff421dc4113b2214c61e0baef69ea56197e3b2cb5cdb098463a89db0fe9102ca,20429,1,0,128,0,1,1,1,1,1,1
C3,deterministic-5,second,0,2027078700,2027078700,0,47d0959d0f906d2d26a3dbc79d10c70ad2ef6b1524b4e6a1ce4adee282be552f,28186,1,0,177,0,47d0959d0f906d2d26a3dbc79d10c70ad2ef6b1524b4e6a1ce4adee282be552f,28186,1,0,177,0,47d0959d0f906d2d26a3dbc79d10c70ad2ef6b1524b4e6a1ce4adee282be552f,28186,1,0,177,0,1,1,1,1,1,1
C3,deterministic-5,second,1,2027078701,2027078701,1,7881e748de38f40bc0b3b7c8eb30e0d70b01c6c656eab031e09a30c3a4c9f940,25534,1,0,160,0,7881e748de38f40bc0b3b7c8eb30e0d70b01c6c656eab031e09a30c3a4c9f940,25534,1,0,160,0,7881e748de38f40bc0b3b7c8eb30e0d70b01c6c656eab031e09a30c3a4c9f940,25534,1,0,160,0,1,1,1,1,1,1
C3,deterministic-5,second,2,2027078702,2027078702,0,a3f7bb5be6dfee1681b0e4ef90d1d6ffb58c9b66ec200e6cac0f392e2d77f43f,28023,1,0,176,0,a3f7bb5be6dfee1681b0e4ef90d1d6ffb58c9b66ec200e6cac0f392e2d77f43f,28023,1,0,176,0,a3f7bb5be6dfee1681b0e4ef90d1d6ffb58c9b66ec200e6cac0f392e2d77f43f,28023,1,0,176,0,1,1,1,1,1,1
C3,deterministic-5,second,3,2027078703,2027078703,1,d97327fa1f6cb8aaa9b26f828fde2e08fa9818766027e646a69fde7670145fe2,21224,1,0,133,0,d97327fa1f6cb8aaa9b26f828fde2e08fa9818766027e646a69fde7670145fe2,21224,1,0,133,0,d97327fa1f6cb8aaa9b26f828fde2e08fa9818766027e646a69fde7670145fe2,21224,1,0,133,0,1,1,1,1,1,1
C3,deterministic-5,second,4,2027078704,2027078704,0,9d8b3785255ea7d48cc74686b5b96c63abbfe3b0a9fc5fd7be3bba3ab8a0739c,17527,1,0,110,0,9d8b3785255ea7d48cc74686b5b96c63abbfe3b0a9fc5fd7be3bba3ab8a0739c,17527,1,0,110,0,9d8b3785255ea7d48cc74686b5b96c63abbfe3b0a9fc5fd7be3bba3ab8a0739c,17527,1,0,110,0,1,1,1,1,1,1
C3,deterministic-5,second,5,2027078705,2027078705,1,f64ff114ac5ab7433eb9631431d0587a467fe93acfbb71079427a0150d3860f2,21348,1,0,134,0,f64ff114ac5ab7433eb9631431d0587a467fe93acfbb71079427a0150d3860f2,21348,1,0,134,0,f64ff114ac5ab7433eb9631431d0587a467fe93acfbb71079427a0150d3860f2,21348,1,0,134,0,1,1,1,1,1,1
C3,deterministic-5,second,6,2027078706,2027078706,0,530ee50fbde0781479cadcdbe7a6c3fc2a53a86c287a2e9993f0c55218242183,26964,1,0,169,0,530ee50fbde0781479cadcdbe7a6c3fc2a53a86c287a2e9993f0c55218242183,26964,1,0,169,0,530ee50fbde0781479cadcdbe7a6c3fc2a53a86c287a2e9993f0c55218242183,26964,1,0,169,0,1,1,1,1,1,1
C3,deterministic-5,second,7,2027078707,2027078707,1,8229e2669fd56a990f3862732a3f77a153ed56fd58b7352e11fa6ec93c00c1bb,22147,1,0,139,0,8229e2669fd56a990f3862732a3f77a153ed56fd58b7352e11fa6ec93c00c1bb,22147,1,0,139,0,8229e2669fd56a990f3862732a3f77a153ed56fd58b7352e11fa6ec93c00c1bb,22147,1,0,139,0,1,1,1,1,1,1
C3,deterministic-5,second,8,2027078708,2027078708,0,db277212b14122016c5c4ccb48d3a84d95c39ad07cc8569b5141bedcae75ff40,23277,1,0,146,0,db277212b14122016c5c4ccb48d3a84d95c39ad07cc8569b5141bedcae75ff40,23277,1,0,146,0,db277212b14122016c5c4ccb48d3a84d95c39ad07cc8569b5141bedcae75ff40,23277,1,0,146,0,1,1,1,1,1,1
C3,deterministic-5,second,9,2027078709,2027078709,1,b3ef80fb00c98a24d53306adf021bff8b580a4025e62a3526bc856614c0c0abc,28716,0,0,180,0,b3ef80fb00c98a24d53306adf021bff8b580a4025e62a3526bc856614c0c0abc,28716,0,0,180,0,b3ef80fb00c98a24d53306adf021bff8b580a4025e62a3526bc856614c0c0abc,28716,0,0,180,0,1,1,1,1,1,1
C3,deterministic-5,second,10,2027078710,2027078710,0,626a47286da4a5176f3455aaad3757cce8ba6175cb2ad674b016eef0b347e69b,29833,1,0,187,0,626a47286da4a5176f3455aaad3757cce8ba6175cb2ad674b016eef0b347e69b,29833,1,0,187,0,626a47286da4a5176f3455aaad3757cce8ba6175cb2ad674b016eef0b347e69b,29833,1,0,187,0,1,1,1,1,1,1
C3,deterministic-5,second,11,2027078711,2027078711,1,1a0e77e7f99d713347bf8e0de213198b2b649ec97f68a9b281b79523dddd1271,28808,1,0,181,0,1a0e77e7f99d713347bf8e0de213198b2b649ec97f68a9b281b79523dddd1271,28808,1,0,181,0,1a0e77e7f99d713347bf8e0de213198b2b649ec97f68a9b281b79523dddd1271,28808,1,0,181,0,1,1,1,1,1,1
C3,deterministic-5,second,12,2027078712,2027078712,0,999c7ca3a07f181a7ea55229a5828e564273d305d5bc4bad3b9809a81ce29367,27640,0,0,173,0,999c7ca3a07f181a7ea55229a5828e564273d305d5bc4bad3b9809a81ce29367,27640,0,0,173,0,999c7ca3a07f181a7ea55229a5828e564273d305d5bc4bad3b9809a81ce29367,27640,0,0,173,0,1,1,1,1,1,1
C3,deterministic-5,second,13,2027078713,2027078713,1,386cf7e1d3f73014ecb3175c9ab3aa5ab3ef0324cc14b0ddb3ac6062a0b00bb4,22006,1,0,138,0,386cf7e1d3f73014ecb3175c9ab3aa5ab3ef0324cc14b0ddb3ac6062a0b00bb4,22006,1,0,138,0,386cf7e1d3f73014ecb3175c9ab3aa5ab3ef0324cc14b0ddb3ac6062a0b00bb4,22006,1,0,138,0,1,1,1,1,1,1
C3,deterministic-5,second,14,2027078714,2027078714,0,6e2d72c805277823c85a185c5484b89b45cc66962f24aced5dd054898976fc73,26311,1,0,165,0,6e2d72c805277823c85a185c5484b89b45cc66962f24aced5dd054898976fc73,26311,1,0,165,0,6e2d72c805277823c85a185c5484b89b45cc66962f24aced5dd054898976fc73,26311,1,0,165,0,1,1,1,1,1,1
C3,deterministic-5,second,15,2027078715,2027078715,1,d50918464459b6ae79b6102cccbdb46628266d7554758762948064b5efe6f50c,25038,1,0,157,0,d50918464459b6ae79b6102cccbdb46628266d7554758762948064b5efe6f50c,25038,1,0,157,0,d50918464459b6ae79b6102cccbdb46628266d7554758762948064b5efe6f50c,25038,1,0,157,0,1,1,1,1,1,1
C3,deterministic-5,second,16,2027078716,2027078716,0,5819274935ac33c5da11bc2e3c76380cd0860eb40543f396824ccff253e2cde1,20235,1,0,127,0,5819274935ac33c5da11bc2e3c76380cd0860eb40543f396824ccff253e2cde1,20235,1,0,127,0,5819274935ac33c5da11bc2e3c76380cd0860eb40543f396824ccff253e2cde1,20235,1,0,127,0,1,1,1,1,1,1
C3,deterministic-5,second,17,2027078717,2027078717,1,3d0dd93c03238df74dd3468b212d9c67f19bdeb7dbd2a811e016a78f5b25dcef,26463,1,0,166,0,3d0dd93c03238df74dd3468b212d9c67f19bdeb7dbd2a811e016a78f5b25dcef,26463,1,0,166,0,3d0dd93c03238df74dd3468b212d9c67f19bdeb7dbd2a811e016a78f5b25dcef,26463,1,0,166,0,1,1,1,1,1,1
C3,deterministic-5,second,18,2027078718,2027078718,0,dac957c0a36e007c65619bbafbbabcc1ca8c4186ebec8d51f2605e47a8f08d34,24687,1,0,155,0,dac957c0a36e007c65619bbafbbabcc1ca8c4186ebec8d51f2605e47a8f08d34,24687,1,0,155,0,dac957c0a36e007c65619bbafbbabcc1ca8c4186ebec8d51f2605e47a8f08d34,24687,1,0,155,0,1,1,1,1,1,1
C3,deterministic-5,second,19,2027078719,2027078719,1,d0ee2f0cfba8f3cacde84568226d41f5c1b4fb21b2459587f1f71273f2c19cb1,14002,0,0,87,0,d0ee2f0cfba8f3cacde84568226d41f5c1b4fb21b2459587f1f71273f2c19cb1,14002,0,0,87,0,d0ee2f0cfba8f3cacde84568226d41f5c1b4fb21b2459587f1f71273f2c19cb1,14002,0,0,87,0,1,1,1,1,1,1
C3,deterministic-5,second,20,2027078720,2027078720,0,655dc025fb0252bb367195e7e3f491fc83e74c1fc421d029321ee167c68bbd8e,20327,0,0,127,0,655dc025fb0252bb367195e7e3f491fc83e74c1fc421d029321ee167c68bbd8e,20327,0,0,127,0,655dc025fb0252bb367195e7e3f491fc83e74c1fc421d029321ee167c68bbd8e,20327,0,0,127,0,1,1,1,1,1,1
C3,deterministic-5,second,21,2027078721,2027078721,1,2a726e8643e2c08629b859c235d08fd187c2fc0cc99ba1cb41244c9cf3315e60,30835,1,0,193,0,2a726e8643e2c08629b859c235d08fd187c2fc0cc99ba1cb41244c9cf3315e60,30835,1,0,193,0,2a726e8643e2c08629b859c235d08fd187c2fc0cc99ba1cb41244c9cf3315e60,30835,1,0,193,0,1,1,1,1,1,1
C3,deterministic-5,second,22,2027078722,2027078722,0,afcf08306105332b670339641aec00a6eb927763fe3feac52ab8cc42111a20fe,22947,1,0,144,0,afcf08306105332b670339641aec00a6eb927763fe3feac52ab8cc42111a20fe,22947,1,0,144,0,afcf08306105332b670339641aec00a6eb927763fe3feac52ab8cc42111a20fe,22947,1,0,144,0,1,1,1,1,1,1
C3,deterministic-5,second,23,2027078723,2027078723,1,2711c1acb4c68fd03360a68a611998d8ec44be20cf1718dcdb8ed49d140eaa8b,18317,1,0,115,0,2711c1acb4c68fd03360a68a611998d8ec44be20cf1718dcdb8ed49d140eaa8b,18317,1,0,115,0,2711c1acb4c68fd03360a68a611998d8ec44be20cf1718dcdb8ed49d140eaa8b,18317,1,0,115,0,1,1,1,1,1,1
C3,deterministic-5,second,24,2027078724,2027078724,0,853ecc7ef10f8e130eb0d19661108999321508149e81296e277624febeff9d9c,26944,1,0,169,0,853ecc7ef10f8e130eb0d19661108999321508149e81296e277624febeff9d9c,26944,1,0,169,0,853ecc7ef10f8e130eb0d19661108999321508149e81296e277624febeff9d9c,26944,1,0,169,0,1,1,1,1,1,1
C4,deterministic-1,first,0,2026072700,2026072700,0,3df6bfe1d3f9776462d22c43d15f4f387d9c21f3f4fea7fff16c1e4ccebd5c0f,32268,0,0,202,0,3df6bfe1d3f9776462d22c43d15f4f387d9c21f3f4fea7fff16c1e4ccebd5c0f,32268,0,0,202,0,3df6bfe1d3f9776462d22c43d15f4f387d9c21f3f4fea7fff16c1e4ccebd5c0f,32268,0,0,202,0,1,1,1,1,1,1
C4,deterministic-1,first,1,2026072701,2026072701,1,145c20a4b8faba8428b852d5c6a09bbde75840c202c8a8f1b5c9b2be5d96b19f,36618,1,0,230,0,145c20a4b8faba8428b852d5c6a09bbde75840c202c8a8f1b5c9b2be5d96b19f,36618,1,0,230,0,145c20a4b8faba8428b852d5c6a09bbde75840c202c8a8f1b5c9b2be5d96b19f,36618,1,0,230,0,1,1,1,1,1,1
C4,deterministic-1,first,2,2026072702,2026072702,0,9141704a6dc256518f9854c76d41e516b8f4f4bbe546fe5827da7d1797d1fc7e,35964,1,0,226,0,9141704a6dc256518f9854c76d41e516b8f4f4bbe546fe5827da7d1797d1fc7e,35964,1,0,226,0,9141704a6dc256518f9854c76d41e516b8f4f4bbe546fe5827da7d1797d1fc7e,35964,1,0,226,0,1,1,1,1,1,1
C4,deterministic-1,first,3,2026072703,2026072703,1,cf7997036da3c9fde2c6c4af6510c678a07e581c896dd2f4e3f30312beba7090,27160,0,0,170,0,cf7997036da3c9fde2c6c4af6510c678a07e581c896dd2f4e3f30312beba7090,27160,0,0,170,0,cf7997036da3c9fde2c6c4af6510c678a07e581c896dd2f4e3f30312beba7090,27160,0,0,170,0,1,1,1,1,1,1
C4,deterministic-1,first,4,2026072704,2026072704,0,961ec5e4919855c6230b03244e53b11be8181e1e20ad30c795d0e586849795c9,29117,1,0,183,0,961ec5e4919855c6230b03244e53b11be8181e1e20ad30c795d0e586849795c9,29117,1,0,183,0,961ec5e4919855c6230b03244e53b11be8181e1e20ad30c795d0e586849795c9,29117,1,0,183,0,1,1,1,1,1,1
C4,deterministic-1,first,5,2026072705,2026072705,1,9fc17cb5ea22d0f5a9572f0f19d9ebf2eaae68148f28599c9c7eebe89e28d72d,28838,1,0,181,0,9fc17cb5ea22d0f5a9572f0f19d9ebf2eaae68148f28599c9c7eebe89e28d72d,28838,1,0,181,0,9fc17cb5ea22d0f5a9572f0f19d9ebf2eaae68148f28599c9c7eebe89e28d72d,28838,1,0,181,0,1,1,1,1,1,1
C4,deterministic-1,first,6,2026072706,2026072706,0,75afb8162fe47c02a938b83b3965b7070843d6a24ff8facee5011d6d626d05e7,31341,1,0,197,0,75afb8162fe47c02a938b83b3965b7070843d6a24ff8facee5011d6d626d05e7,31341,1,0,197,0,75afb8162fe47c02a938b83b3965b7070843d6a24ff8facee5011d6d626d05e7,31341,1,0,197,0,1,1,1,1,1,1
C4,deterministic-1,first,7,2026072707,2026072707,1,297c4bbea9326f5115a04540e0c648d93e8a1de1c8227972bcabf6f5243e7ed0,38261,1,0,240,0,297c4bbea9326f5115a04540e0c648d93e8a1de1c8227972bcabf6f5243e7ed0,38261,1,0,240,0,297c4bbea9326f5115a04540e0c648d93e8a1de1c8227972bcabf6f5243e7ed0,38261,1,0,240,0,1,1,1,1,1,1
C4,deterministic-1,first,8,2026072708,2026072708,0,8eb085fcfa6fba6f1226c9b099ab6c676fcb8155b8e0c009aa96606867fa536c,33335,0,0,209,0,8eb085fcfa6fba6f1226c9b099ab6c676fcb8155b8e0c009aa96606867fa536c,33335,0,0,209,0,8eb085fcfa6fba6f1226c9b099ab6c676fcb8155b8e0c009aa96606867fa536c,33335,0,0,209,0,1,1,1,1,1,1
C4,deterministic-1,first,9,2026072709,2026072709,1,b08e20e5956821f5081a25a3dea858b4faa1d608e033dc7184f2ecfec6f66f9d,30714,1,0,193,0,b08e20e5956821f5081a25a3dea858b4faa1d608e033dc7184f2ecfec6f66f9d,30714,1,0,193,0,b08e20e5956821f5081a25a3dea858b4faa1d608e033dc7184f2ecfec6f66f9d,30714,1,0,193,0,1,1,1,1,1,1
C4,deterministic-1,first,10,2026072710,2026072710,0,5d9bf92e89f4cb9714b243f093d6e4ccb241ebcd9c998bbfd06827905ecaff9c,32454,1,0,204,0,5d9bf92e89f4cb9714b243f093d6e4ccb241ebcd9c998bbfd06827905ecaff9c,32454,1,0,204,0,5d9bf92e89f4cb9714b243f093d6e4ccb241ebcd9c998bbfd06827905ecaff9c,32454,1,0,204,0,1,1,1,1,1,1
C4,deterministic-1,first,11,2026072711,2026072711,1,04d4859cec3676c405d483bcfe12ed118fc8a5e447cf34da84919f7977302658,29832,1,0,187,0,04d4859cec3676c405d483bcfe12ed118fc8a5e447cf34da84919f7977302658,29832,1,0,187,0,04d4859cec3676c405d483bcfe12ed118fc8a5e447cf34da84919f7977302658,29832,1,0,187,0,1,1,1,1,1,1
C4,deterministic-1,first,12,2026072712,2026072712,0,6f3d8fd68e2b30ea17b2d77cab9a207d076ed379392ffaf8972e139afe45f43b,36675,0,0,230,0,6f3d8fd68e2b30ea17b2d77cab9a207d076ed379392ffaf8972e139afe45f43b,36675,0,0,230,0,6f3d8fd68e2b30ea17b2d77cab9a207d076ed379392ffaf8972e139afe45f43b,36675,0,0,230,0,1,1,1,1,1,1
C4,deterministic-1,first,13,2026072713,2026072713,1,94f1f169d72142b39acbfa66eca34d2cd991d4c93696c8e2ce731c96b4107427,33179,1,0,208,0,94f1f169d72142b39acbfa66eca34d2cd991d4c93696c8e2ce731c96b4107427,33179,1,0,208,0,94f1f169d72142b39acbfa66eca34d2cd991d4c93696c8e2ce731c96b4107427,33179,1,0,208,0,1,1,1,1,1,1
C4,deterministic-1,first,14,2026072714,2026072714,0,34784d1b8bd25bb9487f72e59a320bd9caf650029700136eadda875605136b61,31643,1,0,199,0,34784d1b8bd25bb9487f72e59a320bd9caf650029700136eadda875605136b61,31643,1,0,199,0,34784d1b8bd25bb9487f72e59a320bd9caf650029700136eadda875605136b61,31643,1,0,199,0,1,1,1,1,1,1
C4,deterministic-1,first,15,2026072715,2026072715,1,d88b918ec734f3afec0108951df4ec000899098d6095b97aeff174320f59b8db,34840,1,0,219,0,d88b918ec734f3afec0108951df4ec000899098d6095b97aeff174320f59b8db,34840,1,0,219,0,d88b918ec734f3afec0108951df4ec000899098d6095b97aeff174320f59b8db,34840,1,0,219,0,1,1,1,1,1,1
C4,deterministic-1,first,16,2026072716,2026072716,0,63f80eb51ee0c07e2d805ee36e63b63b47e40ae5e168ee666fad2427d02a73eb,29168,1,0,183,0,63f80eb51ee0c07e2d805ee36e63b63b47e40ae5e168ee666fad2427d02a73eb,29168,1,0,183,0,63f80eb51ee0c07e2d805ee36e63b63b47e40ae5e168ee666fad2427d02a73eb,29168,1,0,183,0,1,1,1,1,1,1
C4,deterministic-1,first,17,2026072717,2026072717,1,2680d8631d18333c3d6d75bdf8e4ef495363462edb1d5c4f31e4eab24894a874,40091,1,0,251,0,2680d8631d18333c3d6d75bdf8e4ef495363462edb1d5c4f31e4eab24894a874,40091,1,0,251,0,2680d8631d18333c3d6d75bdf8e4ef495363462edb1d5c4f31e4eab24894a874,40091,1,0,251,0,1,1,1,1,1,1
C4,deterministic-1,first,18,2026072718,2026072718,0,3086dde06556df2f4e3bf84a6f51e8140e3b65561488559f995e23fd3b20cc1b,31972,0,0,200,0,3086dde06556df2f4e3bf84a6f51e8140e3b65561488559f995e23fd3b20cc1b,31972,0,0,200,0,3086dde06556df2f4e3bf84a6f51e8140e3b65561488559f995e23fd3b20cc1b,31972,0,0,200,0,1,1,1,1,1,1
C4,deterministic-1,first,19,2026072719,2026072719,1,64bdc3cf70333d7b507e5182f9c6f9268f05af4c0968ded651c408faafe90fb2,30977,1,0,194,0,64bdc3cf70333d7b507e5182f9c6f9268f05af4c0968ded651c408faafe90fb2,30977,1,0,194,0,64bdc3cf70333d7b507e5182f9c6f9268f05af4c0968ded651c408faafe90fb2,30977,1,0,194,0,1,1,1,1,1,1
C4,deterministic-1,first,20,2026072720,2026072720,0,6ee0e32e9355f074d183e9e82a7be8d844db83c035916c6c7bd9690c8179e1f4,32669,1,0,205,0,6ee0e32e9355f074d183e9e82a7be8d844db83c035916c6c7bd9690c8179e1f4,32669,1,0,205,0,6ee0e32e9355f074d183e9e82a7be8d844db83c035916c6c7bd9690c8179e1f4,32669,1,0,205,0,1,1,1,1,1,1
C4,deterministic-1,first,21,2026072721,2026072721,1,732040b9cc705586de59957ccb667578401b40c419058fe47d969597bd5122c8,29795,1,0,187,0,732040b9cc705586de59957ccb667578401b40c419058fe47d969597bd5122c8,29795,1,0,187,0,732040b9cc705586de59957ccb667578401b40c419058fe47d969597bd5122c8,29795,1,0,187,0,1,1,1,1,1,1
C4,deterministic-1,first,22,2026072722,2026072722,0,bdf8c6c97af44d67103adfbd0fd88ddcd288d0b2b3103df2c7181ec61826a564,38668,1,0,243,0,bdf8c6c97af44d67103adfbd0fd88ddcd288d0b2b3103df2c7181ec61826a564,38668,1,0,243,0,bdf8c6c97af44d67103adfbd0fd88ddcd288d0b2b3103df2c7181ec61826a564,38668,1,0,243,0,1,1,1,1,1,1
C4,deterministic-1,first,23,2026072723,2026072723,1,69c36d2066670b4f9ed4cebec9b8de079973abb16e080a60b3f3812c346bf867,27562,1,0,173,0,69c36d2066670b4f9ed4cebec9b8de079973abb16e080a60b3f3812c346bf867,27562,1,0,173,0,69c36d2066670b4f9ed4cebec9b8de079973abb16e080a60b3f3812c346bf867,27562,1,0,173,0,1,1,1,1,1,1
C4,deterministic-1,first,24,2026072724,2026072724,0,ef25782e3ed1a14434fc7638f2a0b96742b8b6f5007bca7b34c054e7c2ff2b15,31065,1,0,195,0,ef25782e3ed1a14434fc7638f2a0b96742b8b6f5007bca7b34c054e7c2ff2b15,31065,1,0,195,0,ef25782e3ed1a14434fc7638f2a0b96742b8b6f5007bca7b34c054e7c2ff2b15,31065,1,0,195,0,1,1,1,1,1,1
C4,deterministic-1,second,0,2027072700,2027072700,0,afcfd85ddc87f1c340705c1282c589b774a0f49ea4cb52dc44947b4f9e91492c,28467,1,0,179,0,afcfd85ddc87f1c340705c1282c589b774a0f49ea4cb52dc44947b4f9e91492c,28467,1,0,179,0,afcfd85ddc87f1c340705c1282c589b774a0f49ea4cb52dc44947b4f9e91492c,28467,1,0,179,0,1,1,1,1,1,1
C4,deterministic-1,second,1,2027072701,2027072701,1,7ef7606975a5c8c8c53438b948fc3af00c93c1d5503b0d5727f38f7789756424,32562,0,0,204,0,7ef7606975a5c8c8c53438b948fc3af00c93c1d5503b0d5727f38f7789756424,32562,0,0,204,0,7ef7606975a5c8c8c53438b948fc3af00c93c1d5503b0d5727f38f7789756424,32562,0,0,204,0,1,1,1,1,1,1
C4,deterministic-1,second,2,2027072702,2027072702,0,2350c03110041c27135cd7ce7bf2f4300aec03222acab41634856eb68f89ea84,35586,0,0,223,0,2350c03110041c27135cd7ce7bf2f4300aec03222acab41634856eb68f89ea84,35586,0,0,223,0,2350c03110041c27135cd7ce7bf2f4300aec03222acab41634856eb68f89ea84,35586,0,0,223,0,1,1,1,1,1,1
C4,deterministic-1,second,3,2027072703,2027072703,1,85eb4a75635b924e39f85cc87b77a5a083c01438ea615266ff170d749dd05fec,32648,0,0,205,0,85eb4a75635b924e39f85cc87b77a5a083c01438ea615266ff170d749dd05fec,32648,0,0,205,0,85eb4a75635b924e39f85cc87b77a5a083c01438ea615266ff170d749dd05fec,32648,0,0,205,0,1,1,1,1,1,1
C4,deterministic-1,second,4,2027072704,2027072704,0,52ea87227159579a3c9ea7ee3b3adb6732ec8a9e272e435bb06699e7c8490335,30459,0,0,191,0,52ea87227159579a3c9ea7ee3b3adb6732ec8a9e272e435bb06699e7c8490335,30459,0,0,191,0,52ea87227159579a3c9ea7ee3b3adb6732ec8a9e272e435bb06699e7c8490335,30459,0,0,191,0,1,1,1,1,1,1
C4,deterministic-1,second,5,2027072705,2027072705,1,94643d06853a16b8c6804e327cd7a3984bcd638c717b51b8343f675dac8f030f,29159,1,0,183,0,94643d06853a16b8c6804e327cd7a3984bcd638c717b51b8343f675dac8f030f,29159,1,0,183,0,94643d06853a16b8c6804e327cd7a3984bcd638c717b51b8343f675dac8f030f,29159,1,0,183,0,1,1,1,1,1,1
C4,deterministic-1,second,6,2027072706,2027072706,0,4c225d4a9ff3ad074ced89ecd2eff4314c5417cddabd5328f1501e0c8f17b4a6,17867,1,0,112,0,4c225d4a9ff3ad074ced89ecd2eff4314c5417cddabd5328f1501e0c8f17b4a6,17867,1,0,112,0,4c225d4a9ff3ad074ced89ecd2eff4314c5417cddabd5328f1501e0c8f17b4a6,17867,1,0,112,0,1,1,1,1,1,1
C4,deterministic-1,second,7,2027072707,2027072707,1,99a3aa6b0dceaf9d99f3f3a4882add6aed1b5a033ee0102ae25d103827df1b88,33892,0,0,213,0,99a3aa6b0dceaf9d99f3f3a4882add6aed1b5a033ee0102ae25d103827df1b88,33892,0,0,213,0,99a3aa6b0dceaf9d99f3f3a4882add6aed1b5a033ee0102ae25d103827df1b88,33892,0,0,213,0,1,1,1,1,1,1
C4,deterministic-1,second,8,2027072708,2027072708,0,618aa2aec738a91374e207a3835e503dd7367b48410079d43298424ca55f599f,26074,0,0,163,0,618aa2aec738a91374e207a3835e503dd7367b48410079d43298424ca55f599f,26074,0,0,163,0,618aa2aec738a91374e207a3835e503dd7367b48410079d43298424ca55f599f,26074,0,0,163,0,1,1,1,1,1,1
C4,deterministic-1,second,9,2027072709,2027072709,1,c3302daf685af732a80a3d51619a59f985d4cd001be2b37676b4605f49049eb2,31504,1,0,198,0,c3302daf685af732a80a3d51619a59f985d4cd001be2b37676b4605f49049eb2,31504,1,0,198,0,c3302daf685af732a80a3d51619a59f985d4cd001be2b37676b4605f49049eb2,31504,1,0,198,0,1,1,1,1,1,1
C4,deterministic-1,second,10,2027072710,2027072710,0,a8bd4005c8502e7869bd6c11488ea32be756e47c9cab71986f0e1065330a94f1,39135,0,0,246,0,a8bd4005c8502e7869bd6c11488ea32be756e47c9cab71986f0e1065330a94f1,39135,0,0,246,0,a8bd4005c8502e7869bd6c11488ea32be756e47c9cab71986f0e1065330a94f1,39135,0,0,246,0,1,1,1,1,1,1
C4,deterministic-1,second,11,2027072711,2027072711,1,46f8846b85a0829c166bfa10e00414cd6cfc21ca54e08ae34eeea25e7b6b3d7d,18163,1,0,114,0,46f8846b85a0829c166bfa10e00414cd6cfc21ca54e08ae34eeea25e7b6b3d7d,18163,1,0,114,0,46f8846b85a0829c166bfa10e00414cd6cfc21ca54e08ae34eeea25e7b6b3d7d,18163,1,0,114,0,1,1,1,1,1,1
C4,deterministic-1,second,12,2027072712,2027072712,0,d13352e36c08ff9086a4a60a806a8bbc7b917b8ec4efbb1b6583265cea84945f,31516,1,0,198,0,d13352e36c08ff9086a4a60a806a8bbc7b917b8ec4efbb1b6583265cea84945f,31516,1,0,198,0,d13352e36c08ff9086a4a60a806a8bbc7b917b8ec4efbb1b6583265cea84945f,31516,1,0,198,0,1,1,1,1,1,1
C4,deterministic-1,second,13,2027072713,2027072713,1,e9abbb50863f172ec959f0648c0ef80f77eda2f9649103905b35ad5d5e5258ec,34878,1,0,219,0,e9abbb50863f172ec959f0648c0ef80f77eda2f9649103905b35ad5d5e5258ec,34878,1,0,219,0,e9abbb50863f172ec959f0648c0ef80f77eda2f9649103905b35ad5d5e5258ec,34878,1,0,219,0,1,1,1,1,1,1
C4,deterministic-1,second,14,2027072714,2027072714,0,8039ea3e23d0fa0eca51388ba6eb06935accb99aeb1523c4bbea0240a42fc073,30384,1,0,191,0,8039ea3e23d0fa0eca51388ba6eb06935accb99aeb1523c4bbea0240a42fc073,30384,1,0,191,0,8039ea3e23d0fa0eca51388ba6eb06935accb99aeb1523c4bbea0240a42fc073,30384,1,0,191,0,1,1,1,1,1,1
C4,deterministic-1,second,15,2027072715,2027072715,1,df7012c9d12cd0860d8b91c64014b81c37e629e9bfc7dc2c2cf4d6e3caf3791a,38331,1,0,241,0,df7012c9d12cd0860d8b91c64014b81c37e629e9bfc7dc2c2cf4d6e3caf3791a,38331,1,0,241,0,df7012c9d12cd0860d8b91c64014b81c37e629e9bfc7dc2c2cf4d6e3caf3791a,38331,1,0,241,0,1,1,1,1,1,1
C4,deterministic-1,second,16,2027072716,2027072716,0,2f263fbc2b5932204a4e5833ee0574cfc14d076be9be50065092ac000bd55c0b,31848,1,0,200,0,2f263fbc2b5932204a4e5833ee0574cfc14d076be9be50065092ac000bd55c0b,31848,1,0,200,0,2f263fbc2b5932204a4e5833ee0574cfc14d076be9be50065092ac000bd55c0b,31848,1,0,200,0,1,1,1,1,1,1
C4,deterministic-1,second,17,2027072717,2027072717,1,a8c54c5892faf2d40b898cf4f62d2de9b2006edebd5cdf406cd5342f832d1c21,32454,1,0,204,0,a8c54c5892faf2d40b898cf4f62d2de9b2006edebd5cdf406cd5342f832d1c21,32454,1,0,204,0,a8c54c5892faf2d40b898cf4f62d2de9b2006edebd5cdf406cd5342f832d1c21,32454,1,0,204,0,1,1,1,1,1,1
C4,deterministic-1,second,18,2027072718,2027072718,0,7e3bfb6f252ea54fd1625fd9798ae96c3152272176bdcd589d683a7a6fbe8fe0,28889,0,0,181,0,7e3bfb6f252ea54fd1625fd9798ae96c3152272176bdcd589d683a7a6fbe8fe0,28889,0,0,181,0,7e3bfb6f252ea54fd1625fd9798ae96c3152272176bdcd589d683a7a6fbe8fe0,28889,0,0,181,0,1,1,1,1,1,1
C4,deterministic-1,second,19,2027072719,2027072719,1,0ef7c1521ef4ce8cfdae70087c4d1703c97a3e71c2d1ab312298f641a3557585,32910,0,0,206,0,0ef7c1521ef4ce8cfdae70087c4d1703c97a3e71c2d1ab312298f641a3557585,32910,0,0,206,0,0ef7c1521ef4ce8cfdae70087c4d1703c97a3e71c2d1ab312298f641a3557585,32910,0,0,206,0,1,1,1,1,1,1
C4,deterministic-1,second,20,2027072720,2027072720,0,4438093aa2015bee48535803f499535ba8770cf24c0af6a62d9470f6e939c3f7,27229,1,0,171,0,4438093aa2015bee48535803f499535ba8770cf24c0af6a62d9470f6e939c3f7,27229,1,0,171,0,4438093aa2015bee48535803f499535ba8770cf24c0af6a62d9470f6e939c3f7,27229,1,0,171,0,1,1,1,1,1,1
C4,deterministic-1,second,21,2027072721,2027072721,1,49af027e98f3cffc35aa752e9277a6d10563b033ac54b16eeda293a51a20165f,34519,1,0,217,0,49af027e98f3cffc35aa752e9277a6d10563b033ac54b16eeda293a51a20165f,34519,1,0,217,0,49af027e98f3cffc35aa752e9277a6d10563b033ac54b16eeda293a51a20165f,34519,1,0,217,0,1,1,1,1,1,1
C4,deterministic-1,second,22,2027072722,2027072722,0,c573a0b801b3803be8b998a5ee7e03f8c19b1f0b16f7e90e77907d1f1a09abb4,36627,0,0,230,0,c573a0b801b3803be8b998a5ee7e03f8c19b1f0b16f7e90e77907d1f1a09abb4,36627,0,0,230,0,c573a0b801b3803be8b998a5ee7e03f8c19b1f0b16f7e90e77907d1f1a09abb4,36627,0,0,230,0,1,1,1,1,1,1
C4,deterministic-1,second,23,2027072723,2027072723,1,02bc5daf0e48cf216fd17d49a026b2c3243be313d3f38047937058f129c591a9,25095,0,0,157,0,02bc5daf0e48cf216fd17d49a026b2c3243be313d3f38047937058f129c591a9,25095,0,0,157,0,02bc5daf0e48cf216fd17d49a026b2c3243be313d3f38047937058f129c591a9,25095,0,0,157,0,1,1,1,1,1,1
C4,deterministic-1,second,24,2027072724,2027072724,0,402c2210db1a69a8d17bc1d4cabda8600a2c7a1db18237fc1dcf674e456f3a7b,37907,1,0,238,0,402c2210db1a69a8d17bc1d4cabda8600a2c7a1db18237fc1dcf674e456f3a7b,37907,1,0,238,0,402c2210db1a69a8d17bc1d4cabda8600a2c7a1db18237fc1dcf674e456f3a7b,37907,1,0,238,0,1,1,1,1,1,1
C4,deterministic-2,first,0,2026073700,2026073700,0,1d8f296246f72cb7610b0dfbcd77a9f8d5567de37011810b7dd21007de903a6a,31938,0,0,200,0,1d8f296246f72cb7610b0dfbcd77a9f8d5567de37011810b7dd21007de903a6a,31938,0,0,200,0,1d8f296246f72cb7610b0dfbcd77a9f8d5567de37011810b7dd21007de903a6a,31938,0,0,200,0,1,1,1,1,1,1
C4,deterministic-2,first,1,2026073701,2026073701,1,0c96b636436b6303768a5e242f7b24912b875740dc42324931315d12e794c86a,22156,1,0,139,0,0c96b636436b6303768a5e242f7b24912b875740dc42324931315d12e794c86a,22156,1,0,139,0,0c96b636436b6303768a5e242f7b24912b875740dc42324931315d12e794c86a,22156,1,0,139,0,1,1,1,1,1,1
C4,deterministic-2,first,2,2026073702,2026073702,0,360daa824995fd5d561f83c326de6842272989294e6462a1c4485290123443c4,34057,1,0,214,0,360daa824995fd5d561f83c326de6842272989294e6462a1c4485290123443c4,34057,1,0,214,0,360daa824995fd5d561f83c326de6842272989294e6462a1c4485290123443c4,34057,1,0,214,0,1,1,1,1,1,1
C4,deterministic-2,first,3,2026073703,2026073703,1,92efce82aa88788efda9b69572d28920e8189b0b5092fac0e06af591e7e4586c,29620,1,0,186,0,92efce82aa88788efda9b69572d28920e8189b0b5092fac0e06af591e7e4586c,29620,1,0,186,0,92efce82aa88788efda9b69572d28920e8189b0b5092fac0e06af591e7e4586c,29620,1,0,186,0,1,1,1,1,1,1
C4,deterministic-2,first,4,2026073704,2026073704,0,0e9f5a86df66c040ee81f6e49b002b4dfb1d7b3aab4265f766d7abfeb3b096ee,32335,1,0,203,0,0e9f5a86df66c040ee81f6e49b002b4dfb1d7b3aab4265f766d7abfeb3b096ee,32335,1,0,203,0,0e9f5a86df66c040ee81f6e49b002b4dfb1d7b3aab4265f766d7abfeb3b096ee,32335,1,0,203,0,1,1,1,1,1,1
C4,deterministic-2,first,5,2026073705,2026073705,1,dd9936f856c56540177015a3d582315c46198cebec76e1ebcf3d3d3b24e8ae2c,29904,0,0,187,0,dd9936f856c56540177015a3d582315c46198cebec76e1ebcf3d3d3b24e8ae2c,29904,0,0,187,0,dd9936f856c56540177015a3d582315c46198cebec76e1ebcf3d3d3b24e8ae2c,29904,0,0,187,0,1,1,1,1,1,1
C4,deterministic-2,first,6,2026073706,2026073706,0,376a459b354745bf4e6892bdc605d9aaa6318d8f722318811c62aae6ebc98b92,30997,1,0,195,0,376a459b354745bf4e6892bdc605d9aaa6318d8f722318811c62aae6ebc98b92,30997,1,0,195,0,376a459b354745bf4e6892bdc605d9aaa6318d8f722318811c62aae6ebc98b92,30997,1,0,195,0,1,1,1,1,1,1
C4,deterministic-2,first,7,2026073707,2026073707,1,db102f399a8694109686f2d1b148a298b9d64236f918d0f5fc3581489a40f0ea,27532,1,0,173,0,db102f399a8694109686f2d1b148a298b9d64236f918d0f5fc3581489a40f0ea,27532,1,0,173,0,db102f399a8694109686f2d1b148a298b9d64236f918d0f5fc3581489a40f0ea,27532,1,0,173,0,1,1,1,1,1,1
C4,deterministic-2,first,8,2026073708,2026073708,0,cdebdfea35b062bdaaf0f9610074242347ea2f40f2c9f778dba1b25da8859aab,30072,1,0,189,0,cdebdfea35b062bdaaf0f9610074242347ea2f40f2c9f778dba1b25da8859aab,30072,1,0,189,0,cdebdfea35b062bdaaf0f9610074242347ea2f40f2c9f778dba1b25da8859aab,30072,1,0,189,0,1,1,1,1,1,1
C4,deterministic-2,first,9,2026073709,2026073709,1,9d08214e55ca9ba438381a949f5ad4271aa4914109a96d74dc774bbc29c62552,32748,0,0,205,0,9d08214e55ca9ba438381a949f5ad4271aa4914109a96d74dc774bbc29c62552,32748,0,0,205,0,9d08214e55ca9ba438381a949f5ad4271aa4914109a96d74dc774bbc29c62552,32748,0,0,205,0,1,1,1,1,1,1
C4,deterministic-2,first,10,2026073710,2026073710,0,a461114953d53365e650492123fb6a44ccd91c07b276d022f894734c2161264d,29646,0,0,186,0,a461114953d53365e650492123fb6a44ccd91c07b276d022f894734c2161264d,29646,0,0,186,0,a461114953d53365e650492123fb6a44ccd91c07b276d022f894734c2161264d,29646,0,0,186,0,1,1,1,1,1,1
C4,deterministic-2,first,11,2026073711,2026073711,1,992aba3dcc9bc52c7f28bf79d6720800efe113cde40792a2a3d9a14fcdc09477,33394,1,0,210,0,992aba3dcc9bc52c7f28bf79d6720800efe113cde40792a2a3d9a14fcdc09477,33394,1,0,210,0,992aba3dcc9bc52c7f28bf79d6720800efe113cde40792a2a3d9a14fcdc09477,33394,1,0,210,0,1,1,1,1,1,1
C4,deterministic-2,first,12,2026073712,2026073712,0,491ad6abd04cc58ec575d5dd1b3b9809460c9e189249fa80f15a90527bc732f9,28956,1,0,182,0,491ad6abd04cc58ec575d5dd1b3b9809460c9e189249fa80f15a90527bc732f9,28956,1,0,182,0,491ad6abd04cc58ec575d5dd1b3b9809460c9e189249fa80f15a90527bc732f9,28956,1,0,182,0,1,1,1,1,1,1
C4,deterministic-2,first,13,2026073713,2026073713,1,df8a88435e0e6c4c489454fa1f5d238a170eb5c4164b4508442c3c033d2cff3e,28007,1,0,176,0,df8a88435e0e6c4c489454fa1f5d238a170eb5c4164b4508442c3c033d2cff3e,28007,1,0,176,0,df8a88435e0e6c4c489454fa1f5d238a170eb5c4164b4508442c3c033d2cff3e,28007,1,0,176,0,1,1,1,1,1,1
C4,deterministic-2,first,14,2026073714,2026073714,0,45c467b8cd96822f20d999583e50f7cc67dfe655c32941a7c28763789ff8b4ef,32097,0,0,201,0,45c467b8cd96822f20d999583e50f7cc67dfe655c32941a7c28763789ff8b4ef,32097,0,0,201,0,45c467b8cd96822f20d999583e50f7cc67dfe655c32941a7c28763789ff8b4ef,32097,0,0,201,0,1,1,1,1,1,1
C4,deterministic-2,first,15,2026073715,2026073715,1,910bc94ba2b5b5860cddf91f4ecc9acfb7a1c9a5713be67bc31a6bd4017d79d6,21972,1,0,138,0,910bc94ba2b5b5860cddf91f4ecc9acfb7a1c9a5713be67bc31a6bd4017d79d6,21972,1,0,138,0,910bc94ba2b5b5860cddf91f4ecc9acfb7a1c9a5713be67bc31a6bd4017d79d6,21972,1,0,138,0,1,1,1,1,1,1
C4,deterministic-2,first,16,2026073716,2026073716,0,1b99d4dc497ee1e64dc4b976376da65a9fc934c10c54b0a47da135837e471178,27371,1,0,172,0,1b99d4dc497ee1e64dc4b976376da65a9fc934c10c54b0a47da135837e471178,27371,1,0,172,0,1b99d4dc497ee1e64dc4b976376da65a9fc934c10c54b0a47da135837e471178,27371,1,0,172,0,1,1,1,1,1,1
C4,deterministic-2,first,17,2026073717,2026073717,1,930596d56ceed026073dd123cf8fdddbae7eb22507c56d0de6e882f12e359c45,27069,1,0,170,0,930596d56ceed026073dd123cf8fdddbae7eb22507c56d0de6e882f12e359c45,27069,1,0,170,0,930596d56ceed026073dd123cf8fdddbae7eb22507c56d0de6e882f12e359c45,27069,1,0,170,0,1,1,1,1,1,1
C4,deterministic-2,first,18,2026073718,2026073718,0,1d5fda25923c959327ca3801f7fa490b9ef6e72febbb98ed396a641a8e72a10f,32339,0,0,202,0,1d5fda25923c959327ca3801f7fa490b9ef6e72febbb98ed396a641a8e72a10f,32339,0,0,202,0,1d5fda25923c959327ca3801f7fa490b9ef6e72febbb98ed396a641a8e72a10f,32339,0,0,202,0,1,1,1,1,1,1
C4,deterministic-2,first,19,2026073719,2026073719,1,2462fee27279328af56453da8b75133f6c0276133c1cf29fbdce601a37f18511,46024,1,0,289,0,2462fee27279328af56453da8b75133f6c0276133c1cf29fbdce601a37f18511,46024,1,0,289,0,2462fee27279328af56453da8b75133f6c0276133c1cf29fbdce601a37f18511,46024,1,0,289,0,1,1,1,1,1,1
C4,deterministic-2,first,20,2026073720,2026073720,0,1f5d55a25e809c22d4509e8c09df66b0d03facc120f35114b10772e11b37ea77,24932,0,0,156,0,1f5d55a25e809c22d4509e8c09df66b0d03facc120f35114b10772e11b37ea77,24932,0,0,156,0,1f5d55a25e809c22d4509e8c09df66b0d03facc120f35114b10772e11b37ea77,24932,0,0,156,0,1,1,1,1,1,1
C4,deterministic-2,first,21,2026073721,2026073721,1,8c7ce8a70e7499e9307c56b001428beab286c5796dad72942c4b37239e80fc67,36737,0,0,230,0,8c7ce8a70e7499e9307c56b001428beab286c5796dad72942c4b37239e80fc67,36737,0,0,230,0,8c7ce8a70e7499e9307c56b001428beab286c5796dad72942c4b37239e80fc67,36737,0,0,230,0,1,1,1,1,1,1
C4,deterministic-2,first,22,2026073722,2026073722,0,7249d7c1a023d4684cede1a0da0a62d2496ded059056645e76f37c0b0ad7f827,30890,1,0,194,0,7249d7c1a023d4684cede1a0da0a62d2496ded059056645e76f37c0b0ad7f827,30890,1,0,194,0,7249d7c1a023d4684cede1a0da0a62d2496ded059056645e76f37c0b0ad7f827,30890,1,0,194,0,1,1,1,1,1,1
C4,deterministic-2,first,23,2026073723,2026073723,1,bfe96dbcd36738decb773f72391d36f0e5edb782e3f0691ecd41a1f0fdd5115a,33530,1,0,211,0,bfe96dbcd36738decb773f72391d36f0e5edb782e3f0691ecd41a1f0fdd5115a,33530,1,0,211,0,bfe96dbcd36738decb773f72391d36f0e5edb782e3f0691ecd41a1f0fdd5115a,33530,1,0,211,0,1,1,1,1,1,1
C4,deterministic-2,first,24,2026073724,2026073724,0,017b26926e9317f0707e7df71b7e2a9cbbbe33166f9d4aaa5427b18c08e1d2b7,38206,1,0,240,0,017b26926e9317f0707e7df71b7e2a9cbbbe33166f9d4aaa5427b18c08e1d2b7,38206,1,0,240,0,017b26926e9317f0707e7df71b7e2a9cbbbe33166f9d4aaa5427b18c08e1d2b7,38206,1,0,240,0,1,1,1,1,1,1
C4,deterministic-2,second,0,2027073700,2027073700,0,5bd547c89649eae9ebd9f4f9a1baad979e7f5bf2693ca016dfc348d25aa61e17,32209,0,0,202,0,5bd547c89649eae9ebd9f4f9a1baad979e7f5bf2693ca016dfc348d25aa61e17,32209,0,0,202,0,5bd547c89649eae9ebd9f4f9a1baad979e7f5bf2693ca016dfc348d25aa61e17,32209,0,0,202,0,1,1,1,1,1,1
C4,deterministic-2,second,1,2027073701,2027073701,1,f854e3b78eff6110f662aa8dda1e4b0e06a2d8d1fd36df45fe01173ccfc3627e,31389,1,0,197,0,f854e3b78eff6110f662aa8dda1e4b0e06a2d8d1fd36df45fe01173ccfc3627e,31389,1,0,197,0,f854e3b78eff6110f662aa8dda1e4b0e06a2d8d1fd36df45fe01173ccfc3627e,31389,1,0,197,0,1,1,1,1,1,1
C4,deterministic-2,second,2,2027073702,2027073702,0,4ca96280d9dee76c453802a46fecf11f31ca8ebab87b3e07ab4070714d46678b,30041,0,0,188,0,4ca96280d9dee76c453802a46fecf11f31ca8ebab87b3e07ab4070714d46678b,30041,0,0,188,0,4ca96280d9dee76c453802a46fecf11f31ca8ebab87b3e07ab4070714d46678b,30041,0,0,188,0,1,1,1,1,1,1
C4,deterministic-2,second,3,2027073703,2027073703,1,0e388c57197a2901582b81f126dd346bd9130c57e6de0f842c3e09e6d1d56534,35543,1,0,223,0,0e388c57197a2901582b81f126dd346bd9130c57e6de0f842c3e09e6d1d56534,35543,1,0,223,0,0e388c57197a2901582b81f126dd346bd9130c57e6de0f842c3e09e6d1d56534,35543,1,0,223,0,1,1,1,1,1,1
C4,deterministic-2,second,4,2027073704,2027073704,0,bbe6fb937fa7d8366f7c59a8aeb0db102480a362accd26d8be957bb138cc8ce2,31431,0,0,197,0,bbe6fb937fa7d8366f7c59a8aeb0db102480a362accd26d8be957bb138cc8ce2,31431,0,0,197,0,bbe6fb937fa7d8366f7c59a8aeb0db102480a362accd26d8be957bb138cc8ce2,31431,0,0,197,0,1,1,1,1,1,1
C4,deterministic-2,second,5,2027073705,2027073705,1,01f72aaa48fcaf998e0457f831ffbe9aec2344eee915d71cc56e08ecfc73d022,27045,0,0,169,0,01f72aaa48fcaf998e0457f831ffbe9aec2344eee915d71cc56e08ecfc73d022,27045,0,0,169,0,01f72aaa48fcaf998e0457f831ffbe9aec2344eee915d71cc56e08ecfc73d022,27045,0,0,169,0,1,1,1,1,1,1
C4,deterministic-2,second,6,2027073706,2027073706,0,91330b8c1b16d3eeeb9617fb4efec745a1eae9ceaf8aad6295e1406477805ea5,36249,0,0,227,0,91330b8c1b16d3eeeb9617fb4efec745a1eae9ceaf8aad6295e1406477805ea5,36249,0,0,227,0,91330b8c1b16d3eeeb9617fb4efec745a1eae9ceaf8aad6295e1406477805ea5,36249,0,0,227,0,1,1,1,1,1,1
C4,deterministic-2,second,7,2027073707,2027073707,1,fc67bbd6cb820d4a086409fc36ec8aa99dadd35ca1dd9bd24e6741b6c7ebdcdc,28058,1,0,176,0,fc67bbd6cb820d4a086409fc36ec8aa99dadd35ca1dd9bd24e6741b6c7ebdcdc,28058,1,0,176,0,fc67bbd6cb820d4a086409fc36ec8aa99dadd35ca1dd9bd24e6741b6c7ebdcdc,28058,1,0,176,0,1,1,1,1,1,1
C4,deterministic-2,second,8,2027073708,2027073708,0,4c2f5670dc9bda5e1b1755f8a69d0ae0e49bc62baafd88c3ef5cad7e4cc2c4ea,33837,0,0,212,0,4c2f5670dc9bda5e1b1755f8a69d0ae0e49bc62baafd88c3ef5cad7e4cc2c4ea,33837,0,0,212,0,4c2f5670dc9bda5e1b1755f8a69d0ae0e49bc62baafd88c3ef5cad7e4cc2c4ea,33837,0,0,212,0,1,1,1,1,1,1
C4,deterministic-2,second,9,2027073709,2027073709,1,6b11649e47144ca65f4c9b960462e76adc88bb6637877b992b2f452af58944b8,38044,1,0,239,0,6b11649e47144ca65f4c9b960462e76adc88bb6637877b992b2f452af58944b8,38044,1,0,239,0,6b11649e47144ca65f4c9b960462e76adc88bb6637877b992b2f452af58944b8,38044,1,0,239,0,1,1,1,1,1,1
C4,deterministic-2,second,10,2027073710,2027073710,0,91ed668d9e2b64c6d0c2cd47236a0b6e1c79efa0a9ae21a2c6d7f25ec79934be,30771,1,0,193,0,91ed668d9e2b64c6d0c2cd47236a0b6e1c79efa0a9ae21a2c6d7f25ec79934be,30771,1,0,193,0,91ed668d9e2b64c6d0c2cd47236a0b6e1c79efa0a9ae21a2c6d7f25ec79934be,30771,1,0,193,0,1,1,1,1,1,1
C4,deterministic-2,second,11,2027073711,2027073711,1,afff0665257b688d24d82e331108dacdddfbba8c96642931e79ebf62e9c29eea,29677,0,0,186,0,afff0665257b688d24d82e331108dacdddfbba8c96642931e79ebf62e9c29eea,29677,0,0,186,0,afff0665257b688d24d82e331108dacdddfbba8c96642931e79ebf62e9c29eea,29677,0,0,186,0,1,1,1,1,1,1
C4,deterministic-2,second,12,2027073712,2027073712,0,81bf1401c2e10dc12bc3dac5d627acde738b3a4cb157ce432800ad75937cc441,26607,1,0,167,0,81bf1401c2e10dc12bc3dac5d627acde738b3a4cb157ce432800ad75937cc441,26607,1,0,167,0,81bf1401c2e10dc12bc3dac5d627acde738b3a4cb157ce432800ad75937cc441,26607,1,0,167,0,1,1,1,1,1,1
C4,deterministic-2,second,13,2027073713,2027073713,1,d4fe3dbb89415dd2432e661276e0c04c5228fcc24e350c55c6f5add419ccac3c,24072,1,0,151,0,d4fe3dbb89415dd2432e661276e0c04c5228fcc24e350c55c6f5add419ccac3c,24072,1,0,151,0,d4fe3dbb89415dd2432e661276e0c04c5228fcc24e350c55c6f5add419ccac3c,24072,1,0,151,0,1,1,1,1,1,1
C4,deterministic-2,second,14,2027073714,2027073714,0,bc40ae012e9f207a92167ca1c5313f16954d251925e7281d8fd8d8157d2ebb2b,32739,0,0,205,0,bc40ae012e9f207a92167ca1c5313f16954d251925e7281d8fd8d8157d2ebb2b,32739,0,0,205,0,bc40ae012e9f207a92167ca1c5313f16954d251925e7281d8fd8d8157d2ebb2b,32739,0,0,205,0,1,1,1,1,1,1
C4,deterministic-2,second,15,2027073715,2027073715,1,e73671f4650615f1656f53b15824b0852b8370ad604eb25a6d4a5b91477a81c0,32308,1,0,203,0,e73671f4650615f1656f53b15824b0852b8370ad604eb25a6d4a5b91477a81c0,32308,1,0,203,0,e73671f4650615f1656f53b15824b0852b8370ad604eb25a6d4a5b91477a81c0,32308,1,0,203,0,1,1,1,1,1,1
C4,deterministic-2,second,16,2027073716,2027073716,0,8ebf06bda93526a76d005ffdfa4a2aae95d9955a6d21884d293c9468d9f2b7c1,40623,1,0,255,0,8ebf06bda93526a76d005ffdfa4a2aae95d9955a6d21884d293c9468d9f2b7c1,40623,1,0,255,0,8ebf06bda93526a76d005ffdfa4a2aae95d9955a6d21884d293c9468d9f2b7c1,40623,1,0,255,0,1,1,1,1,1,1
C4,deterministic-2,second,17,2027073717,2027073717,1,ac3d9b4e64bedad83b78a36e9868fe2caa06db81e3d1eed85455d8151801065a,32967,1,0,207,0,ac3d9b4e64bedad83b78a36e9868fe2caa06db81e3d1eed85455d8151801065a,32967,1,0,207,0,ac3d9b4e64bedad83b78a36e9868fe2caa06db81e3d1eed85455d8151801065a,32967,1,0,207,0,1,1,1,1,1,1
C4,deterministic-2,second,18,2027073718,2027073718,0,f94565d1539835d4f4c7f8d0254132c9ea9f341b1423f98d3abd732af12a8fbf,31004,0,0,194,0,f94565d1539835d4f4c7f8d0254132c9ea9f341b1423f98d3abd732af12a8fbf,31004,0,0,194,0,f94565d1539835d4f4c7f8d0254132c9ea9f341b1423f98d3abd732af12a8fbf,31004,0,0,194,0,1,1,1,1,1,1
C4,deterministic-2,second,19,2027073719,2027073719,1,1111a24f630ca043453334fece50a333752b79d29c54a0810f7d44c0d14e26d5,26108,1,0,164,0,1111a24f630ca043453334fece50a333752b79d29c54a0810f7d44c0d14e26d5,26108,1,0,164,0,1111a24f630ca043453334fece50a333752b79d29c54a0810f7d44c0d14e26d5,26108,1,0,164,0,1,1,1,1,1,1
C4,deterministic-2,second,20,2027073720,2027073720,0,ec3525a2054cbe498fd3ee27280f63a35fd5c4e4c7333fba9fa776a627aaab9d,33858,0,0,212,0,ec3525a2054cbe498fd3ee27280f63a35fd5c4e4c7333fba9fa776a627aaab9d,33858,0,0,212,0,ec3525a2054cbe498fd3ee27280f63a35fd5c4e4c7333fba9fa776a627aaab9d,33858,0,0,212,0,1,1,1,1,1,1
C4,deterministic-2,second,21,2027073721,2027073721,1,8f3cc3caa53c1715cea9cde3fb6c6668ab78a76a192b7c58f6f8c651557a5f5f,25915,0,0,162,0,8f3cc3caa53c1715cea9cde3fb6c6668ab78a76a192b7c58f6f8c651557a5f5f,25915,0,0,162,0,8f3cc3caa53c1715cea9cde3fb6c6668ab78a76a192b7c58f6f8c651557a5f5f,25915,0,0,162,0,1,1,1,1,1,1
C4,deterministic-2,second,22,2027073722,2027073722,0,21d7900d1b3c22827afff49fd01e4fb778fa96c2a89f42dfdbd814b13f29ef64,34698,1,0,218,0,21d7900d1b3c22827afff49fd01e4fb778fa96c2a89f42dfdbd814b13f29ef64,34698,1,0,218,0,21d7900d1b3c22827afff49fd01e4fb778fa96c2a89f42dfdbd814b13f29ef64,34698,1,0,218,0,1,1,1,1,1,1
C4,deterministic-2,second,23,2027073723,2027073723,1,f23f3613592af18e9b041bda84fe33c211a3d892e7fd0409917a57dccae71881,29006,1,0,182,0,f23f3613592af18e9b041bda84fe33c211a3d892e7fd0409917a57dccae71881,29006,1,0,182,0,f23f3613592af18e9b041bda84fe33c211a3d892e7fd0409917a57dccae71881,29006,1,0,182,0,1,1,1,1,1,1
C4,deterministic-2,second,24,2027073724,2027073724,0,d2d0f30a7ca497597d1463d51bdbb7282ce9fd4e371eb8d99f1392ab253bf086,29212,0,0,183,0,d2d0f30a7ca497597d1463d51bdbb7282ce9fd4e371eb8d99f1392ab253bf086,29212,0,0,183,0,d2d0f30a7ca497597d1463d51bdbb7282ce9fd4e371eb8d99f1392ab253bf086,29212,0,0,183,0,1,1,1,1,1,1
C4,deterministic-3,first,0,2026074700,2026074700,0,61b1717230cd9b94c8e876efae9715e5ce0e6acd394230112879ee2f6ed2bf48,36316,1,0,228,0,61b1717230cd9b94c8e876efae9715e5ce0e6acd394230112879ee2f6ed2bf48,36316,1,0,228,0,61b1717230cd9b94c8e876efae9715e5ce0e6acd394230112879ee2f6ed2bf48,36316,1,0,228,0,1,1,1,1,1,1
C4,deterministic-3,first,1,2026074701,2026074701,1,802607aabdf2c5e625e9320388229ec180b23b8d9aa506f5a0211ea625234ef2,26460,1,0,166,0,802607aabdf2c5e625e9320388229ec180b23b8d9aa506f5a0211ea625234ef2,26460,1,0,166,0,802607aabdf2c5e625e9320388229ec180b23b8d9aa506f5a0211ea625234ef2,26460,1,0,166,0,1,1,1,1,1,1
C4,deterministic-3,first,2,2026074702,2026074702,0,23a984a31b54c16a5d0aba8428027029b87addb88586b62eaa56c61ea1030516,35667,0,0,224,0,23a984a31b54c16a5d0aba8428027029b87addb88586b62eaa56c61ea1030516,35667,0,0,224,0,23a984a31b54c16a5d0aba8428027029b87addb88586b62eaa56c61ea1030516,35667,0,0,224,0,1,1,1,1,1,1
C4,deterministic-3,first,3,2026074703,2026074703,1,4cf892213a940b6a92a7579b79f9a9b717759ad10ed73e6868c73543f5e750f8,38976,0,0,244,0,4cf892213a940b6a92a7579b79f9a9b717759ad10ed73e6868c73543f5e750f8,38976,0,0,244,0,4cf892213a940b6a92a7579b79f9a9b717759ad10ed73e6868c73543f5e750f8,38976,0,0,244,0,1,1,1,1,1,1
C4,deterministic-3,first,4,2026074704,2026074704,0,c71658038425d36e542a23645e9a60e7c8570d23d25bd56e466831a0b22963ec,29304,1,0,184,0,c71658038425d36e542a23645e9a60e7c8570d23d25bd56e466831a0b22963ec,29304,1,0,184,0,c71658038425d36e542a23645e9a60e7c8570d23d25bd56e466831a0b22963ec,29304,1,0,184,0,1,1,1,1,1,1
C4,deterministic-3,first,5,2026074705,2026074705,1,bc1fa2eea87214d6cf28b4505e29275cf078ffe0692b63abb06bf846f54f767d,32585,1,0,204,0,bc1fa2eea87214d6cf28b4505e29275cf078ffe0692b63abb06bf846f54f767d,32585,1,0,204,0,bc1fa2eea87214d6cf28b4505e29275cf078ffe0692b63abb06bf846f54f767d,32585,1,0,204,0,1,1,1,1,1,1
C4,deterministic-3,first,6,2026074706,2026074706,0,fe1e151c20352371fd240ddb26217e463c9163f33f15343ecc31ffc5c03b7f87,34958,0,0,219,0,fe1e151c20352371fd240ddb26217e463c9163f33f15343ecc31ffc5c03b7f87,34958,0,0,219,0,fe1e151c20352371fd240ddb26217e463c9163f33f15343ecc31ffc5c03b7f87,34958,0,0,219,0,1,1,1,1,1,1
C4,deterministic-3,first,7,2026074707,2026074707,1,87f3263b382a85db583b98346a7a97e3a1efe49c374be653ca07427019110a67,35989,1,0,226,0,87f3263b382a85db583b98346a7a97e3a1efe49c374be653ca07427019110a67,35989,1,0,226,0,87f3263b382a85db583b98346a7a97e3a1efe49c374be653ca07427019110a67,35989,1,0,226,0,1,1,1,1,1,1
C4,deterministic-3,first,8,2026074708,2026074708,0,a556a814c983bbdb51b221e8152e7d98c3761985944269dc2c6c5d595fac2ab4,30614,1,0,192,0,a556a814c983bbdb51b221e8152e7d98c3761985944269dc2c6c5d595fac2ab4,30614,1,0,192,0,a556a814c983bbdb51b221e8152e7d98c3761985944269dc2c6c5d595fac2ab4,30614,1,0,192,0,1,1,1,1,1,1
C4,deterministic-3,first,9,2026074709,2026074709,1,17afe3edff95e23b202d96ec9364bee77bc0d56d1fc354f150f1d3c453055e1e,26977,1,0,169,0,17afe3edff95e23b202d96ec9364bee77bc0d56d1fc354f150f1d3c453055e1e,26977,1,0,169,0,17afe3edff95e23b202d96ec9364bee77bc0d56d1fc354f150f1d3c453055e1e,26977,1,0,169,0,1,1,1,1,1,1
C4,deterministic-3,first,10,2026074710,2026074710,0,aac2fd28d2b678f482d4ae7168596a324f0cc05e17a0d238ed39f7eec842bc64,32958,0,0,206,0,aac2fd28d2b678f482d4ae7168596a324f0cc05e17a0d238ed39f7eec842bc64,32958,0,0,206,0,aac2fd28d2b678f482d4ae7168596a324f0cc05e17a0d238ed39f7eec842bc64,32958,0,0,206,0,1,1,1,1,1,1
C4,deterministic-3,first,11,2026074711,2026074711,1,ddd201bd3ab6191b9550d2796f8fe0a217f4f7c7a9e10ef19dc2296baddc2243,26729,1,0,168,0,ddd201bd3ab6191b9550d2796f8fe0a217f4f7c7a9e10ef19dc2296baddc2243,26729,1,0,168,0,ddd201bd3ab6191b9550d2796f8fe0a217f4f7c7a9e10ef19dc2296baddc2243,26729,1,0,168,0,1,1,1,1,1,1
C4,deterministic-3,first,12,2026074712,2026074712,0,44c24ed3137df6bbbc41d0be72978880b084203d5657928fc863790e28005cf8,20369,0,0,127,0,44c24ed3137df6bbbc41d0be72978880b084203d5657928fc863790e28005cf8,20369,0,0,127,0,44c24ed3137df6bbbc41d0be72978880b084203d5657928fc863790e28005cf8,20369,0,0,127,0,1,1,1,1,1,1
C4,deterministic-3,first,13,2026074713,2026074713,1,b24baa1e61dac5cd387f6fb71bcbfbaee1d62de8f349003fa0fc3d28b7e208a4,32766,1,0,206,0,b24baa1e61dac5cd387f6fb71bcbfbaee1d62de8f349003fa0fc3d28b7e208a4,32766,1,0,206,0,b24baa1e61dac5cd387f6fb71bcbfbaee1d62de8f349003fa0fc3d28b7e208a4,32766,1,0,206,0,1,1,1,1,1,1
C4,deterministic-3,first,14,2026074714,2026074714,0,95e2ed053579cfc9231bcbd4afd4616fe1318300b8cb8961705393638746b820,34228,1,0,215,0,95e2ed053579cfc9231bcbd4afd4616fe1318300b8cb8961705393638746b820,34228,1,0,215,0,95e2ed053579cfc9231bcbd4afd4616fe1318300b8cb8961705393638746b820,34228,1,0,215,0,1,1,1,1,1,1
C4,deterministic-3,first,15,2026074715,2026074715,1,fd425fedc794f982c242e027060a4bc50e1ac0f370aa48e720d46256eae326bc,33608,1,0,211,0,fd425fedc794f982c242e027060a4bc50e1ac0f370aa48e720d46256eae326bc,33608,1,0,211,0,fd425fedc794f982c242e027060a4bc50e1ac0f370aa48e720d46256eae326bc,33608,1,0,211,0,1,1,1,1,1,1
C4,deterministic-3,first,16,2026074716,2026074716,0,ef4efa64994aa2569e3854323f58e6fe56108e81de9d8a27a1d469741c4fc3b7,32899,0,0,206,0,ef4efa64994aa2569e3854323f58e6fe56108e81de9d8a27a1d469741c4fc3b7,32899,0,0,206,0,ef4efa64994aa2569e3854323f58e6fe56108e81de9d8a27a1d469741c4fc3b7,32899,0,0,206,0,1,1,1,1,1,1
C4,deterministic-3,first,17,2026074717,2026074717,1,a852909040614fa8186e81e0b76b8f6e11e7adc1fdffb2ab09c3d348b167ad07,33834,0,0,212,0,a852909040614fa8186e81e0b76b8f6e11e7adc1fdffb2ab09c3d348b167ad07,33834,0,0,212,0,a852909040614fa8186e81e0b76b8f6e11e7adc1fdffb2ab09c3d348b167ad07,33834,0,0,212,0,1,1,1,1,1,1
C4,deterministic-3,first,18,2026074718,2026074718,0,7595473938bde727ef6315be713a32209a8fbf3c6f75f8dadeed0ed3767fab21,29515,0,0,185,0,7595473938bde727ef6315be713a32209a8fbf3c6f75f8dadeed0ed3767fab21,29515,0,0,185,0,7595473938bde727ef6315be713a32209a8fbf3c6f75f8dadeed0ed3767fab21,29515,0,0,185,0,1,1,1,1,1,1
C4,deterministic-3,first,19,2026074719,2026074719,1,5a724abbd62611007ae9baf8e54d24009ee7a3529dccab5b974b46389a5cb03a,32001,1,0,201,0,5a724abbd62611007ae9baf8e54d24009ee7a3529dccab5b974b46389a5cb03a,32001,1,0,201,0,5a724abbd62611007ae9baf8e54d24009ee7a3529dccab5b974b46389a5cb03a,32001,1,0,201,0,1,1,1,1,1,1
C4,deterministic-3,first,20,2026074720,2026074720,0,100dcbd78c1b900e8f398afb6e7357e4608f77693af311af1e601eae76453f9e,34576,1,0,217,0,100dcbd78c1b900e8f398afb6e7357e4608f77693af311af1e601eae76453f9e,34576,1,0,217,0,100dcbd78c1b900e8f398afb6e7357e4608f77693af311af1e601eae76453f9e,34576,1,0,217,0,1,1,1,1,1,1
C4,deterministic-3,first,21,2026074721,2026074721,1,fe0b6f278c4f1ca308266311c93681e7ce11f3d47b4f57a1170e40a28a45c24f,28995,1,0,182,0,fe0b6f278c4f1ca308266311c93681e7ce11f3d47b4f57a1170e40a28a45c24f,28995,1,0,182,0,fe0b6f278c4f1ca308266311c93681e7ce11f3d47b4f57a1170e40a28a45c24f,28995,1,0,182,0,1,1,1,1,1,1
C4,deterministic-3,first,22,2026074722,2026074722,0,6747072985ee1c6066229a5fc19ff050e078babd852827709a0015c61e56e668,28701,0,0,180,0,6747072985ee1c6066229a5fc19ff050e078babd852827709a0015c61e56e668,28701,0,0,180,0,6747072985ee1c6066229a5fc19ff050e078babd852827709a0015c61e56e668,28701,0,0,180,0,1,1,1,1,1,1
C4,deterministic-3,first,23,2026074723,2026074723,1,2c80a9a6860d319cdb4fbc1fa14af891c85f5eb7232de7bcf307b5e1f57cea25,26157,0,0,164,0,2c80a9a6860d319cdb4fbc1fa14af891c85f5eb7232de7bcf307b5e1f57cea25,26157,0,0,164,0,2c80a9a6860d319cdb4fbc1fa14af891c85f5eb7232de7bcf307b5e1f57cea25,26157,0,0,164,0,1,1,1,1,1,1
C4,deterministic-3,first,24,2026074724,2026074724,0,5bd6672eef0b5e97e3004b3d2e0632638729d925586c7b7c71ae920963718403,26306,1,0,165,0,5bd6672eef0b5e97e3004b3d2e0632638729d925586c7b7c71ae920963718403,26306,1,0,165,0,5bd6672eef0b5e97e3004b3d2e0632638729d925586c7b7c71ae920963718403,26306,1,0,165,0,1,1,1,1,1,1
C4,deterministic-3,second,0,2027074700,2027074700,0,805a339d91720347d4f15f4c865328d64eda27a86b39065e776dbab9490a4a60,23751,0,0,149,0,805a339d91720347d4f15f4c865328d64eda27a86b39065e776dbab9490a4a60,23751,0,0,149,0,805a339d91720347d4f15f4c865328d64eda27a86b39065e776dbab9490a4a60,23751,0,0,149,0,1,1,1,1,1,1
C4,deterministic-3,second,1,2027074701,2027074701,1,a47ea04e9661062f5eda78ad44e1b1e6b605c01cacdb372ed451af1d21f9a48f,43419,0,0,272,0,a47ea04e9661062f5eda78ad44e1b1e6b605c01cacdb372ed451af1d21f9a48f,43419,0,0,272,0,a47ea04e9661062f5eda78ad44e1b1e6b605c01cacdb372ed451af1d21f9a48f,43419,0,0,272,0,1,1,1,1,1,1
C4,deterministic-3,second,2,2027074702,2027074702,0,ec518e40b0c7cba9df2af3876bb59c64d45496c648e5c1eb6082005956b6b60b,27599,0,0,173,0,ec518e40b0c7cba9df2af3876bb59c64d45496c648e5c1eb6082005956b6b60b,27599,0,0,173,0,ec518e40b0c7cba9df2af3876bb59c64d45496c648e5c1eb6082005956b6b60b,27599,0,0,173,0,1,1,1,1,1,1
C4,deterministic-3,second,3,2027074703,2027074703,1,408a16d3591bb9a58ae7eb22feae87c020c19a8851e586c7584db21c2af84d98,40881,1,0,257,0,408a16d3591bb9a58ae7eb22feae87c020c19a8851e586c7584db21c2af84d98,40881,1,0,257,0,408a16d3591bb9a58ae7eb22feae87c020c19a8851e586c7584db21c2af84d98,40881,1,0,257,0,1,1,1,1,1,1
C4,deterministic-3,second,4,2027074704,2027074704,0,def9f5650dcb5c17db9b352c2be73fccbafc1bcf8cd62d5c91a7ee2dd47d2cb7,27392,1,0,172,0,def9f5650dcb5c17db9b352c2be73fccbafc1bcf8cd62d5c91a7ee2dd47d2cb7,27392,1,0,172,0,def9f5650dcb5c17db9b352c2be73fccbafc1bcf8cd62d5c91a7ee2dd47d2cb7,27392,1,0,172,0,1,1,1,1,1,1
C4,deterministic-3,second,5,2027074705,2027074705,1,c08e275b1a83fdedd4bc4bd2646f14b4ec6af6325cc9615b9f9a86e06f406370,26905,1,0,169,0,c08e275b1a83fdedd4bc4bd2646f14b4ec6af6325cc9615b9f9a86e06f406370,26905,1,0,169,0,c08e275b1a83fdedd4bc4bd2646f14b4ec6af6325cc9615b9f9a86e06f406370,26905,1,0,169,0,1,1,1,1,1,1
C4,deterministic-3,second,6,2027074706,2027074706,0,0354c8af4914c268ad6aa4efd823d7e73f82b9efed3ee13595bb48fca46cd004,26429,1,0,166,0,0354c8af4914c268ad6aa4efd823d7e73f82b9efed3ee13595bb48fca46cd004,26429,1,0,166,0,0354c8af4914c268ad6aa4efd823d7e73f82b9efed3ee13595bb48fca46cd004,26429,1,0,166,0,1,1,1,1,1,1
C4,deterministic-3,second,7,2027074707,2027074707,1,7826d8bf98366abf2d2be6d8510ee28dfe8274a76076aafb1f0545e39de03bc1,36960,1,0,232,0,7826d8bf98366abf2d2be6d8510ee28dfe8274a76076aafb1f0545e39de03bc1,36960,1,0,232,0,7826d8bf98366abf2d2be6d8510ee28dfe8274a76076aafb1f0545e39de03bc1,36960,1,0,232,0,1,1,1,1,1,1
C4,deterministic-3,second,8,2027074708,2027074708,0,d113172c10b2b749645da608a7b0195f5252719d592f3c80cb0841851370f17e,24199,1,0,152,0,d113172c10b2b749645da608a7b0195f5252719d592f3c80cb0841851370f17e,24199,1,0,152,0,d113172c10b2b749645da608a7b0195f5252719d592f3c80cb0841851370f17e,24199,1,0,152,0,1,1,1,1,1,1
C4,deterministic-3,second,9,2027074709,2027074709,1,6baa8261253879175f33da3c6ca21c398d658a1592bfc9204b1385d42544ebea,34071,1,0,214,0,6baa8261253879175f33da3c6ca21c398d658a1592bfc9204b1385d42544ebea,34071,1,0,214,0,6baa8261253879175f33da3c6ca21c398d658a1592bfc9204b1385d42544ebea,34071,1,0,214,0,1,1,1,1,1,1
C4,deterministic-3,second,10,2027074710,2027074710,0,5a5978b9d4f9817e3f28610ed39ecc31c142e8cbddf1bb11caa159a4acdd2575,34031,0,0,213,0,5a5978b9d4f9817e3f28610ed39ecc31c142e8cbddf1bb11caa159a4acdd2575,34031,0,0,213,0,5a5978b9d4f9817e3f28610ed39ecc31c142e8cbddf1bb11caa159a4acdd2575,34031,0,0,213,0,1,1,1,1,1,1
C4,deterministic-3,second,11,2027074711,2027074711,1,be84e1515ed29de9ddc269ab3e1e62ddd134edb1a2ad7883ff2a7f0aae849c85,23066,1,0,145,0,be84e1515ed29de9ddc269ab3e1e62ddd134edb1a2ad7883ff2a7f0aae849c85,23066,1,0,145,0,be84e1515ed29de9ddc269ab3e1e62ddd134edb1a2ad7883ff2a7f0aae849c85,23066,1,0,145,0,1,1,1,1,1,1
C4,deterministic-3,second,12,2027074712,2027074712,0,096ae41205756f17f3e73d9d483c33c5b35a2306da646a474e8b77fb1e6b9493,41177,1,0,259,0,096ae41205756f17f3e73d9d483c33c5b35a2306da646a474e8b77fb1e6b9493,41177,1,0,259,0,096ae41205756f17f3e73d9d483c33c5b35a2306da646a474e8b77fb1e6b9493,41177,1,0,259,0,1,1,1,1,1,1
C4,deterministic-3,second,13,2027074713,2027074713,1,ed9d646b51af89cc3db365915ac57d7a27c56811fc877ef8ecc3640a508b0a3e,26565,1,0,167,0,ed9d646b51af89cc3db365915ac57d7a27c56811fc877ef8ecc3640a508b0a3e,26565,1,0,167,0,ed9d646b51af89cc3db365915ac57d7a27c56811fc877ef8ecc3640a508b0a3e,26565,1,0,167,0,1,1,1,1,1,1
C4,deterministic-3,second,14,2027074714,2027074714,0,5f6711bbea3097dcf3286ddcd90cd22df2786f7d24bd443801c9fcd084360a2c,23819,0,0,149,0,5f6711bbea3097dcf3286ddcd90cd22df2786f7d24bd443801c9fcd084360a2c,23819,0,0,149,0,5f6711bbea3097dcf3286ddcd90cd22df2786f7d24bd443801c9fcd084360a2c,23819,0,0,149,0,1,1,1,1,1,1
C4,deterministic-3,second,15,2027074715,2027074715,1,c0dbbb398eb78201ee161a0ca7aa28f51fcbbb7a939ddc30dfaf777d5c831d3e,40277,0,0,253,0,c0dbbb398eb78201ee161a0ca7aa28f51fcbbb7a939ddc30dfaf777d5c831d3e,40277,0,0,253,0,c0dbbb398eb78201ee161a0ca7aa28f51fcbbb7a939ddc30dfaf777d5c831d3e,40277,0,0,253,0,1,1,1,1,1,1
C4,deterministic-3,second,16,2027074716,2027074716,0,050edb3984a0c4f06ed113dd0c1a1a6d99bd5629c7d069451f2e894c73e7939d,22328,0,0,140,0,050edb3984a0c4f06ed113dd0c1a1a6d99bd5629c7d069451f2e894c73e7939d,22328,0,0,140,0,050edb3984a0c4f06ed113dd0c1a1a6d99bd5629c7d069451f2e894c73e7939d,22328,0,0,140,0,1,1,1,1,1,1
C4,deterministic-3,second,17,2027074717,2027074717,1,1ea670d324d2be84ed328c8cdba0fe98a2518da45a945470c3ece3b12fddd0d2,30149,0,0,189,0,1ea670d324d2be84ed328c8cdba0fe98a2518da45a945470c3ece3b12fddd0d2,30149,0,0,189,0,1ea670d324d2be84ed328c8cdba0fe98a2518da45a945470c3ece3b12fddd0d2,30149,0,0,189,0,1,1,1,1,1,1
C4,deterministic-3,second,18,2027074718,2027074718,0,bb695b0a4eb209ec451ec1fa5b6483c982060e3eb0cfa5671ff504b085a4e2b2,31377,0,0,197,0,bb695b0a4eb209ec451ec1fa5b6483c982060e3eb0cfa5671ff504b085a4e2b2,31377,0,0,197,0,bb695b0a4eb209ec451ec1fa5b6483c982060e3eb0cfa5671ff504b085a4e2b2,31377,0,0,197,0,1,1,1,1,1,1
C4,deterministic-3,second,19,2027074719,2027074719,1,de38bc9e3121514315ff2e8775b0e0a31ee1ac11f0ec23c32421bf14c63340ee,31720,0,0,199,0,de38bc9e3121514315ff2e8775b0e0a31ee1ac11f0ec23c32421bf14c63340ee,31720,0,0,199,0,de38bc9e3121514315ff2e8775b0e0a31ee1ac11f0ec23c32421bf14c63340ee,31720,0,0,199,0,1,1,1,1,1,1
C4,deterministic-3,second,20,2027074720,2027074720,0,52c4272a05168aca81b33b49784c8fb2f29c03277209c3dbbe9dd32b5bf1580e,31064,1,0,195,0,52c4272a05168aca81b33b49784c8fb2f29c03277209c3dbbe9dd32b5bf1580e,31064,1,0,195,0,52c4272a05168aca81b33b49784c8fb2f29c03277209c3dbbe9dd32b5bf1580e,31064,1,0,195,0,1,1,1,1,1,1
C4,deterministic-3,second,21,2027074721,2027074721,1,ce04c742f9d32cbca9441226ac098ba594ccc36bc7f2dacb4125e2d15f168246,29618,1,0,186,0,ce04c742f9d32cbca9441226ac098ba594ccc36bc7f2dacb4125e2d15f168246,29618,1,0,186,0,ce04c742f9d32cbca9441226ac098ba594ccc36bc7f2dacb4125e2d15f168246,29618,1,0,186,0,1,1,1,1,1,1
C4,deterministic-3,second,22,2027074722,2027074722,0,075fbf66e145da1eb4fa3f256bc7d544506b114ee5b04129dc945873982908bb,27442,0,0,172,0,075fbf66e145da1eb4fa3f256bc7d544506b114ee5b04129dc945873982908bb,27442,0,0,172,0,075fbf66e145da1eb4fa3f256bc7d544506b114ee5b04129dc945873982908bb,27442,0,0,172,0,1,1,1,1,1,1
C4,deterministic-3,second,23,2027074723,2027074723,1,34972b20e1205e12693cff92b1d2dc03e57c7670f5bc17c410ca6bcfba84e29b,35494,1,0,223,0,34972b20e1205e12693cff92b1d2dc03e57c7670f5bc17c410ca6bcfba84e29b,35494,1,0,223,0,34972b20e1205e12693cff92b1d2dc03e57c7670f5bc17c410ca6bcfba84e29b,35494,1,0,223,0,1,1,1,1,1,1
C4,deterministic-3,second,24,2027074724,2027074724,0,2e1f4a3b171f7b5315ec7869aa6bcac2fc42a782c907f34057b3535f4d0e1498,33744,1,0,212,0,2e1f4a3b171f7b5315ec7869aa6bcac2fc42a782c907f34057b3535f4d0e1498,33744,1,0,212,0,2e1f4a3b171f7b5315ec7869aa6bcac2fc42a782c907f34057b3535f4d0e1498,33744,1,0,212,0,1,1,1,1,1,1
C4,deterministic-4,first,0,2026075700,2026075700,0,e34575a9dba8d60d414f43f430284355fc7afe056f52473d98381970f417c43e,31802,0,0,199,0,e34575a9dba8d60d414f43f430284355fc7afe056f52473d98381970f417c43e,31802,0,0,199,0,e34575a9dba8d60d414f43f430284355fc7afe056f52473d98381970f417c43e,31802,0,0,199,0,1,1,1,1,1,1
C4,deterministic-4,first,1,2026075701,2026075701,1,9fa0e5f7122f009e033a5ff5dc18517a77fa5166a9a10f3163a9209b4e604441,23836,0,0,149,0,9fa0e5f7122f009e033a5ff5dc18517a77fa5166a9a10f3163a9209b4e604441,23836,0,0,149,0,9fa0e5f7122f009e033a5ff5dc18517a77fa5166a9a10f3163a9209b4e604441,23836,0,0,149,0,1,1,1,1,1,1
C4,deterministic-4,first,2,2026075702,2026075702,0,570474a4c6224a906f69156cf58ab7f8646ea2a21b51021b02ea900b9d0215e8,28732,1,0,180,0,570474a4c6224a906f69156cf58ab7f8646ea2a21b51021b02ea900b9d0215e8,28732,1,0,180,0,570474a4c6224a906f69156cf58ab7f8646ea2a21b51021b02ea900b9d0215e8,28732,1,0,180,0,1,1,1,1,1,1
C4,deterministic-4,first,3,2026075703,2026075703,1,084b67f283c32edae35f09e4fb644f6ad477bd25570920a3a549734965074505,33540,0,0,210,0,084b67f283c32edae35f09e4fb644f6ad477bd25570920a3a549734965074505,33540,0,0,210,0,084b67f283c32edae35f09e4fb644f6ad477bd25570920a3a549734965074505,33540,0,0,210,0,1,1,1,1,1,1
C4,deterministic-4,first,4,2026075704,2026075704,0,9071406ea160545e1cae019b32023047da3b2081d7cc93448c609dcc116ac320,35377,1,0,222,0,9071406ea160545e1cae019b32023047da3b2081d7cc93448c609dcc116ac320,35377,1,0,222,0,9071406ea160545e1cae019b32023047da3b2081d7cc93448c609dcc116ac320,35377,1,0,222,0,1,1,1,1,1,1
C4,deterministic-4,first,5,2026075705,2026075705,1,f91be8e407defd48b8b985385423099d24a83bfbb760c72e3befc5a16b4aa137,30115,1,0,189,0,f91be8e407defd48b8b985385423099d24a83bfbb760c72e3befc5a16b4aa137,30115,1,0,189,0,f91be8e407defd48b8b985385423099d24a83bfbb760c72e3befc5a16b4aa137,30115,1,0,189,0,1,1,1,1,1,1
C4,deterministic-4,first,6,2026075706,2026075706,0,aa7f6f7945ffff6698055be6704022e6e46879592ffe949a6b439143d93c4b49,24706,1,0,155,0,aa7f6f7945ffff6698055be6704022e6e46879592ffe949a6b439143d93c4b49,24706,1,0,155,0,aa7f6f7945ffff6698055be6704022e6e46879592ffe949a6b439143d93c4b49,24706,1,0,155,0,1,1,1,1,1,1
C4,deterministic-4,first,7,2026075707,2026075707,1,6b62a987e6e6569efc39df12e3deaa88061a97d76371d9d99ab14c880e240c3c,32632,0,0,204,0,6b62a987e6e6569efc39df12e3deaa88061a97d76371d9d99ab14c880e240c3c,32632,0,0,204,0,6b62a987e6e6569efc39df12e3deaa88061a97d76371d9d99ab14c880e240c3c,32632,0,0,204,0,1,1,1,1,1,1
C4,deterministic-4,first,8,2026075708,2026075708,0,20644a5f090a49a2369c0cd9fabeac75ff760bf4e8f9678e366cd8e9a00927fc,27140,1,0,170,0,20644a5f090a49a2369c0cd9fabeac75ff760bf4e8f9678e366cd8e9a00927fc,27140,1,0,170,0,20644a5f090a49a2369c0cd9fabeac75ff760bf4e8f9678e366cd8e9a00927fc,27140,1,0,170,0,1,1,1,1,1,1
C4,deterministic-4,first,9,2026075709,2026075709,1,43fb70dcd368c214744e67a72166d1473e903d14552fb59ee3d8d8476e818fa5,29921,1,0,188,0,43fb70dcd368c214744e67a72166d1473e903d14552fb59ee3d8d8476e818fa5,29921,1,0,188,0,43fb70dcd368c214744e67a72166d1473e903d14552fb59ee3d8d8476e818fa5,29921,1,0,188,0,1,1,1,1,1,1
C4,deterministic-4,first,10,2026075710,2026075710,0,d46051c460616006451e4ddb913a8f946aa80a1108985261273e870427f7829b,35368,1,0,222,0,d46051c460616006451e4ddb913a8f946aa80a1108985261273e870427f7829b,35368,1,0,222,0,d46051c460616006451e4ddb913a8f946aa80a1108985261273e870427f7829b,35368,1,0,222,0,1,1,1,1,1,1
C4,deterministic-4,first,11,2026075711,2026075711,1,1584956112bbdbb2cc9aca6eebd5dd83c8b80e57afd9e531326c24f68e374440,40211,1,0,252,0,1584956112bbdbb2cc9aca6eebd5dd83c8b80e57afd9e531326c24f68e374440,40211,1,0,252,0,1584956112bbdbb2cc9aca6eebd5dd83c8b80e57afd9e531326c24f68e374440,40211,1,0,252,0,1,1,1,1,1,1
C4,deterministic-4,first,12,2026075712,2026075712,0,aafbafc6c32394ada9c0e9c827dca11d94a9ec749d342dccfa1eec7297fdd61d,35480,0,0,222,0,aafbafc6c32394ada9c0e9c827dca11d94a9ec749d342dccfa1eec7297fdd61d,35480,0,0,222,0,aafbafc6c32394ada9c0e9c827dca11d94a9ec749d342dccfa1eec7297fdd61d,35480,0,0,222,0,1,1,1,1,1,1
C4,deterministic-4,first,13,2026075713,2026075713,1,a82fba8bbc1df900108eff4aecdd5b1b28b44489c80cc053784e645461ba188b,33587,1,0,211,0,a82fba8bbc1df900108eff4aecdd5b1b28b44489c80cc053784e645461ba188b,33587,1,0,211,0,a82fba8bbc1df900108eff4aecdd5b1b28b44489c80cc053784e645461ba188b,33587,1,0,211,0,1,1,1,1,1,1
C4,deterministic-4,first,14,2026075714,2026075714,0,3a68d46ca0a29cd196c01e472635842b30597a119a0d00b520337d508699e479,22456,0,0,140,0,3a68d46ca0a29cd196c01e472635842b30597a119a0d00b520337d508699e479,22456,0,0,140,0,3a68d46ca0a29cd196c01e472635842b30597a119a0d00b520337d508699e479,22456,0,0,140,0,1,1,1,1,1,1
C4,deterministic-4,first,15,2026075715,2026075715,1,96eb85a9473a22376ebdd7afc5caef247f6b4c8f5e12da5276ff97f879f702ca,32585,1,0,204,0,96eb85a9473a22376ebdd7afc5caef247f6b4c8f5e12da5276ff97f879f702ca,32585,1,0,204,0,96eb85a9473a22376ebdd7afc5caef247f6b4c8f5e12da5276ff97f879f702ca,32585,1,0,204,0,1,1,1,1,1,1
C4,deterministic-4,first,16,2026075716,2026075716,0,155ae1bb1ec856ea1de7a681463a8521418ef81968dcb80aff6a52afb33f7240,26178,0,0,164,0,155ae1bb1ec856ea1de7a681463a8521418ef81968dcb80aff6a52afb33f7240,26178,0,0,164,0,155ae1bb1ec856ea1de7a681463a8521418ef81968dcb80aff6a52afb33f7240,26178,0,0,164,0,1,1,1,1,1,1
C4,deterministic-4,first,17,2026075717,2026075717,1,20111be47ad57c47c35a49761bafc70e3aa89ae86a236202f19c02830445cdbd,23724,1,0,149,0,20111be47ad57c47c35a49761bafc70e3aa89ae86a236202f19c02830445cdbd,23724,1,0,149,0,20111be47ad57c47c35a49761bafc70e3aa89ae86a236202f19c02830445cdbd,23724,1,0,149,0,1,1,1,1,1,1
C4,deterministic-4,first,18,2026075718,2026075718,0,1fc1553867fe702909f288d875ab2687aa370e3b83584e25848356837b5b76e1,38045,0,0,238,0,1fc1553867fe702909f288d875ab2687aa370e3b83584e25848356837b5b76e1,38045,0,0,238,0,1fc1553867fe702909f288d875ab2687aa370e3b83584e25848356837b5b76e1,38045,0,0,238,0,1,1,1,1,1,1
C4,deterministic-4,first,19,2026075719,2026075719,1,110c23647c46b6d157ecb13271b64a17617c05e1debb3c45573e9d3fbe9997e5,35561,1,0,223,0,110c23647c46b6d157ecb13271b64a17617c05e1debb3c45573e9d3fbe9997e5,35561,1,0,223,0,110c23647c46b6d157ecb13271b64a17617c05e1debb3c45573e9d3fbe9997e5,35561,1,0,223,0,1,1,1,1,1,1
C4,deterministic-4,first,20,2026075720,2026075720,0,0dabc285fdd5691443a149413b3605cec2f38313794f544fc108aee28d7e2e58,29621,1,0,186,0,0dabc285fdd5691443a149413b3605cec2f38313794f544fc108aee28d7e2e58,29621,1,0,186,0,0dabc285fdd5691443a149413b3605cec2f38313794f544fc108aee28d7e2e58,29621,1,0,186,0,1,1,1,1,1,1
C4,deterministic-4,first,21,2026075721,2026075721,1,a279b633215755eb37d47de44f76433917255f522c20b19cb66760bff467219b,28438,0,0,178,0,a279b633215755eb37d47de44f76433917255f522c20b19cb66760bff467219b,28438,0,0,178,0,a279b633215755eb37d47de44f76433917255f522c20b19cb66760bff467219b,28438,0,0,178,0,1,1,1,1,1,1
C4,deterministic-4,first,22,2026075722,2026075722,0,b0040db03b06b01ef50b4573ec1c562afd4a69e5d2d32225b757f8737189c160,33332,0,0,209,0,b0040db03b06b01ef50b4573ec1c562afd4a69e5d2d32225b757f8737189c160,33332,0,0,209,0,b0040db03b06b01ef50b4573ec1c562afd4a69e5d2d32225b757f8737189c160,33332,0,0,209,0,1,1,1,1,1,1
C4,deterministic-4,first,23,2026075723,2026075723,1,03b2581e74444d3a881525f8cf86a45244ab61f9f8165f0acc6d1150acf17fa8,27472,0,0,172,0,03b2581e74444d3a881525f8cf86a45244ab61f9f8165f0acc6d1150acf17fa8,27472,0,0,172,0,03b2581e74444d3a881525f8cf86a45244ab61f9f8165f0acc6d1150acf17fa8,27472,0,0,172,0,1,1,1,1,1,1
C4,deterministic-4,first,24,2026075724,2026075724,0,4cd19574dd94b9159699cf931e5f2a39d969d674504589c8be24061e9f1b7c0e,24223,1,0,152,0,4cd19574dd94b9159699cf931e5f2a39d969d674504589c8be24061e9f1b7c0e,24223,1,0,152,0,4cd19574dd94b9159699cf931e5f2a39d969d674504589c8be24061e9f1b7c0e,24223,1,0,152,0,1,1,1,1,1,1
C4,deterministic-4,second,0,2027075700,2027075700,0,f4c6bc55b3c76387434a6f1bc08e25a42a7935007a9edcdb03ccbd766fae1e0d,24059,1,0,151,0,f4c6bc55b3c76387434a6f1bc08e25a42a7935007a9edcdb03ccbd766fae1e0d,24059,1,0,151,0,f4c6bc55b3c76387434a6f1bc08e25a42a7935007a9edcdb03ccbd766fae1e0d,24059,1,0,151,0,1,1,1,1,1,1
C4,deterministic-4,second,1,2027075701,2027075701,1,536f72ef8a4f9980b4e63e2f3ba2130b0b2bca5b573658fefec28079c269d166,30536,1,0,192,0,536f72ef8a4f9980b4e63e2f3ba2130b0b2bca5b573658fefec28079c269d166,30536,1,0,192,0,536f72ef8a4f9980b4e63e2f3ba2130b0b2bca5b573658fefec28079c269d166,30536,1,0,192,0,1,1,1,1,1,1
C4,deterministic-4,second,2,2027075702,2027075702,0,fb2f14cffd3482c5dcd9a4c2493c00dbae2ae79ecb88e41002d0470835a20814,24687,1,0,155,0,fb2f14cffd3482c5dcd9a4c2493c00dbae2ae79ecb88e41002d0470835a20814,24687,1,0,155,0,fb2f14cffd3482c5dcd9a4c2493c00dbae2ae79ecb88e41002d0470835a20814,24687,1,0,155,0,1,1,1,1,1,1
C4,deterministic-4,second,3,2027075703,2027075703,1,bd3bf7c8c6765636e2357a0244396a4e1b260eea3588931776135ac5a4f8c968,34111,1,0,214,0,bd3bf7c8c6765636e2357a0244396a4e1b260eea3588931776135ac5a4f8c968,34111,1,0,214,0,bd3bf7c8c6765636e2357a0244396a4e1b260eea3588931776135ac5a4f8c968,34111,1,0,214,0,1,1,1,1,1,1
C4,deterministic-4,second,4,2027075704,2027075704,0,2b486b15530d76f476d947b220c7f94c44ff2e8579b415d7eaa5ccf5e7e27d0b,33489,1,0,210,0,2b486b15530d76f476d947b220c7f94c44ff2e8579b415d7eaa5ccf5e7e27d0b,33489,1,0,210,0,2b486b15530d76f476d947b220c7f94c44ff2e8579b415d7eaa5ccf5e7e27d0b,33489,1,0,210,0,1,1,1,1,1,1
C4,deterministic-4,second,5,2027075705,2027075705,1,e1c27dc983c74fb0cd54fbfb9f672ea32ec8677645d07db8d32c0001e1873082,28036,1,0,176,0,e1c27dc983c74fb0cd54fbfb9f672ea32ec8677645d07db8d32c0001e1873082,28036,1,0,176,0,e1c27dc983c74fb0cd54fbfb9f672ea32ec8677645d07db8d32c0001e1873082,28036,1,0,176,0,1,1,1,1,1,1
C4,deterministic-4,second,6,2027075706,2027075706,0,2923f96237014c71cab655a511e18649cb0fe0f48dda7ffab605924b48bf19b3,24503,1,0,154,0,2923f96237014c71cab655a511e18649cb0fe0f48dda7ffab605924b48bf19b3,24503,1,0,154,0,2923f96237014c71cab655a511e18649cb0fe0f48dda7ffab605924b48bf19b3,24503,1,0,154,0,1,1,1,1,1,1
C4,deterministic-4,second,7,2027075707,2027075707,1,072fb82520a704a4b0780ad6ba4889e08f388c159cbdfb58e6ce1392cdd1cdd3,29630,1,0,186,0,072fb82520a704a4b0780ad6ba4889e08f388c159cbdfb58e6ce1392cdd1cdd3,29630,1,0,186,0,072fb82520a704a4b0780ad6ba4889e08f388c159cbdfb58e6ce1392cdd1cdd3,29630,1,0,186,0,1,1,1,1,1,1
C4,deterministic-4,second,8,2027075708,2027075708,0,ee424296197854f33bad157916d0f14a3ea393a9865b6e1043669ef9eddc9664,23224,1,0,146,0,ee424296197854f33bad157916d0f14a3ea393a9865b6e1043669ef9eddc9664,23224,1,0,146,0,ee424296197854f33bad157916d0f14a3ea393a9865b6e1043669ef9eddc9664,23224,1,0,146,0,1,1,1,1,1,1
C4,deterministic-4,second,9,2027075709,2027075709,1,e75fd7e9edbf5a7dc6870b607b8a5cb945f1b0ff31ab4baf7e0a1900f0eeb33e,36767,1,0,231,0,e75fd7e9edbf5a7dc6870b607b8a5cb945f1b0ff31ab4baf7e0a1900f0eeb33e,36767,1,0,231,0,e75fd7e9edbf5a7dc6870b607b8a5cb945f1b0ff31ab4baf7e0a1900f0eeb33e,36767,1,0,231,0,1,1,1,1,1,1
C4,deterministic-4,second,10,2027075710,2027075710,0,b692d7247680ccc38c51eccd1bd652f0f19c3ce7f21e46bad9e0ec28465f14a9,28747,0,0,180,0,b692d7247680ccc38c51eccd1bd652f0f19c3ce7f21e46bad9e0ec28465f14a9,28747,0,0,180,0,b692d7247680ccc38c51eccd1bd652f0f19c3ce7f21e46bad9e0ec28465f14a9,28747,0,0,180,0,1,1,1,1,1,1
C4,deterministic-4,second,11,2027075711,2027075711,1,d241d3b916b78377a3d7ab854d69d2aa5df7621187aceaf2ee00cb5c3142722c,28823,1,0,181,0,d241d3b916b78377a3d7ab854d69d2aa5df7621187aceaf2ee00cb5c3142722c,28823,1,0,181,0,d241d3b916b78377a3d7ab854d69d2aa5df7621187aceaf2ee00cb5c3142722c,28823,1,0,181,0,1,1,1,1,1,1
C4,deterministic-4,second,12,2027075712,2027075712,0,ce497aded8eaf1b50615381e51da747ae520a7bc5296d78379da8d9303b52053,32279,0,0,202,0,ce497aded8eaf1b50615381e51da747ae520a7bc5296d78379da8d9303b52053,32279,0,0,202,0,ce497aded8eaf1b50615381e51da747ae520a7bc5296d78379da8d9303b52053,32279,0,0,202,0,1,1,1,1,1,1
C4,deterministic-4,second,13,2027075713,2027075713,1,0b884da2880f14db94281a7a35d4394c583a72fc678ed19de5525a5c6a677715,25200,1,0,158,0,0b884da2880f14db94281a7a35d4394c583a72fc678ed19de5525a5c6a677715,25200,1,0,158,0,0b884da2880f14db94281a7a35d4394c583a72fc678ed19de5525a5c6a677715,25200,1,0,158,0,1,1,1,1,1,1
C4,deterministic-4,second,14,2027075714,2027075714,0,084f28d5b67359c4464abb3e516d5977b51abaa046e11322bb15b7b6cb4f55c3,28010,1,0,176,0,084f28d5b67359c4464abb3e516d5977b51abaa046e11322bb15b7b6cb4f55c3,28010,1,0,176,0,084f28d5b67359c4464abb3e516d5977b51abaa046e11322bb15b7b6cb4f55c3,28010,1,0,176,0,1,1,1,1,1,1
C4,deterministic-4,second,15,2027075715,2027075715,1,801e40e640e89d15013bc425f7dce61e5b0dd629853d7b4baac1bec4092eedbf,28993,1,0,182,0,801e40e640e89d15013bc425f7dce61e5b0dd629853d7b4baac1bec4092eedbf,28993,1,0,182,0,801e40e640e89d15013bc425f7dce61e5b0dd629853d7b4baac1bec4092eedbf,28993,1,0,182,0,1,1,1,1,1,1
C4,deterministic-4,second,16,2027075716,2027075716,0,9ea36c08ad9e4d87fbe6c2c9f51c94214e3814add88f716e9ab358b21bd64696,27212,1,0,171,0,9ea36c08ad9e4d87fbe6c2c9f51c94214e3814add88f716e9ab358b21bd64696,27212,1,0,171,0,9ea36c08ad9e4d87fbe6c2c9f51c94214e3814add88f716e9ab358b21bd64696,27212,1,0,171,0,1,1,1,1,1,1
C4,deterministic-4,second,17,2027075717,2027075717,1,0227bcde29245a6653b4c2fd96d235e1be4baa3bef0685f8b730bdcbd5c565ee,28690,1,0,180,0,0227bcde29245a6653b4c2fd96d235e1be4baa3bef0685f8b730bdcbd5c565ee,28690,1,0,180,0,0227bcde29245a6653b4c2fd96d235e1be4baa3bef0685f8b730bdcbd5c565ee,28690,1,0,180,0,1,1,1,1,1,1
C4,deterministic-4,second,18,2027075718,2027075718,0,908a78179bd4d34e1705247da0d728d1342f1f367c0ff00ed5adc26acd6fe6d6,30064,1,0,189,0,908a78179bd4d34e1705247da0d728d1342f1f367c0ff00ed5adc26acd6fe6d6,30064,1,0,189,0,908a78179bd4d34e1705247da0d728d1342f1f367c0ff00ed5adc26acd6fe6d6,30064,1,0,189,0,1,1,1,1,1,1
C4,deterministic-4,second,19,2027075719,2027075719,1,014fb04b280aa6565a12d0a3111cc2ce673b8b7a84f6554cc5ed7bef85233077,35626,1,0,224,0,014fb04b280aa6565a12d0a3111cc2ce673b8b7a84f6554cc5ed7bef85233077,35626,1,0,224,0,014fb04b280aa6565a12d0a3111cc2ce673b8b7a84f6554cc5ed7bef85233077,35626,1,0,224,0,1,1,1,1,1,1
C4,deterministic-4,second,20,2027075720,2027075720,0,19a45277e91e114fce4be4d2f583728c040dc70771baeef62ceb5ce59b570654,30100,1,0,189,0,19a45277e91e114fce4be4d2f583728c040dc70771baeef62ceb5ce59b570654,30100,1,0,189,0,19a45277e91e114fce4be4d2f583728c040dc70771baeef62ceb5ce59b570654,30100,1,0,189,0,1,1,1,1,1,1
C4,deterministic-4,second,21,2027075721,2027075721,1,7e47225b078c8e3c3f77b5ebc3cbdaf4388b2dd41c89da998d6c3c11caa5d62c,33843,0,0,212,0,7e47225b078c8e3c3f77b5ebc3cbdaf4388b2dd41c89da998d6c3c11caa5d62c,33843,0,0,212,0,7e47225b078c8e3c3f77b5ebc3cbdaf4388b2dd41c89da998d6c3c11caa5d62c,33843,0,0,212,0,1,1,1,1,1,1
C4,deterministic-4,second,22,2027075722,2027075722,0,2b7056810dd696e2b16e4e146cffcdf590bfd1a409026e23dbc044450f71898b,40771,0,0,256,0,2b7056810dd696e2b16e4e146cffcdf590bfd1a409026e23dbc044450f71898b,40771,0,0,256,0,2b7056810dd696e2b16e4e146cffcdf590bfd1a409026e23dbc044450f71898b,40771,0,0,256,0,1,1,1,1,1,1
C4,deterministic-4,second,23,2027075723,2027075723,1,d7cb539ff7776c352eff380b450c6d3160645787cd3d9b4ea60d7a566d83c7c0,38078,1,0,239,0,d7cb539ff7776c352eff380b450c6d3160645787cd3d9b4ea60d7a566d83c7c0,38078,1,0,239,0,d7cb539ff7776c352eff380b450c6d3160645787cd3d9b4ea60d7a566d83c7c0,38078,1,0,239,0,1,1,1,1,1,1
C4,deterministic-4,second,24,2027075724,2027075724,0,a6e700e189d6688256f0dd5e541955f6929b70845441edab4b57cce141eec451,20980,0,0,131,0,a6e700e189d6688256f0dd5e541955f6929b70845441edab4b57cce141eec451,20980,0,0,131,0,a6e700e189d6688256f0dd5e541955f6929b70845441edab4b57cce141eec451,20980,0,0,131,0,1,1,1,1,1,1
C4,deterministic-5,first,0,2026078700,2026078700,0,a9e062176edde56193630f3ec1dd33bf73d02c777182dbad4b89f8d9e21dc81c,19769,1,0,124,0,a9e062176edde56193630f3ec1dd33bf73d02c777182dbad4b89f8d9e21dc81c,19769,1,0,124,0,a9e062176edde56193630f3ec1dd33bf73d02c777182dbad4b89f8d9e21dc81c,19769,1,0,124,0,1,1,1,1,1,1
C4,deterministic-5,first,1,2026078701,2026078701,1,7f255244f423b2e02391b744a2a5186f2f6fe49ba310e142c256d9346d6a7386,26306,1,0,165,0,7f255244f423b2e02391b744a2a5186f2f6fe49ba310e142c256d9346d6a7386,26306,1,0,165,0,7f255244f423b2e02391b744a2a5186f2f6fe49ba310e142c256d9346d6a7386,26306,1,0,165,0,1,1,1,1,1,1
C4,deterministic-5,first,2,2026078702,2026078702,0,09d00a9a86d9c8c3624c62c7a6d33c473663ba4ec45282a1a5ec7562c3d5c1c9,21097,1,0,132,0,09d00a9a86d9c8c3624c62c7a6d33c473663ba4ec45282a1a5ec7562c3d5c1c9,21097,1,0,132,0,09d00a9a86d9c8c3624c62c7a6d33c473663ba4ec45282a1a5ec7562c3d5c1c9,21097,1,0,132,0,1,1,1,1,1,1
C4,deterministic-5,first,3,2026078703,2026078703,1,3b7bb7ba49047456e587a257a235f3c173f794831b13ccfd80a9cb680645b97b,25528,1,0,160,0,3b7bb7ba49047456e587a257a235f3c173f794831b13ccfd80a9cb680645b97b,25528,1,0,160,0,3b7bb7ba49047456e587a257a235f3c173f794831b13ccfd80a9cb680645b97b,25528,1,0,160,0,1,1,1,1,1,1
C4,deterministic-5,first,4,2026078704,2026078704,0,2f083c4aa0fd6e831ec89a5636d95732b9dabe591fdf9d6ee256323a77257f1b,28878,1,0,181,0,2f083c4aa0fd6e831ec89a5636d95732b9dabe591fdf9d6ee256323a77257f1b,28878,1,0,181,0,2f083c4aa0fd6e831ec89a5636d95732b9dabe591fdf9d6ee256323a77257f1b,28878,1,0,181,0,1,1,1,1,1,1
C4,deterministic-5,first,5,2026078705,2026078705,1,055f8f1cd4db0eaf9b6eac77db1699f7c214b31d5f6f36015a72ff368a505166,24997,1,0,157,0,055f8f1cd4db0eaf9b6eac77db1699f7c214b31d5f6f36015a72ff368a505166,24997,1,0,157,0,055f8f1cd4db0eaf9b6eac77db1699f7c214b31d5f6f36015a72ff368a505166,24997,1,0,157,0,1,1,1,1,1,1
C4,deterministic-5,first,6,2026078706,2026078706,0,1904cd62d65617af58f67f08c265bac7ffba3e87ee3baf84dda68f9e33642cac,31809,1,0,200,0,1904cd62d65617af58f67f08c265bac7ffba3e87ee3baf84dda68f9e33642cac,31809,1,0,200,0,1904cd62d65617af58f67f08c265bac7ffba3e87ee3baf84dda68f9e33642cac,31809,1,0,200,0,1,1,1,1,1,1
C4,deterministic-5,first,7,2026078707,2026078707,1,b28e1686ad775fe4a87e8e3b2fae36ee9042e1594ca1afe447140c1c0d0a67ac,25691,1,0,161,0,b28e1686ad775fe4a87e8e3b2fae36ee9042e1594ca1afe447140c1c0d0a67ac,25691,1,0,161,0,b28e1686ad775fe4a87e8e3b2fae36ee9042e1594ca1afe447140c1c0d0a67ac,25691,1,0,161,0,1,1,1,1,1,1
C4,deterministic-5,first,8,2026078708,2026078708,0,983ec7269b22502e5517580fbc89814627d33d700d974f636b97191c73235a9e,23245,1,0,146,0,983ec7269b22502e5517580fbc89814627d33d700d974f636b97191c73235a9e,23245,1,0,146,0,983ec7269b22502e5517580fbc89814627d33d700d974f636b97191c73235a9e,23245,1,0,146,0,1,1,1,1,1,1
C4,deterministic-5,first,9,2026078709,2026078709,1,ccf07d93fc187aa8f1c929554fecd3e7f828c3308891912ac163052da565b0ae,22312,1,0,140,0,ccf07d93fc187aa8f1c929554fecd3e7f828c3308891912ac163052da565b0ae,22312,1,0,140,0,ccf07d93fc187aa8f1c929554fecd3e7f828c3308891912ac163052da565b0ae,22312,1,0,140,0,1,1,1,1,1,1
C4,deterministic-5,first,10,2026078710,2026078710,0,2c5989bbd4c37508c23b704a041aee6b2d42df1e2ad95529555edfeca229c5f7,30719,1,0,193,0,2c5989bbd4c37508c23b704a041aee6b2d42df1e2ad95529555edfeca229c5f7,30719,1,0,193,0,2c5989bbd4c37508c23b704a041aee6b2d42df1e2ad95529555edfeca229c5f7,30719,1,0,193,0,1,1,1,1,1,1
C4,deterministic-5,first,11,2026078711,2026078711,1,2115e4ecfeda8ed88fb77106221991ed035dacb7e2f1360a0576dafe6da3e90b,23934,1,0,150,0,2115e4ecfeda8ed88fb77106221991ed035dacb7e2f1360a0576dafe6da3e90b,23934,1,0,150,0,2115e4ecfeda8ed88fb77106221991ed035dacb7e2f1360a0576dafe6da3e90b,23934,1,0,150,0,1,1,1,1,1,1
C4,deterministic-5,first,12,2026078712,2026078712,0,58f3c512f88cc18210c2c6d2ad9011f7b0bfc434166cf98b273aa15faab9e23b,25212,1,0,158,0,58f3c512f88cc18210c2c6d2ad9011f7b0bfc434166cf98b273aa15faab9e23b,25212,1,0,158,0,58f3c512f88cc18210c2c6d2ad9011f7b0bfc434166cf98b273aa15faab9e23b,25212,1,0,158,0,1,1,1,1,1,1
C4,deterministic-5,first,13,2026078713,2026078713,1,77195ccd294a68cbb6a9a63e3219abb42b43e1e97e607740fbc256e8a36becfb,24589,1,0,154,0,77195ccd294a68cbb6a9a63e3219abb42b43e1e97e607740fbc256e8a36becfb,24589,1,0,154,0,77195ccd294a68cbb6a9a63e3219abb42b43e1e97e607740fbc256e8a36becfb,24589,1,0,154,0,1,1,1,1,1,1
C4,deterministic-5,first,14,2026078714,2026078714,0,523d523f210314710fcb74773f6bcea46bab7757e97df6ebe9584726f447289a,24128,0,0,151,0,523d523f210314710fcb74773f6bcea46bab7757e97df6ebe9584726f447289a,24128,0,0,151,0,523d523f210314710fcb74773f6bcea46bab7757e97df6ebe9584726f447289a,24128,0,0,151,0,1,1,1,1,1,1
C4,deterministic-5,first,15,2026078715,2026078715,1,26c9a16829592f7ecc8b22d4d8a039e53a85a64a119e0f8e484ce83b8f2aad4a,21672,1,0,136,0,26c9a16829592f7ecc8b22d4d8a039e53a85a64a119e0f8e484ce83b8f2aad4a,21672,1,0,136,0,26c9a16829592f7ecc8b22d4d8a039e53a85a64a119e0f8e484ce83b8f2aad4a,21672,1,0,136,0,1,1,1,1,1,1
C4,deterministic-5,first,16,2026078716,2026078716,0,3b03008a33996e69195e75b552d23f30af086deebc08138a1ca42c5711021cda,29816,1,0,187,0,3b03008a33996e69195e75b552d23f30af086deebc08138a1ca42c5711021cda,29816,1,0,187,0,3b03008a33996e69195e75b552d23f30af086deebc08138a1ca42c5711021cda,29816,1,0,187,0,1,1,1,1,1,1
C4,deterministic-5,first,17,2026078717,2026078717,1,8ac9ff88e6d0b6f7e10005097fda4493fbc60f2f7bf2532a51df627f9c236258,27677,1,0,174,0,8ac9ff88e6d0b6f7e10005097fda4493fbc60f2f7bf2532a51df627f9c236258,27677,1,0,174,0,8ac9ff88e6d0b6f7e10005097fda4493fbc60f2f7bf2532a51df627f9c236258,27677,1,0,174,0,1,1,1,1,1,1
C4,deterministic-5,first,18,2026078718,2026078718,0,a03d1d5b0c66f9cd7a213455b4a26d568ec9a356d861772b66564f2166b2ba8a,22168,1,0,139,0,a03d1d5b0c66f9cd7a213455b4a26d568ec9a356d861772b66564f2166b2ba8a,22168,1,0,139,0,a03d1d5b0c66f9cd7a213455b4a26d568ec9a356d861772b66564f2166b2ba8a,22168,1,0,139,0,1,1,1,1,1,1
C4,deterministic-5,first,19,2026078719,2026078719,1,0ddd55a21efc8da7e64b0aeb8c12f53d73820e332c9afc7b94a3b83b9eda27c3,26443,1,0,166,0,0ddd55a21efc8da7e64b0aeb8c12f53d73820e332c9afc7b94a3b83b9eda27c3,26443,1,0,166,0,0ddd55a21efc8da7e64b0aeb8c12f53d73820e332c9afc7b94a3b83b9eda27c3,26443,1,0,166,0,1,1,1,1,1,1
C4,deterministic-5,first,20,2026078720,2026078720,0,9527eb75ffa01e83d66510ccac6456dfaf1d4250709e0a950cf850e81b584370,25024,1,0,157,0,9527eb75ffa01e83d66510ccac6456dfaf1d4250709e0a950cf850e81b584370,25024,1,0,157,0,9527eb75ffa01e83d66510ccac6456dfaf1d4250709e0a950cf850e81b584370,25024,1,0,157,0,1,1,1,1,1,1
C4,deterministic-5,first,21,2026078721,2026078721,1,42ab14fc027725cc9d42c0a31a41e84bb3aca4e641b18df56b2e206e183499e1,29503,1,0,185,0,42ab14fc027725cc9d42c0a31a41e84bb3aca4e641b18df56b2e206e183499e1,29503,1,0,185,0,42ab14fc027725cc9d42c0a31a41e84bb3aca4e641b18df56b2e206e183499e1,29503,1,0,185,0,1,1,1,1,1,1
C4,deterministic-5,first,22,2026078722,2026078722,0,a5ab0fb1dec15bc26a1af9415beb373678ce3dc4771857f819a0d906752338df,25995,0,0,163,0,a5ab0fb1dec15bc26a1af9415beb373678ce3dc4771857f819a0d906752338df,25995,0,0,163,0,a5ab0fb1dec15bc26a1af9415beb373678ce3dc4771857f819a0d906752338df,25995,0,0,163,0,1,1,1,1,1,1
C4,deterministic-5,first,23,2026078723,2026078723,1,6658d140d4b03ac8eb1d9e0ac8ff6c97db04e9dae40a085c91259398e3b1ae1b,29409,1,0,185,0,6658d140d4b03ac8eb1d9e0ac8ff6c97db04e9dae40a085c91259398e3b1ae1b,29409,1,0,185,0,6658d140d4b03ac8eb1d9e0ac8ff6c97db04e9dae40a085c91259398e3b1ae1b,29409,1,0,185,0,1,1,1,1,1,1
C4,deterministic-5,first,24,2026078724,2026078724,0,60ee1f05a0e9ab7a493393b6af43176263bd0a7c6555b2ca4ec485b31b0b0840,26791,1,0,168,0,60ee1f05a0e9ab7a493393b6af43176263bd0a7c6555b2ca4ec485b31b0b0840,26791,1,0,168,0,60ee1f05a0e9ab7a493393b6af43176263bd0a7c6555b2ca4ec485b31b0b0840,26791,1,0,168,0,1,1,1,1,1,1
C4,deterministic-5,second,0,2027078700,2027078700,0,48980699fbfc4de521a028aff35a00c317c499210b7e079085d46fbf6e0a7c02,27259,1,0,171,0,48980699fbfc4de521a028aff35a00c317c499210b7e079085d46fbf6e0a7c02,27259,1,0,171,0,48980699fbfc4de521a028aff35a00c317c499210b7e079085d46fbf6e0a7c02,27259,1,0,171,0,1,1,1,1,1,1
C4,deterministic-5,second,1,2027078701,2027078701,1,6299c6ca02dccae028613bf969e42126d7e9978368a3594975dc729353f22ac9,20273,1,0,127,0,6299c6ca02dccae028613bf969e42126d7e9978368a3594975dc729353f22ac9,20273,1,0,127,0,6299c6ca02dccae028613bf969e42126d7e9978368a3594975dc729353f22ac9,20273,1,0,127,0,1,1,1,1,1,1
C4,deterministic-5,second,2,2027078702,2027078702,0,3b2d94af662fbfd19abd1eebb3b924442847bb29bce3b0557f7900956708b558,22807,1,0,143,0,3b2d94af662fbfd19abd1eebb3b924442847bb29bce3b0557f7900956708b558,22807,1,0,143,0,3b2d94af662fbfd19abd1eebb3b924442847bb29bce3b0557f7900956708b558,22807,1,0,143,0,1,1,1,1,1,1
C4,deterministic-5,second,3,2027078703,2027078703,1,6129b5c257cc48d6ede70ca95ac2de86aa3de9f245f36819d2f8667023edc24f,29959,1,0,188,0,6129b5c257cc48d6ede70ca95ac2de86aa3de9f245f36819d2f8667023edc24f,29959,1,0,188,0,6129b5c257cc48d6ede70ca95ac2de86aa3de9f245f36819d2f8667023edc24f,29959,1,0,188,0,1,1,1,1,1,1
C4,deterministic-5,second,4,2027078704,2027078704,0,d0e68db8946271ff523601a230dde895ef1cd89f84a2fb749deadc78f525202f,22747,1,0,143,0,d0e68db8946271ff523601a230dde895ef1cd89f84a2fb749deadc78f525202f,22747,1,0,143,0,d0e68db8946271ff523601a230dde895ef1cd89f84a2fb749deadc78f525202f,22747,1,0,143,0,1,1,1,1,1,1
C4,deterministic-5,second,5,2027078705,2027078705,1,d1c1b21a3c879368d47d30889be3efeac9bb75d9358b84803888d53e4afeb706,21508,1,0,135,0,d1c1b21a3c879368d47d30889be3efeac9bb75d9358b84803888d53e4afeb706,21508,1,0,135,0,d1c1b21a3c879368d47d30889be3efeac9bb75d9358b84803888d53e4afeb706,21508,1,0,135,0,1,1,1,1,1,1
C4,deterministic-5,second,6,2027078706,2027078706,0,4eda7d10f5cddb159a5509d29b5797eb5858c34e410b5435c2090bf8d1419a9d,28688,1,0,180,0,4eda7d10f5cddb159a5509d29b5797eb5858c34e410b5435c2090bf8d1419a9d,28688,1,0,180,0,4eda7d10f5cddb159a5509d29b5797eb5858c34e410b5435c2090bf8d1419a9d,28688,1,0,180,0,1,1,1,1,1,1
C4,deterministic-5,second,7,2027078707,2027078707,1,20f5034336142607d217a180d743b3944d0278ce8a510d6d5810199526668560,25570,0,0,160,0,20f5034336142607d217a180d743b3944d0278ce8a510d6d5810199526668560,25570,0,0,160,0,20f5034336142607d217a180d743b3944d0278ce8a510d6d5810199526668560,25570,0,0,160,0,1,1,1,1,1,1
C4,deterministic-5,second,8,2027078708,2027078708,0,e3ebc39268f4dc388e2348828e4cae6a25f99f99723e8f9f1774b8e7cdc234bc,17704,1,0,111,0,e3ebc39268f4dc388e2348828e4cae6a25f99f99723e8f9f1774b8e7cdc234bc,17704,1,0,111,0,e3ebc39268f4dc388e2348828e4cae6a25f99f99723e8f9f1774b8e7cdc234bc,17704,1,0,111,0,1,1,1,1,1,1
C4,deterministic-5,second,9,2027078709,2027078709,1,bcd5486e2ccfc45ff86918ba2e8650ab0e6c8719636e6ea43b98d4ca7eb2e8a9,28869,1,0,181,0,bcd5486e2ccfc45ff86918ba2e8650ab0e6c8719636e6ea43b98d4ca7eb2e8a9,28869,1,0,181,0,bcd5486e2ccfc45ff86918ba2e8650ab0e6c8719636e6ea43b98d4ca7eb2e8a9,28869,1,0,181,0,1,1,1,1,1,1
C4,deterministic-5,second,10,2027078710,2027078710,0,4bf659e4855b695a1ac529bf160e9f66ecb243dbe8fe0446da4e2b04979ca431,21707,1,0,136,0,4bf659e4855b695a1ac529bf160e9f66ecb243dbe8fe0446da4e2b04979ca431,21707,1,0,136,0,4bf659e4855b695a1ac529bf160e9f66ecb243dbe8fe0446da4e2b04979ca431,21707,1,0,136,0,1,1,1,1,1,1
C4,deterministic-5,second,11,2027078711,2027078711,1,40ea6b2b251674c77b87163c7ce733cb33c9f057d9e02d1c753050dbf7abe9de,25031,1,0,157,0,40ea6b2b251674c77b87163c7ce733cb33c9f057d9e02d1c753050dbf7abe9de,25031,1,0,157,0,40ea6b2b251674c77b87163c7ce733cb33c9f057d9e02d1c753050dbf7abe9de,25031,1,0,157,0,1,1,1,1,1,1
C4,deterministic-5,second,12,2027078712,2027078712,0,f32d134e838269c7685d78f288756467571eccf44c5e8b684e76570711412ee6,21726,1,0,136,0,f32d134e838269c7685d78f288756467571eccf44c5e8b684e76570711412ee6,21726,1,0,136,0,f32d134e838269c7685d78f288756467571eccf44c5e8b684e76570711412ee6,21726,1,0,136,0,1,1,1,1,1,1
C4,deterministic-5,second,13,2027078713,2027078713,1,7b955c8e2bcc9a067df1f6aa7153f04a94043344cde14b24b2e0760967f36ae5,23768,1,0,149,0,7b955c8e2bcc9a067df1f6aa7153f04a94043344cde14b24b2e0760967f36ae5,23768,1,0,149,0,7b955c8e2bcc9a067df1f6aa7153f04a94043344cde14b24b2e0760967f36ae5,23768,1,0,149,0,1,1,1,1,1,1
C4,deterministic-5,second,14,2027078714,2027078714,0,915b2b73298bafd134a53aabb38cfd82a91812b36f30182a82ea83d7ae585fde,25372,1,0,159,0,915b2b73298bafd134a53aabb38cfd82a91812b36f30182a82ea83d7ae585fde,25372,1,0,159,0,915b2b73298bafd134a53aabb38cfd82a91812b36f30182a82ea83d7ae585fde,25372,1,0,159,0,1,1,1,1,1,1
C4,deterministic-5,second,15,2027078715,2027078715,1,2755691c04ed7ce17610e9346697eac4331d7f63458fcfe687417d5b3b40593f,26454,0,0,166,0,2755691c04ed7ce17610e9346697eac4331d7f63458fcfe687417d5b3b40593f,26454,0,0,166,0,2755691c04ed7ce17610e9346697eac4331d7f63458fcfe687417d5b3b40593f,26454,0,0,166,0,1,1,1,1,1,1
C4,deterministic-5,second,16,2027078716,2027078716,0,4a6c17cdbb41400c66e4c723725bdc0cdc573c5382c2b19177b85a05f09a6f20,18339,1,0,115,0,4a6c17cdbb41400c66e4c723725bdc0cdc573c5382c2b19177b85a05f09a6f20,18339,1,0,115,0,4a6c17cdbb41400c66e4c723725bdc0cdc573c5382c2b19177b85a05f09a6f20,18339,1,0,115,0,1,1,1,1,1,1
C4,deterministic-5,second,17,2027078717,2027078717,1,13805ca5acaa9cfeef9d09a037610ac465e9ebaf919a984b739dad6e618f5a19,29549,1,0,185,0,13805ca5acaa9cfeef9d09a037610ac465e9ebaf919a984b739dad6e618f5a19,29549,1,0,185,0,13805ca5acaa9cfeef9d09a037610ac465e9ebaf919a984b739dad6e618f5a19,29549,1,0,185,0,1,1,1,1,1,1
C4,deterministic-5,second,18,2027078718,2027078718,0,332b7ed1ce7df13a4a9016e26db5aa2977100d551eee2534dc2367220504ac8c,23063,1,0,145,0,332b7ed1ce7df13a4a9016e26db5aa2977100d551eee2534dc2367220504ac8c,23063,1,0,145,0,332b7ed1ce7df13a4a9016e26db5aa2977100d551eee2534dc2367220504ac8c,23063,1,0,145,0,1,1,1,1,1,1
C4,deterministic-5,second,19,2027078719,2027078719,1,d0ee2f0cfba8f3cacde84568226d41f5c1b4fb21b2459587f1f71273f2c19cb1,14002,0,0,87,0,d0ee2f0cfba8f3cacde84568226d41f5c1b4fb21b2459587f1f71273f2c19cb1,14002,0,0,87,0,d0ee2f0cfba8f3cacde84568226d41f5c1b4fb21b2459587f1f71273f2c19cb1,14002,0,0,87,0,1,1,1,1,1,1
C4,deterministic-5,second,20,2027078720,2027078720,0,94dafdc30dab576fb09da837ffcffae29d86bb11bab1bc2ccbd0fb89850eab64,19964,1,0,125,0,94dafdc30dab576fb09da837ffcffae29d86bb11bab1bc2ccbd0fb89850eab64,19964,1,0,125,0,94dafdc30dab576fb09da837ffcffae29d86bb11bab1bc2ccbd0fb89850eab64,19964,1,0,125,0,1,1,1,1,1,1
C4,deterministic-5,second,21,2027078721,2027078721,1,62dd7c9f6c502ee195b1e2aa3deae8de52112ad3229b11b459b4055c8a9400d7,32567,1,0,204,0,62dd7c9f6c502ee195b1e2aa3deae8de52112ad3229b11b459b4055c8a9400d7,32567,1,0,204,0,62dd7c9f6c502ee195b1e2aa3deae8de52112ad3229b11b459b4055c8a9400d7,32567,1,0,204,0,1,1,1,1,1,1
C4,deterministic-5,second,22,2027078722,2027078722,0,646102daa2be25a66aea1f741e137c80c17fb8e2180164506340e4a5214010c1,25984,1,0,163,0,646102daa2be25a66aea1f741e137c80c17fb8e2180164506340e4a5214010c1,25984,1,0,163,0,646102daa2be25a66aea1f741e137c80c17fb8e2180164506340e4a5214010c1,25984,1,0,163,0,1,1,1,1,1,1
C4,deterministic-5,second,23,2027078723,2027078723,1,3f6227c963e6bd0cc613569ca6daa9502cb83cc7f6fc575a43402b1dfde80575,29118,1,0,183,0,3f6227c963e6bd0cc613569ca6daa9502cb83cc7f6fc575a43402b1dfde80575,29118,1,0,183,0,3f6227c963e6bd0cc613569ca6daa9502cb83cc7f6fc575a43402b1dfde80575,29118,1,0,183,0,1,1,1,1,1,1
C4,deterministic-5,second,24,2027078724,2027078724,0,496019af180dc776f8eafecaa57e476cfac85d745f0f65fe0166bac60d79e01b,22973,1,0,144,0,496019af180dc776f8eafecaa57e476cfac85d745f0f65fe0166bac60d79e01b,22973,1,0,144,0,496019af180dc776f8eafecaa57e476cfac85d745f0f65fe0166bac60d79e01b,22973,1,0,144,0,1,1,1,1,1,1
