opponent,actual_order,seed,physical_seat,c1_c2_run_win,c1_c2_run_draw,c1_c2_run_decisions,c2_candidate_win,c2_candidate_draw,c2_candidate_decisions,c1_c3_run_win,c1_c3_run_draw,c1_c3_run_decisions,c3_candidate_win,c3_candidate_draw,c3_candidate_decisions,c1_c4_run_win,c1_c4_run_draw,c1_c4_run_decisions,c4_candidate_win,c4_candidate_draw,c4_candidate_decisions,c1_outcome_records_identical,c1_serialized_records_identical
B0,first,202608230000,0,1,0,187,0,0,182,1,0,187,1,0,235,1,0,187,1,0,169,1,1
B0,first,202608230001,1,1,0,132,1,0,220,1,0,132,1,0,133,1,0,132,0,0,201,1,1
B0,first,202608230002,0,1,0,175,1,0,204,1,0,175,1,0,194,1,0,175,0,0,223,1,1
B0,first,202608230003,1,1,0,226,0,0,220,1,0,226,0,0,284,1,0,226,1,0,241,1,1
B0,first,202608230004,0,0,0,180,0,0,191,0,0,180,0,0,192,0,0,180,1,0,198,1,1
B0,first,202608230005,1,0,0,210,0,0,221,0,0,210,0,0,211,0,0,210,0,0,221,1,1
B0,first,202608230006,0,1,0,146,1,0,146,1,0,146,1,0,148,1,0,146,1,0,151,1,1
B0,first,202608230007,1,1,0,155,1,0,165,1,0,155,1,0,170,1,0,155,0,0,243,1,1
B0,first,202608230008,0,0,0,195,1,0,193,0,0,195,1,0,221,0,0,195,0,0,219,1,1
B0,first,202608230009,1,1,0,156,1,0,209,1,0,156,0,0,223,1,0,156,1,0,172,1,1
B0,first,202608230010,0,0,0,202,1,0,207,0,0,202,1,0,229,0,0,202,0,0,175,1,1
B0,first,202608230011,1,1,0,155,1,0,210,1,0,155,1,0,147,1,0,155,1,0,161,1,1
B0,first,202608230012,0,1,0,189,0,0,205,1,0,189,1,0,189,1,0,189,1,0,219,1,1
B0,first,202608230013,1,1,0,166,0,0,229,1,0,166,1,0,174,1,0,166,1,0,193,1,1
B0,first,202608230014,0,1,0,188,1,0,165,1,0,188,0,0,180,1,0,188,0,0,198,1,1
B0,first,202608230015,1,0,0,257,0,0,222,0,0,257,1,0,212,0,0,257,0,0,207,1,1
B0,first,202608230016,0,0,0,175,0,0,170,0,0,175,1,0,224,0,0,175,0,0,191,1,1
B0,first,202608230017,1,1,0,191,0,0,227,1,0,191,1,0,191,1,0,191,0,0,203,1,1
B0,first,202608230018,0,1,0,163,0,0,215,1,0,163,1,0,162,1,0,163,1,0,165,1,1
B0,first,202608230019,1,0,0,186,0,0,220,0,0,186,1,0,223,0,0,186,1,0,221,1,1
B0,first,202608230020,0,0,0,193,0,0,180,0,0,193,0,0,192,0,0,193,0,0,191,1,1
B0,first,202608230021,1,1,0,193,1,0,170,1,0,193,1,0,166,1,0,193,1,0,185,1,1
B0,first,202608230022,0,0,0,164,0,0,256,0,0,164,0,0,228,0,0,164,1,0,237,1,1
B0,first,202608230023,1,0,0,167,0,0,193,0,0,167,0,0,160,0,0,167,0,0,183,1,1
B0,first,202608230024,0,0,0,189,1,0,186,0,0,189,0,0,215,0,0,189,0,0,228,1,1
B0,first,202608230025,1,0,0,180,0,0,183,0,0,180,1,0,169,0,0,180,1,0,170,1,1
B0,first,202608230026,0,0,0,162,0,0,153,0,0,162,0,0,162,0,0,162,0,0,160,1,1
B0,first,202608230027,1,1,0,256,0,0,258,1,0,256,1,0,239,1,0,256,0,0,275,1,1
B0,first,202608230028,0,0,0,203,0,0,192,0,0,203,0,0,210,0,0,203,0,0,231,1,1
B0,first,202608230029,1,1,0,168,1,0,154,1,0,168,1,0,168,1,0,168,1,0,201,1,1
B0,first,202608230030,0,0,0,216,1,0,201,0,0,216,1,0,199,0,0,216,1,0,214,1,1
B0,first,202608230031,1,1,0,122,1,0,159,1,0,122,1,0,122,1,0,122,1,0,165,1,1
B0,first,202608230032,0,1,0,203,1,0,156,1,0,203,1,0,161,1,0,203,1,0,191,1,1
B0,first,202608230033,1,0,0,232,1,0,199,0,0,232,0,0,231,0,0,232,1,0,181,1,1
B0,first,202608230034,0,0,0,225,0,0,196,0,0,225,0,0,231,0,0,225,0,0,196,1,1
B0,first,202608230035,1,1,0,236,1,0,150,1,0,236,1,0,220,1,0,236,1,0,173,1,1
B0,first,202608230036,0,1,0,153,1,0,134,1,0,153,1,0,143,1,0,153,1,0,143,1,1
B0,first,202608230037,1,0,0,220,1,0,248,0,0,220,0,0,243,0,0,220,1,0,169,1,1
B0,first,202608230038,0,1,0,203,1,0,219,1,0,203,0,0,194,1,0,203,1,0,229,1,1
B0,first,202608230039,1,0,0,243,0,0,235,0,0,243,0,0,233,0,0,243,0,0,240,1,1
B0,first,202608230040,0,1,0,171,1,0,228,1,0,171,0,0,155,1,0,171,0,0,195,1,1
B0,first,202608230041,1,0,0,204,1,0,177,0,0,204,1,0,200,0,0,204,1,0,220,1,1
B0,first,202608230042,0,1,0,159,1,0,134,1,0,159,1,0,161,1,0,159,1,0,161,1,1
B0,first,202608230043,1,1,0,154,1,0,172,1,0,154,1,0,154,1,0,154,1,0,166,1,1
B0,first,202608230044,0,0,0,229,1,0,180,0,0,229,1,0,179,0,0,229,0,0,192,1,1
B0,first,202608230045,1,1,0,185,1,0,198,1,0,185,1,0,172,1,0,185,1,0,207,1,1
B0,first,202608230046,0,1,0,248,1,0,231,1,0,248,1,0,248,1,0,248,1,0,233,1,1
B0,first,202608230047,1,1,0,222,0,0,199,1,0,222,1,0,167,1,0,222,1,0,268,1,1
B0,first,202608230048,0,0,0,196,1,0,154,0,0,196,1,0,173,0,0,196,1,0,147,1,1
B0,first,202608230049,1,0,0,186,0,0,188,0,0,186,0,0,184,0,0,186,1,0,206,1,1
B0,first,202608230050,0,1,0,159,1,0,208,1,0,159,1,0,190,1,0,159,1,0,203,1,1
B0,first,202608230051,1,1,0,185,0,0,171,1,0,185,1,0,176,1,0,185,1,0,189,1,1
B0,first,202608230052,0,1,0,197,1,0,193,1,0,197,1,0,197,1,0,197,0,0,225,1,1
B0,first,202608230053,1,1,0,173,0,0,182,1,0,173,1,0,184,1,0,173,0,0,182,1,1
B0,first,202608230054,0,1,0,158,1,0,153,1,0,158,1,0,200,1,0,158,0,0,190,1,1
B0,first,202608230055,1,1,0,177,1,0,227,1,0,177,0,0,209,1,0,177,0,0,231,1,1
B0,first,202608230056,0,1,0,192,1,0,216,1,0,192,1,0,251,1,0,192,1,0,205,1,1
B0,first,202608230057,1,1,0,176,1,0,217,1,0,176,1,0,149,1,0,176,1,0,190,1,1
B0,first,202608230058,0,0,0,182,1,0,143,0,0,182,1,0,163,0,0,182,1,0,144,1,1
B0,first,202608230059,1,1,0,167,1,0,168,1,0,167,1,0,160,1,0,167,1,0,169,1,1
B0,first,202608230060,0,1,0,147,1,0,200,1,0,147,1,0,144,1,0,147,1,0,136,1,1
B0,first,202608230061,1,0,0,227,1,0,215,0,0,227,1,0,169,0,0,227,1,0,194,1,1
B0,first,202608230062,0,1,0,238,0,0,174,1,0,238,0,0,224,1,0,238,0,0,240,1,1
B0,first,202608230063,1,1,0,171,1,0,220,1,0,171,1,0,229,1,0,171,0,0,201,1,1
B0,first,202608230064,0,1,0,174,0,0,218,1,0,174,1,0,225,1,0,174,1,0,193,1,1
B0,first,202608230065,1,1,0,160,1,0,146,1,0,160,1,0,172,1,0,160,1,0,197,1,1
B0,first,202608230066,0,0,0,202,1,0,205,0,0,202,1,0,175,0,0,202,1,0,190,1,1
B0,first,202608230067,1,1,0,229,0,0,204,1,0,229,0,0,248,1,0,229,0,0,205,1,1
B0,first,202608230068,0,0,0,279,1,0,202,0,0,279,0,0,269,0,0,279,0,0,292,1,1
B0,first,202608230069,1,1,0,192,0,0,252,1,0,192,1,0,207,1,0,192,1,0,216,1,1
B0,first,202608230070,0,1,0,246,0,0,205,1,0,246,1,0,249,1,0,246,0,0,200,1,1
B0,first,202608230071,1,0,0,180,0,0,215,0,0,180,0,0,179,0,0,180,0,0,163,1,1
B0,first,202608230072,0,1,0,186,1,0,178,1,0,186,1,0,215,1,0,186,0,0,206,1,1
B0,first,202608230073,1,0,0,170,0,0,163,0,0,170,0,0,170,0,0,170,0,0,174,1,1
B0,first,202608230074,0,0,0,214,0,0,163,0,0,214,1,0,192,0,0,214,1,0,207,1,1
B0,first,202608230075,1,1,0,214,1,0,242,1,0,214,1,0,192,1,0,214,1,0,255,1,1
B0,first,202608230076,0,1,0,132,1,0,132,1,0,132,1,0,132,1,0,132,1,0,132,1,1
B0,first,202608230077,1,0,0,219,1,0,178,0,0,219,0,0,204,0,0,219,0,0,265,1,1
B0,first,202608230078,0,1,0,161,1,0,162,1,0,161,1,0,151,1,0,161,1,0,175,1,1
B0,first,202608230079,1,1,0,251,0,0,207,1,0,251,1,0,202,1,0,251,0,0,221,1,1
B0,first,202608230080,0,1,0,177,1,0,179,1,0,177,0,0,187,1,0,177,1,0,212,1,1
B0,first,202608230081,1,1,0,152,0,0,160,1,0,152,1,0,188,1,0,152,1,0,185,1,1
B0,first,202608230082,0,0,0,178,1,0,179,0,0,178,1,0,196,0,0,178,1,0,190,1,1
B0,first,202608230083,1,1,0,169,1,0,180,1,0,169,1,0,182,1,0,169,1,0,190,1,1
B0,first,202608230084,0,1,0,166,1,0,211,1,0,166,1,0,166,1,0,166,1,0,206,1,1
B0,first,202608230085,1,1,0,179,0,0,207,1,0,179,0,0,219,1,0,179,1,0,209,1,1
B0,first,202608230086,0,0,0,232,1,0,226,0,0,232,0,0,232,0,0,232,0,0,196,1,1
B0,first,202608230087,1,1,0,189,0,0,190,1,0,189,1,0,202,1,0,189,1,0,182,1,1
B0,first,202608230088,0,1,0,222,1,0,249,1,0,222,1,0,208,1,0,222,1,0,201,1,1
B0,first,202608230089,1,1,0,237,1,0,206,1,0,237,0,0,191,1,0,237,1,0,138,1,1
B0,first,202608230090,0,1,0,168,0,0,161,1,0,168,1,0,176,1,0,168,1,0,153,1,1
B0,first,202608230091,1,1,0,154,1,0,176,1,0,154,1,0,156,1,0,154,1,0,160,1,1
B0,first,202608230092,0,0,0,207,1,0,213,0,0,207,1,0,189,0,0,207,1,0,200,1,1
B0,first,202608230093,1,1,0,216,1,0,180,1,0,216,1,0,216,1,0,216,0,0,230,1,1
B0,first,202608230094,0,0,0,202,0,0,219,0,0,202,1,0,190,0,0,202,1,0,225,1,1
B0,first,202608230095,1,1,0,217,1,0,207,1,0,217,1,0,226,1,0,217,1,0,201,1,1
B0,first,202608230096,0,0,0,201,1,0,197,0,0,201,0,0,185,0,0,201,0,0,183,1,1
B0,first,202608230097,1,1,0,176,0,0,223,1,0,176,1,0,181,1,0,176,1,0,185,1,1
B0,first,202608230098,0,0,0,199,1,0,221,0,0,199,0,0,215,0,0,199,1,0,245,1,1
B0,first,202608230099,1,1,0,200,0,0,168,1,0,200,1,0,200,1,0,200,1,0,182,1,1
B0,first,202608230100,0,0,0,214,1,0,202,0,0,214,0,0,214,0,0,214,1,0,229,1,1
B0,first,202608230101,1,0,0,229,0,0,161,0,0,229,1,0,189,0,0,229,1,0,228,1,1
B0,first,202608230102,0,0,0,216,1,0,225,0,0,216,0,0,211,0,0,216,1,0,227,1,1
B0,first,202608230103,1,1,0,191,1,0,90,1,0,191,1,0,155,1,0,191,1,0,118,1,1
B0,first,202608230104,0,1,0,173,0,0,206,1,0,173,1,0,173,1,0,173,0,0,227,1,1
B0,first,202608230105,1,0,0,171,0,0,204,0,0,171,0,0,188,0,0,171,0,0,201,1,1
B0,first,202608230106,0,0,0,252,0,0,198,0,0,252,1,0,264,0,0,252,0,0,167,1,1
B0,first,202608230107,1,0,0,187,1,0,181,0,0,187,0,0,187,0,0,187,0,0,262,1,1
B0,first,202608230108,0,1,0,201,1,0,207,1,0,201,0,0,204,1,0,201,1,0,158,1,1
B0,first,202608230109,1,0,0,164,0,0,192,0,0,164,0,0,163,0,0,164,1,0,170,1,1
B0,first,202608230110,0,0,0,186,1,0,202,0,0,186,0,0,186,0,0,186,0,0,184,1,1
B0,first,202608230111,1,0,0,214,1,0,211,0,0,214,0,0,214,0,0,214,0,0,223,1,1
B0,first,202608230112,0,0,0,165,1,0,222,0,0,165,0,0,165,0,0,165,1,0,197,1,1
B0,first,202608230113,1,1,0,213,1,0,167,1,0,213,1,0,147,1,0,213,1,0,153,1,1
B0,first,202608230114,0,0,0,173,0,0,173,0,0,173,0,0,183,0,0,173,1,0,161,1,1
B0,first,202608230115,1,0,0,182,1,0,194,0,0,182,0,0,195,0,0,182,1,0,261,1,1
B0,first,202608230116,0,0,0,199,1,0,191,0,0,199,0,0,225,0,0,199,1,0,200,1,1
B0,first,202608230117,1,1,0,200,0,0,258,1,0,200,0,0,215,1,0,200,0,0,266,1,1
B0,first,202608230118,0,0,0,206,1,0,167,0,0,206,0,0,200,0,0,206,1,0,181,1,1
B0,first,202608230119,1,1,0,202,1,0,229,1,0,202,0,0,171,1,0,202,1,0,177,1,1
B0,first,202608230120,0,0,0,190,0,0,242,0,0,190,1,0,215,0,0,190,1,0,204,1,1
B0,first,202608230121,1,0,0,153,0,0,222,0,0,153,0,0,153,0,0,153,0,0,148,1,1
B0,first,202608230122,0,1,0,226,0,0,196,1,0,226,1,0,239,1,0,226,1,0,216,1,1
B0,first,202608230123,1,1,0,189,1,0,187,1,0,189,0,0,178,1,0,189,1,0,169,1,1
B0,first,202608230124,0,0,0,197,0,0,197,0,0,197,0,0,140,0,0,197,0,0,181,1,1
B0,first,202608230125,1,0,0,200,0,0,187,0,0,200,0,0,196,0,0,200,1,0,182,1,1
B0,first,202608230126,0,0,0,229,1,0,167,0,0,229,1,0,213,0,0,229,1,0,170,1,1
B0,first,202608230127,1,1,0,217,1,0,210,1,0,217,0,0,313,1,0,217,1,0,171,1,1
B0,first,202608230128,0,0,0,179,0,0,180,0,0,179,0,0,179,0,0,179,0,0,160,1,1
B0,first,202608230129,1,1,0,158,0,0,180,1,0,158,1,0,158,1,0,158,0,0,186,1,1
B0,first,202608230130,0,1,0,174,1,0,188,1,0,174,1,0,218,1,0,174,1,0,176,1,1
B0,first,202608230131,1,0,0,204,0,0,220,0,0,204,0,0,212,0,0,204,1,0,183,1,1
B0,first,202608230132,0,0,0,247,0,0,187,0,0,247,1,0,249,0,0,247,0,0,218,1,1
B0,first,202608230133,1,1,0,213,1,0,179,1,0,213,1,0,215,1,0,213,1,0,176,1,1
B0,first,202608230134,0,1,0,167,0,0,213,1,0,167,1,0,167,1,0,167,1,0,181,1,1
B0,first,202608230135,1,1,0,228,1,0,191,1,0,228,0,0,224,1,0,228,1,0,214,1,1
B0,first,202608230136,0,1,0,189,1,0,154,1,0,189,1,0,192,1,0,189,1,0,158,1,1
B0,first,202608230137,1,1,0,167,1,0,211,1,0,167,1,0,167,1,0,167,1,0,195,1,1
B0,first,202608230138,0,1,0,216,1,0,234,1,0,216,0,0,209,1,0,216,1,0,141,1,1
B0,first,202608230139,1,0,0,194,0,0,168,0,0,194,0,0,194,0,0,194,1,0,180,1,1
B0,first,202608230140,0,0,0,163,1,0,205,0,0,163,0,0,163,0,0,163,0,0,308,1,1
B0,first,202608230141,1,1,0,231,1,0,183,1,0,231,1,0,231,1,0,231,1,0,144,1,1
B0,first,202608230142,0,1,0,182,1,0,177,1,0,182,1,0,182,1,0,182,1,0,202,1,1
B0,first,202608230143,1,0,0,172,0,0,190,0,0,172,0,0,172,0,0,172,0,0,192,1,1
B0,first,202608230144,0,0,0,182,1,0,129,0,0,182,1,0,172,0,0,182,1,0,127,1,1
B0,first,202608230145,1,0,0,228,0,0,221,0,0,228,0,0,238,0,0,228,1,0,265,1,1
B0,first,202608230146,0,1,0,235,0,0,212,1,0,235,0,0,303,1,0,235,0,0,205,1,1
B0,first,202608230147,1,1,0,162,1,0,183,1,0,162,1,0,168,1,0,162,1,0,156,1,1
B0,first,202608230148,0,1,0,172,0,0,270,1,0,172,0,0,194,1,0,172,1,0,168,1,1
B0,first,202608230149,1,0,0,212,1,0,216,0,0,212,0,0,220,0,0,212,1,0,199,1,1
B0,first,202608230150,0,1,0,175,1,0,187,1,0,175,1,0,210,1,0,175,1,0,161,1,1
B0,first,202608230151,1,0,0,197,1,0,187,0,0,197,1,0,169,0,0,197,1,0,187,1,1
B0,first,202608230152,0,1,0,202,1,0,201,1,0,202,1,0,202,1,0,202,0,0,227,1,1
B0,first,202608230153,1,0,0,169,0,0,169,0,0,169,0,0,169,0,0,169,0,0,169,1,1
B0,first,202608230154,0,0,0,231,1,0,185,0,0,231,0,0,231,0,0,231,0,0,213,1,1
B0,first,202608230155,1,1,0,126,0,0,230,1,0,126,1,0,134,1,0,126,1,0,222,1,1
B0,first,202608230156,0,1,0,201,1,0,214,1,0,201,1,0,196,1,0,201,1,0,210,1,1
B0,first,202608230157,1,0,0,181,1,0,184,0,0,181,0,0,208,0,0,181,0,1,181,1,1
B0,first,202608230158,0,0,0,244,1,0,248,0,0,244,0,0,252,0,0,244,0,0,226,1,1
B0,first,202608230159,1,1,0,206,1,0,203,1,0,206,1,0,177,1,0,206,1,0,196,1,1
B0,first,202608230160,0,0,0,198,0,0,232,0,0,198,0,0,206,0,0,198,1,0,219,1,1
B0,first,202608230161,1,0,0,147,0,0,183,0,0,147,1,0,212,0,0,147,1,0,204,1,1
B0,first,202608230162,0,1,0,120,1,0,219,1,0,120,1,0,120,1,0,120,1,0,201,1,1
B0,first,202608230163,1,1,0,239,0,0,186,1,0,239,1,0,240,1,0,239,1,0,236,1,1
B0,first,202608230164,0,1,0,264,1,0,210,1,0,264,0,0,217,1,0,264,0,0,213,1,1
B0,first,202608230165,1,0,0,184,1,0,180,0,0,184,1,0,210,0,0,184,0,0,211,1,1
B0,first,202608230166,0,1,0,198,1,0,209,1,0,198,1,0,201,1,0,198,1,0,208,1,1
B0,first,202608230167,1,1,0,175,0,0,191,1,0,175,1,0,184,1,0,175,1,0,200,1,1
B0,first,202608230168,0,1,0,239,1,0,222,1,0,239,1,0,206,1,0,239,1,0,222,1,1
B0,first,202608230169,1,0,0,151,0,0,155,0,0,151,0,0,239,0,0,151,0,0,222,1,1
B0,first,202608230170,0,1,0,210,0,0,184,1,0,210,0,0,228,1,0,210,0,0,200,1,1
B0,first,202608230171,1,0,0,168,0,0,163,0,0,168,0,0,169,0,0,168,0,0,188,1,1
B0,first,202608230172,0,0,0,195,0,0,202,0,0,195,0,0,205,0,0,195,1,0,195,1,1
B0,first,202608230173,1,1,0,166,0,0,141,1,0,166,1,0,178,1,0,166,1,0,192,1,1
B0,first,202608230174,0,1,0,196,1,0,190,1,0,196,1,0,196,1,0,196,1,0,233,1,1
B0,first,202608230175,1,1,0,173,0,0,232,1,0,173,1,0,177,1,0,173,1,0,182,1,1
B0,first,202608230176,0,1,0,196,1,0,207,1,0,196,1,0,196,1,0,196,0,0,230,1,1
B0,first,202608230177,1,1,0,248,0,0,233,1,0,248,1,0,202,1,0,248,0,0,187,1,1
B0,first,202608230178,0,1,0,143,1,0,145,1,0,143,1,0,177,1,0,143,1,0,191,1,1
B0,first,202608230179,1,1,0,222,1,0,248,1,0,222,1,0,163,1,0,222,1,0,224,1,1
B0,first,202608230180,0,0,0,231,1,0,209,0,0,231,1,0,204,0,0,231,1,0,209,1,1
B0,first,202608230181,1,0,0,191,1,0,216,0,0,191,0,0,221,0,0,191,0,0,214,1,1
B0,first,202608230182,0,1,0,119,1,0,176,1,0,119,1,0,120,1,0,119,1,0,179,1,1
B0,first,202608230183,1,1,0,191,1,0,210,1,0,191,1,0,191,1,0,191,1,0,158,1,1
B0,first,202608230184,0,0,0,215,0,0,183,0,0,215,0,0,210,0,0,215,1,0,203,1,1
B0,first,202608230185,1,1,0,202,1,0,197,1,0,202,1,0,202,1,0,202,1,0,206,1,1
B0,first,202608230186,0,0,0,290,1,0,189,0,0,290,1,0,205,0,0,290,1,0,200,1,1
B0,first,202608230187,1,1,0,199,1,0,219,1,0,199,0,0,182,1,0,199,1,0,191,1,1
B0,first,202608230188,0,0,0,225,0,0,178,0,0,225,0,0,154,0,0,225,0,0,141,1,1
B0,first,202608230189,1,1,0,205,0,0,204,1,0,205,1,0,187,1,0,205,1,0,251,1,1
B0,first,202608230190,0,1,0,149,1,0,163,1,0,149,1,0,192,1,0,149,0,0,223,1,1
B0,first,202608230191,1,1,0,167,1,0,179,1,0,167,1,0,222,1,0,167,1,0,203,1,1
B0,first,202608230192,0,0,0,252,1,0,282,0,0,252,0,0,244,0,0,252,0,0,217,1,1
B0,first,202608230193,1,1,0,192,1,0,191,1,0,192,1,0,192,1,0,192,1,0,186,1,1
B0,first,202608230194,0,0,0,167,1,0,192,0,0,167,0,0,173,0,0,167,0,0,164,1,1
B0,first,202608230195,1,0,0,230,1,0,176,0,0,230,0,0,173,0,0,230,0,0,195,1,1
B0,first,202608230196,0,1,0,185,1,0,178,1,0,185,1,0,182,1,0,185,1,0,178,1,1
B0,first,202608230197,1,0,0,223,0,0,202,0,0,223,0,0,214,0,0,223,0,0,183,1,1
B0,first,202608230198,0,1,0,207,0,0,186,1,0,207,1,0,207,1,0,207,0,0,221,1,1
B0,first,202608230199,1,0,0,243,1,0,209,0,0,243,1,0,225,0,0,243,1,0,235,1,1
B0,second,202609230000,0,0,0,245,1,0,235,0,0,245,0,0,275,0,0,245,1,0,177,1,1
B0,second,202609230001,1,0,0,157,0,0,171,0,0,157,0,0,156,0,0,157,0,0,180,1,1
B0,second,202609230002,0,1,0,217,1,0,241,1,0,217,1,0,198,1,0,217,1,0,137,1,1
B0,second,202609230003,1,0,0,125,0,0,112,0,0,125,0,0,153,0,0,125,0,0,153,1,1
B0,second,202609230004,0,1,0,213,0,0,192,1,0,213,0,0,198,1,0,213,0,0,190,1,1
B0,second,202609230005,1,0,0,203,1,0,218,0,0,203,1,0,217,0,0,203,0,0,187,1,1
B0,second,202609230006,0,1,0,216,0,0,198,1,0,216,1,0,195,1,0,216,0,0,188,1,1
B0,second,202609230007,1,0,0,225,1,0,130,0,0,225,0,0,201,0,0,225,1,0,186,1,1
B0,second,202609230008,0,0,0,193,0,0,153,0,0,193,1,0,153,0,0,193,1,0,192,1,1
B0,second,202609230009,1,0,0,146,0,0,128,0,0,146,0,0,149,0,0,146,0,0,134,1,1
B0,second,202609230010,0,0,0,201,0,0,211,0,0,201,0,0,203,0,0,201,1,0,193,1,1
B0,second,202609230011,1,0,0,151,0,0,151,0,0,151,0,0,151,0,0,151,0,0,151,1,1
B0,second,202609230012,0,0,0,170,0,0,216,0,0,170,0,0,217,0,0,170,1,0,182,1,1
B0,second,202609230013,1,0,0,180,1,0,173,0,0,180,0,0,179,0,0,180,1,0,140,1,1
B0,second,202609230014,0,1,0,233,1,0,129,1,0,233,1,0,199,1,0,233,1,0,187,1,1
B0,second,202609230015,1,0,0,184,0,0,171,0,0,184,0,0,199,0,0,184,0,0,174,1,1
B0,second,202609230016,0,0,0,226,0,0,159,0,0,226,1,0,224,0,0,226,1,0,179,1,1
B0,second,202609230017,1,0,0,189,0,0,199,0,0,189,1,0,173,0,0,189,0,0,187,1,1
B0,second,202609230018,0,1,0,192,1,0,164,1,0,192,1,0,194,1,0,192,1,0,239,1,1
B0,second,202609230019,1,0,0,271,1,0,188,0,0,271,0,0,224,0,0,271,1,0,179,1,1
B0,second,202609230020,0,0,0,241,0,0,229,0,0,241,1,0,252,0,0,241,0,0,174,1,1
B0,second,202609230021,1,1,0,161,0,0,218,1,0,161,0,0,170,1,0,161,0,0,153,1,1
B0,second,202609230022,0,1,0,206,1,0,153,1,0,206,1,0,163,1,0,206,1,0,159,1,1
B0,second,202609230023,1,1,0,183,1,0,210,1,0,183,1,0,182,1,0,183,0,0,209,1,1
B0,second,202609230024,0,1,0,257,1,0,196,1,0,257,0,0,216,1,0,257,1,0,185,1,1
B0,second,202609230025,1,0,0,247,0,0,203,0,0,247,0,0,208,0,0,247,0,0,161,1,1
B0,second,202609230026,0,0,0,159,0,0,157,0,0,159,0,0,146,0,0,159,1,0,234,1,1
B0,second,202609230027,1,1,0,143,1,0,183,1,0,143,1,0,159,1,0,143,1,0,137,1,1
B0,second,202609230028,0,1,0,219,1,0,182,1,0,219,1,0,123,1,0,219,1,0,203,1,1
B0,second,202609230029,1,0,0,231,0,0,232,0,0,231,0,0,231,0,0,231,1,0,250,1,1
B0,second,202609230030,0,1,0,238,0,0,174,1,0,238,1,0,277,1,0,238,1,0,200,1,1
B0,second,202609230031,1,0,0,159,0,0,192,0,0,159,1,0,231,0,0,159,0,0,212,1,1
B0,second,202609230032,0,0,0,171,0,0,180,0,0,171,0,0,226,0,0,171,1,0,196,1,1
B0,second,202609230033,1,1,0,168,0,0,203,1,0,168,1,0,168,1,0,168,1,0,219,1,1
B0,second,202609230034,0,1,0,222,1,0,192,1,0,222,1,0,267,1,0,222,1,0,214,1,1
B0,second,202609230035,1,1,0,226,1,0,195,1,0,226,1,0,212,1,0,226,1,0,165,1,1
B0,second,202609230036,0,1,0,217,1,0,233,1,0,217,1,0,245,1,0,217,1,0,211,1,1
B0,second,202609230037,1,0,0,174,1,0,167,0,0,174,0,0,218,0,0,174,1,0,209,1,1
B0,second,202609230038,0,1,0,165,0,0,171,1,0,165,1,0,188,1,0,165,1,0,162,1,1
B0,second,202609230039,1,1,0,217,1,0,201,1,0,217,1,0,218,1,0,217,0,0,249,1,1
B0,second,202609230040,0,1,0,214,0,0,214,1,0,214,1,0,241,1,0,214,0,0,207,1,1
B0,second,202609230041,1,0,0,171,1,0,144,0,0,171,0,0,222,0,0,171,1,0,228,1,1
B0,second,202609230042,0,1,0,217,0,0,201,1,0,217,1,0,187,1,0,217,1,0,197,1,1
B0,second,202609230043,1,0,0,187,0,0,218,0,0,187,0,0,186,0,0,187,0,0,218,1,1
B0,second,202609230044,0,0,0,167,0,0,153,0,0,167,0,0,167,0,0,167,0,0,148,1,1
B0,second,202609230045,1,1,0,188,0,0,220,1,0,188,1,0,214,1,0,188,0,0,187,1,1
B0,second,202609230046,0,0,0,228,1,0,195,0,0,228,1,0,211,0,0,228,0,0,262,1,1
B0,second,202609230047,1,1,0,188,0,0,185,1,0,188,1,0,211,1,0,188,1,0,234,1,1
B0,second,202609230048,0,1,0,168,0,0,220,1,0,168,1,0,183,1,0,168,1,0,214,1,1
B0,second,202609230049,1,0,0,203,0,0,178,0,0,203,0,0,196,0,0,203,0,0,183,1,1
B0,second,202609230050,0,0,0,180,0,0,169,0,0,180,0,0,187,0,0,180,0,0,211,1,1
B0,second,202609230051,1,1,0,195,0,0,159,1,0,195,0,0,203,1,0,195,1,0,225,1,1
B0,second,202609230052,0,1,0,171,1,0,220,1,0,171,1,0,239,1,0,171,0,0,207,1,1
B0,second,202609230053,1,0,0,150,0,0,170,0,0,150,0,0,154,0,0,150,0,0,183,1,1
B0,second,202609230054,0,1,0,231,1,0,171,1,0,231,1,0,251,1,0,231,1,0,209,1,1
B0,second,202609230055,1,0,0,180,0,0,245,0,0,180,0,0,180,0,0,180,0,0,202,1,1
B0,second,202609230056,0,1,0,249,0,0,293,1,0,249,1,0,250,1,0,249,1,0,215,1,1
B0,second,202609230057,1,1,0,188,0,0,212,1,0,188,1,0,199,1,0,188,1,0,207,1,1
B0,second,202609230058,0,0,0,146,0,0,178,0,0,146,0,0,146,0,0,146,0,0,224,1,1
B0,second,202609230059,1,0,0,180,0,0,165,0,0,180,0,0,180,0,0,180,0,0,171,1,1
B0,second,202609230060,0,0,0,311,1,0,201,0,0,311,0,0,171,0,0,311,0,0,208,1,1
B0,second,202609230061,1,1,0,216,1,0,166,1,0,216,1,0,191,1,0,216,1,0,177,1,1
B0,second,202609230062,0,0,0,193,1,0,230,0,0,193,0,0,193,0,0,193,1,0,180,1,1
B0,second,202609230063,1,1,0,192,1,0,203,1,0,192,1,0,216,1,0,192,0,0,173,1,1
B0,second,202609230064,0,1,0,186,1,0,195,1,0,186,0,0,208,1,0,186,1,0,202,1,1
B0,second,202609230065,1,0,0,191,0,0,182,0,0,191,0,0,172,0,0,191,0,0,196,1,1
B0,second,202609230066,0,1,0,240,1,0,151,1,0,240,1,0,236,1,0,240,0,0,207,1,1
B0,second,202609230067,1,0,0,153,0,0,153,0,0,153,0,0,175,0,0,153,0,0,175,1,1
B0,second,202609230068,0,0,0,176,1,0,193,0,0,176,1,0,192,0,0,176,1,0,175,1,1
B0,second,202609230069,1,0,0,191,1,0,193,0,0,191,1,0,198,0,0,191,1,0,266,1,1
B0,second,202609230070,0,0,0,184,0,0,229,0,0,184,0,0,183,0,0,184,1,0,195,1,1
B0,second,202609230071,1,0,0,138,1,0,203,0,0,138,0,0,138,0,0,138,0,0,207,1,1
B0,second,202609230072,0,1,0,191,1,0,234,1,0,191,1,0,238,1,0,191,1,0,157,1,1
B0,second,202609230073,1,1,0,217,1,0,213,1,0,217,1,0,249,1,0,217,1,0,206,1,1
B0,second,202609230074,0,1,0,216,0,0,188,1,0,216,1,0,239,1,0,216,0,0,171,1,1
B0,second,202609230075,1,0,0,220,1,0,160,0,0,220,0,0,220,0,0,220,1,0,201,1,1
B0,second,202609230076,0,1,0,180,1,0,224,1,0,180,1,0,144,1,0,180,0,0,200,1,1
B0,second,202609230077,1,0,0,221,0,0,206,0,0,221,1,0,209,0,0,221,1,0,168,1,1
B0,second,202609230078,0,0,0,179,0,0,218,0,0,179,0,0,158,0,0,179,0,0,158,1,1
B0,second,202609230079,1,1,0,34,1,0,39,1,0,34,0,0,178,1,0,34,0,0,202,1,1
B0,second,202609230080,0,1,0,168,1,0,205,1,0,168,1,0,199,1,0,168,1,0,179,1,1
B0,second,202609230081,1,0,0,213,0,0,211,0,0,213,0,0,216,0,0,213,1,0,206,1,1
B0,second,202609230082,0,1,0,245,0,0,198,1,0,245,0,0,280,1,0,245,1,0,241,1,1
B0,second,202609230083,1,1,0,208,1,0,196,1,0,208,0,0,194,1,0,208,1,0,199,1,1
B0,second,202609230084,0,1,0,185,1,0,203,1,0,185,1,0,201,1,0,185,1,0,285,1,1
B0,second,202609230085,1,0,0,182,0,0,189,0,0,182,0,0,215,0,0,182,1,0,147,1,1
B0,second,202609230086,0,0,0,191,0,0,175,0,0,191,0,0,172,0,0,191,1,0,192,1,1
B0,second,202609230087,1,1,0,253,0,0,169,1,0,253,1,0,232,1,0,253,1,0,226,1,1
B0,second,202609230088,0,0,0,206,1,0,222,0,0,206,1,0,201,0,0,206,0,0,223,1,1
B0,second,202609230089,1,1,0,180,1,0,180,1,0,180,1,0,149,1,0,180,1,0,149,1,1
B0,second,202609230090,0,0,0,121,0,0,130,0,0,121,0,0,121,0,0,121,0,0,126,1,1
B0,second,202609230091,1,1,0,209,1,0,159,1,0,209,1,0,209,1,0,209,1,0,154,1,1
B0,second,202609230092,0,0,0,181,1,0,200,0,0,181,1,0,227,0,0,181,0,0,196,1,1
B0,second,202609230093,1,1,0,202,1,0,225,1,0,202,1,0,204,1,0,202,0,0,160,1,1
B0,second,202609230094,0,1,0,176,1,0,185,1,0,176,1,0,179,1,0,176,1,0,181,1,1
B0,second,202609230095,1,0,0,185,0,0,146,0,0,185,0,0,175,0,0,185,1,0,232,1,1
B0,second,202609230096,0,0,0,192,1,0,186,0,0,192,0,0,173,0,0,192,0,0,242,1,1
B0,second,202609230097,1,0,0,205,1,0,161,0,0,205,1,0,177,0,0,205,1,0,173,1,1
B0,second,202609230098,0,0,0,157,1,0,220,0,0,157,0,0,176,0,0,157,1,0,248,1,1
B0,second,202609230099,1,0,0,201,1,0,173,0,0,201,0,0,183,0,0,201,0,0,188,1,1
B0,second,202609230100,0,0,0,228,1,0,267,0,0,228,0,0,228,0,0,228,1,0,223,1,1
B0,second,202609230101,1,0,0,208,0,0,220,0,0,208,0,0,209,0,0,208,0,0,189,1,1
B0,second,202609230102,0,0,0,175,1,0,208,0,0,175,0,0,173,0,0,175,1,0,266,1,1
B0,second,202609230103,1,0,0,229,1,0,151,0,0,229,0,0,227,0,0,229,1,0,192,1,1
B0,second,202609230104,0,1,0,216,0,0,212,1,0,216,1,0,216,1,0,216,1,0,179,1,1
B0,second,202609230105,1,0,0,184,1,0,191,0,0,184,0,0,247,0,0,184,0,0,191,1,1
B0,second,202609230106,0,1,0,204,1,0,160,1,0,204,1,0,183,1,0,204,0,0,225,1,1
B0,second,202609230107,1,1,0,194,1,0,230,1,0,194,1,0,188,1,0,194,1,0,192,1,1
B0,second,202609230108,0,0,0,205,1,0,210,0,0,205,1,0,233,0,0,205,1,0,207,1,1
B0,second,202609230109,1,0,0,159,0,0,207,0,0,159,0,0,214,0,0,159,0,0,251,1,1
B0,second,202609230110,0,0,0,192,0,0,180,0,0,192,0,0,191,0,0,192,0,0,162,1,1
B0,second,202609230111,1,1,0,183,0,0,201,1,0,183,1,0,183,1,0,183,0,0,201,1,1
B0,second,202609230112,0,0,0,199,0,0,194,0,0,199,0,0,244,0,0,199,0,0,186,1,1
B0,second,202609230113,1,1,0,174,0,0,181,1,0,174,0,0,206,1,0,174,1,0,145,1,1
B0,second,202609230114,0,1,0,216,1,0,208,1,0,216,1,0,202,1,0,216,1,0,220,1,1
B0,second,202609230115,1,1,0,219,1,0,227,1,0,219,0,0,232,1,0,219,0,0,262,1,1
B0,second,202609230116,0,0,0,177,1,0,214,0,0,177,1,0,162,0,0,177,0,0,228,1,1
B0,second,202609230117,1,1,0,201,1,0,39,1,0,201,1,0,206,1,0,201,1,0,204,1,1
B0,second,202609230118,0,1,0,151,0,0,233,1,0,151,1,0,151,1,0,151,1,0,246,1,1
B0,second,202609230119,1,1,0,203,1,0,247,1,0,203,1,0,272,1,0,203,1,0,226,1,1
B0,second,202609230120,0,1,0,188,1,0,188,1,0,188,1,0,213,1,0,188,1,0,181,1,1
B0,second,202609230121,1,1,0,243,1,0,198,1,0,243,1,0,257,1,0,243,0,0,134,1,1
B0,second,202609230122,0,0,0,142,0,0,142,0,0,142,0,0,142,0,0,142,0,0,175,1,1
B0,second,202609230123,1,0,0,189,1,0,193,0,0,189,0,0,204,0,0,189,1,0,189,1,1
B0,second,202609230124,0,1,0,281,0,0,243,1,0,281,0,0,228,1,0,281,1,0,210,1,1
B0,second,202609230125,1,0,0,241,0,0,245,0,0,241,0,0,241,0,0,241,0,0,208,1,1
B0,second,202609230126,0,1,0,189,0,0,147,1,0,189,0,0,190,1,0,189,0,0,147,1,1
B0,second,202609230127,1,1,0,172,1,0,190,1,0,172,1,0,173,1,0,172,1,0,180,1,1
B0,second,202609230128,0,1,0,158,0,0,187,1,0,158,1,0,179,1,0,158,0,0,161,1,1
B0,second,202609230129,1,0,0,207,1,0,221,0,0,207,0,0,207,0,0,207,0,0,212,1,1
B0,second,202609230130,0,1,0,218,1,0,212,1,0,218,1,0,190,1,0,218,1,0,224,1,1
B0,second,202609230131,1,0,0,241,0,0,135,0,0,241,0,0,220,0,0,241,1,0,221,1,1
B0,second,202609230132,0,0,0,263,0,0,210,0,0,263,0,0,263,0,0,263,1,0,201,1,1
B0,second,202609230133,1,0,0,242,0,0,175,0,0,242,0,0,250,0,0,242,0,0,175,1,1
B0,second,202609230134,0,1,0,216,1,0,191,1,0,216,0,0,206,1,0,216,1,0,166,1,1
B0,second,202609230135,1,1,0,183,1,0,160,1,0,183,1,0,157,1,0,183,1,0,158,1,1
B0,second,202609230136,0,1,0,199,1,0,219,1,0,199,1,0,199,1,0,199,1,0,195,1,1
B0,second,202609230137,1,0,0,179,1,0,217,0,0,179,0,0,179,0,0,179,1,0,168,1,1
B0,second,202609230138,0,0,0,156,0,0,156,0,0,156,0,0,156,0,0,156,0,0,144,1,1
B0,second,202609230139,1,1,0,193,1,0,190,1,0,193,0,0,191,1,0,193,0,0,176,1,1
B0,second,202609230140,0,1,0,235,0,0,197,1,0,235,1,0,264,1,0,235,1,0,191,1,1
B0,second,202609230141,1,1,0,171,0,0,181,1,0,171,1,0,164,1,0,171,0,0,169,1,1
B0,second,202609230142,0,0,0,249,1,0,202,0,0,249,0,0,249,0,0,249,1,0,183,1,1
B0,second,202609230143,1,1,0,243,0,0,135,1,0,243,0,0,308,1,0,243,0,0,285,1,1
B0,second,202609230144,0,0,0,184,0,0,190,0,0,184,0,0,195,0,0,184,0,0,190,1,1
B0,second,202609230145,1,0,0,109,0,0,109,0,0,109,0,0,109,0,0,109,0,0,109,1,1
B0,second,202609230146,0,1,0,159,1,0,159,1,0,159,1,0,159,1,0,159,1,0,159,1,1
B0,second,202609230147,1,1,0,198,1,0,216,1,0,198,1,0,206,1,0,198,1,0,196,1,1
B0,second,202609230148,0,1,0,184,1,0,226,1,0,184,1,0,190,1,0,184,1,0,200,1,1
B0,second,202609230149,1,1,0,254,0,0,222,1,0,254,0,0,264,1,0,254,1,0,223,1,1
B0,second,202609230150,0,1,0,169,1,0,219,1,0,169,1,0,170,1,0,169,0,0,233,1,1
B0,second,202609230151,1,1,0,186,1,0,192,1,0,186,1,0,163,1,0,186,1,0,188,1,1
B0,second,202609230152,0,1,0,157,1,0,184,1,0,157,1,0,163,1,0,157,0,0,191,1,1
B0,second,202609230153,1,0,0,207,0,0,173,0,0,207,0,0,223,0,0,207,0,0,172,1,1
B0,second,202609230154,0,0,0,133,0,0,137,0,0,133,0,0,189,0,0,133,0,0,174,1,1
B0,second,202609230155,1,1,0,232,1,0,189,1,0,232,1,0,229,1,0,232,0,0,239,1,1
B0,second,202609230156,0,0,0,214,1,0,250,0,0,214,0,0,214,0,0,214,1,0,258,1,1
B0,second,202609230157,1,1,0,204,1,0,194,1,0,204,1,0,203,1,0,204,1,0,220,1,1
B0,second,202609230158,0,0,0,152,1,0,171,0,0,152,0,0,152,0,0,152,1,0,183,1,1
B0,second,202609230159,1,0,0,193,1,0,190,0,0,193,0,0,216,0,0,193,1,0,187,1,1
B0,second,202609230160,0,0,0,187,1,0,161,0,0,187,0,0,194,0,0,187,1,0,161,1,1
B0,second,202609230161,1,0,0,217,0,0,230,0,0,217,1,0,236,0,0,217,0,0,201,1,1
B0,second,202609230162,0,0,0,127,0,0,125,0,0,127,0,0,127,0,0,127,0,0,125,1,1
B0,second,202609230163,1,1,0,221,0,0,158,1,0,221,1,0,174,1,0,221,1,0,204,1,1
B0,second,202609230164,0,1,0,225,1,0,182,1,0,225,1,0,238,1,0,225,1,0,215,1,1
B0,second,202609230165,1,0,0,180,0,0,251,0,0,180,0,0,193,0,0,180,1,0,201,1,1
B0,second,202609230166,0,1,0,199,0,0,225,1,0,199,1,0,201,1,0,199,0,0,190,1,1
B0,second,202609230167,1,1,0,208,0,0,286,1,0,208,0,0,221,1,0,208,1,0,209,1,1
B0,second,202609230168,0,0,0,211,0,0,180,0,0,211,0,0,138,0,0,211,0,0,155,1,1
B0,second,202609230169,1,0,0,214,0,0,111,0,0,214,0,0,197,0,0,214,0,0,143,1,1
B0,second,202609230170,0,0,0,152,0,0,156,0,0,152,0,0,156,0,0,152,1,0,140,1,1
B0,second,202609230171,1,1,0,233,1,0,225,1,0,233,0,0,212,1,0,233,1,0,210,1,1
B0,second,202609230172,0,1,0,194,1,0,232,1,0,194,1,0,206,1,0,194,1,0,183,1,1
B0,second,202609230173,1,1,0,225,1,0,210,1,0,225,0,0,201,1,0,225,0,0,248,1,1
B0,second,202609230174,0,1,0,185,0,0,231,1,0,185,1,0,193,1,0,185,0,0,232,1,1
B0,second,202609230175,1,0,0,175,1,0,228,0,0,175,1,0,230,0,0,175,1,0,226,1,1
B0,second,202609230176,0,1,0,184,0,0,228,1,0,184,1,0,190,1,0,184,1,0,166,1,1
B0,second,202609230177,1,1,0,184,1,0,205,1,0,184,1,0,185,1,0,184,1,0,180,1,1
B0,second,202609230178,0,1,0,208,0,0,203,1,0,208,1,0,208,1,0,208,0,0,200,1,1
B0,second,202609230179,1,1,0,192,1,0,123,1,0,192,0,0,202,1,0,192,1,0,216,1,1
B0,second,202609230180,0,0,0,201,1,0,163,0,0,201,0,0,187,0,0,201,1,0,181,1,1
B0,second,202609230181,1,1,0,115,0,0,191,1,0,115,1,0,115,1,0,115,0,0,182,1,1
B0,second,202609230182,0,1,0,199,0,0,245,1,0,199,0,0,208,1,0,199,0,0,186,1,1
B0,second,202609230183,1,0,0,154,0,0,202,0,0,154,0,0,156,0,0,154,0,0,218,1,1
B0,second,202609230184,0,0,0,197,0,0,245,0,0,197,1,0,240,0,0,197,1,0,219,1,1
B0,second,202609230185,1,0,0,247,0,0,233,0,0,247,1,0,238,0,0,247,1,0,207,1,1
B0,second,202609230186,0,0,0,160,1,0,166,0,0,160,0,0,160,0,0,160,0,0,168,1,1
B0,second,202609230187,1,0,0,187,0,0,177,0,0,187,0,0,187,0,0,187,0,0,194,1,1
B0,second,202609230188,0,0,0,161,0,0,183,0,0,161,0,0,160,0,0,161,0,0,140,1,1
B0,second,202609230189,1,1,0,188,1,0,178,1,0,188,1,0,165,1,0,188,1,0,146,1,1
B0,second,202609230190,0,1,0,194,0,0,230,1,0,194,1,0,247,1,0,194,1,0,212,1,1
B0,second,202609230191,1,0,0,193,0,0,185,0,0,193,1,0,204,0,0,193,1,0,205,1,1
B0,second,202609230192,0,1,0,269,1,0,182,1,0,269,0,0,241,1,0,269,1,0,192,1,1
B0,second,202609230193,1,0,0,140,0,0,178,0,0,140,0,0,191,0,0,140,0,0,152,1,1
B0,second,202609230194,0,0,0,154,1,0,197,0,0,154,0,0,154,0,0,154,1,0,200,1,1
B0,second,202609230195,1,1,0,201,0,0,220,1,0,201,0,0,219,1,0,201,1,0,199,1,1
B0,second,202609230196,0,0,0,192,1,0,207,0,0,192,0,0,192,0,0,192,1,0,202,1,1
B0,second,202609230197,1,0,0,207,1,0,225,0,0,207,0,0,184,0,0,207,1,0,268,1,1
B0,second,202609230198,0,1,0,253,1,0,236,1,0,253,1,0,250,1,0,253,1,0,244,1,1
B0,second,202609230199,1,0,0,186,0,0,186,0,0,186,0,0,186,0,0,186,0,0,186,1,1
d842_runtime,first,202608231000,0,0,0,201,0,0,184,0,0,201,0,0,208,0,0,201,0,0,202,1,1
d842_runtime,first,202608231001,1,1,0,189,1,0,180,1,0,189,1,0,189,1,0,189,1,0,252,1,1
d842_runtime,first,202608231002,0,1,0,171,0,0,149,1,0,171,1,0,171,1,0,171,1,0,167,1,1
d842_runtime,first,202608231003,1,1,0,90,1,0,108,1,0,90,1,0,97,1,0,90,1,0,103,1,1
d842_runtime,first,202608231004,0,1,0,136,1,0,140,1,0,136,1,0,129,1,0,136,1,0,128,1,1
d842_runtime,first,202608231005,1,0,0,172,0,0,188,0,0,172,0,0,172,0,0,172,0,0,225,1,1
d842_runtime,first,202608231006,0,1,0,185,0,0,266,1,0,185,1,0,186,1,0,185,1,0,139,1,1
d842_runtime,first,202608231007,1,1,0,225,1,0,227,1,0,225,1,0,218,1,0,225,0,0,175,1,1
d842_runtime,first,202608231008,0,0,1,210,0,0,187,0,1,210,1,0,195,0,1,210,0,0,205,1,1
d842_runtime,first,202608231009,1,0,0,185,0,0,203,0,0,185,0,0,185,0,0,185,1,0,231,1,1
d842_runtime,first,202608231010,0,1,0,178,1,0,181,1,0,178,1,0,186,1,0,178,1,0,156,1,1
d842_runtime,first,202608231011,1,1,0,189,0,0,213,1,0,189,1,0,185,1,0,189,1,0,162,1,1
d842_runtime,first,202608231012,0,0,0,186,1,0,196,0,0,186,0,0,183,0,0,186,1,0,201,1,1
d842_runtime,first,202608231013,1,0,0,203,0,0,196,0,0,203,0,0,228,0,0,203,1,0,204,1,1
d842_runtime,first,202608231014,0,0,0,171,1,0,217,0,0,171,0,0,171,0,0,171,0,0,203,1,1
d842_runtime,first,202608231015,1,1,0,245,0,0,174,1,0,245,0,0,189,1,0,245,1,0,198,1,1
d842_runtime,first,202608231016,0,1,0,218,1,0,217,1,0,218,1,0,218,1,0,218,1,0,158,1,1
d842_runtime,first,202608231017,1,0,0,182,0,0,140,0,0,182,1,0,204,0,0,182,0,0,140,1,1
d842_runtime,first,202608231018,0,1,0,202,1,0,209,1,0,202,1,0,239,1,0,202,0,0,239,1,1
d842_runtime,first,202608231019,1,1,0,187,1,0,162,1,0,187,1,0,191,1,0,187,1,0,203,1,1
d842_runtime,first,202608231020,0,0,0,177,1,0,221,0,0,177,1,0,257,0,0,177,0,0,159,1,1
d842_runtime,first,202608231021,1,1,0,186,0,0,201,1,0,186,0,0,209,1,0,186,1,0,237,1,1
d842_runtime,first,202608231022,0,0,0,195,1,0,206,0,0,195,0,0,164,0,0,195,0,0,189,1,1
d842_runtime,first,202608231023,1,1,0,193,0,0,214,1,0,193,1,0,199,1,0,193,0,0,231,1,1
d842_runtime,first,202608231024,0,1,0,198,1,0,219,1,0,198,1,0,199,1,0,198,0,0,214,1,1
d842_runtime,first,202608231025,1,1,0,181,1,0,162,1,0,181,1,0,184,1,0,181,1,0,165,1,1
d842_runtime,first,202608231026,0,1,0,188,1,0,177,1,0,188,1,0,189,1,0,188,1,0,160,1,1
d842_runtime,first,202608231027,1,0,0,189,0,0,195,0,0,189,0,0,174,0,0,189,1,0,183,1,1
d842_runtime,first,202608231028,0,1,0,235,0,0,182,1,0,235,1,0,235,1,0,235,1,0,216,1,1
d842_runtime,first,202608231029,1,1,0,162,1,0,165,1,0,162,1,0,162,1,0,162,1,0,197,1,1
d842_runtime,first,202608231030,0,1,0,292,0,0,217,1,0,292,1,0,267,1,0,292,0,0,214,1,1
d842_runtime,first,202608231031,1,0,0,219,1,0,215,0,0,219,1,0,277,0,0,219,1,0,194,1,1
d842_runtime,first,202608231032,0,0,0,176,1,0,182,0,0,176,0,0,186,0,0,176,0,0,166,1,1
d842_runtime,first,202608231033,1,1,0,240,0,0,232,1,0,240,0,0,204,1,0,240,1,0,202,1,1
d842_runtime,first,202608231034,0,1,0,197,1,0,226,1,0,197,1,0,203,1,0,197,1,0,227,1,1
d842_runtime,first,202608231035,1,1,0,196,1,0,207,1,0,196,1,0,196,1,0,196,0,0,204,1,1
d842_runtime,first,202608231036,0,0,0,232,0,0,172,0,0,232,0,0,250,0,0,232,0,0,208,1,1
d842_runtime,first,202608231037,1,1,0,194,0,0,188,1,0,194,0,0,234,1,0,194,1,0,179,1,1
d842_runtime,first,202608231038,0,1,0,158,0,0,173,1,0,158,0,0,191,1,0,158,1,0,172,1,1
d842_runtime,first,202608231039,1,1,0,165,1,0,169,1,0,165,1,0,185,1,0,165,1,0,188,1,1
d842_runtime,first,202608231040,0,0,0,152,0,0,189,0,0,152,0,0,178,0,0,152,0,0,212,1,1
d842_runtime,first,202608231041,1,0,0,188,1,0,182,0,0,188,0,0,217,0,0,188,1,0,178,1,1
d842_runtime,first,202608231042,0,1,0,187,0,0,187,1,0,187,1,0,187,1,0,187,1,0,191,1,1
d842_runtime,first,202608231043,1,0,0,165,0,0,177,0,0,165,1,0,184,0,0,165,1,0,169,1,1
d842_runtime,first,202608231044,0,1,0,175,1,0,169,1,0,175,1,0,175,1,0,175,1,0,192,1,1
d842_runtime,first,202608231045,1,1,0,173,1,0,224,1,0,173,1,0,173,1,0,173,0,0,213,1,1
d842_runtime,first,202608231046,0,0,0,172,1,0,230,0,0,172,0,0,187,0,0,172,0,0,187,1,1
d842_runtime,first,202608231047,1,0,0,209,1,0,205,0,0,209,0,0,184,0,0,209,1,0,190,1,1
d842_runtime,first,202608231048,0,0,0,193,0,0,157,0,0,193,0,0,198,0,0,193,0,0,184,1,1
d842_runtime,first,202608231049,1,1,0,196,1,0,166,1,0,196,1,0,212,1,0,196,1,0,160,1,1
d842_runtime,first,202608231050,0,1,0,265,1,0,205,1,0,265,1,0,261,1,0,265,1,0,245,1,1
d842_runtime,first,202608231051,1,1,0,174,1,0,198,1,0,174,1,0,173,1,0,174,0,0,177,1,1
d842_runtime,first,202608231052,0,0,0,188,0,0,199,0,0,188,0,0,217,0,0,188,0,0,184,1,1
d842_runtime,first,202608231053,1,0,0,178,0,0,151,0,0,178,0,0,194,0,0,178,0,0,163,1,1
d842_runtime,first,202608231054,0,0,0,216,1,0,198,0,0,216,0,0,191,0,0,216,1,0,176,1,1
d842_runtime,first,202608231055,1,0,0,186,0,0,250,0,0,186,1,0,141,0,0,186,1,0,141,1,1
d842_runtime,first,202608231056,0,0,0,214,1,0,194,0,0,214,1,0,176,0,0,214,0,0,200,1,1
d842_runtime,first,202608231057,1,0,0,169,1,0,135,0,0,169,1,0,181,0,0,169,1,0,180,1,1
d842_runtime,first,202608231058,0,0,0,154,0,0,169,0,0,154,0,0,149,0,0,154,1,0,210,1,1
d842_runtime,first,202608231059,1,1,0,140,1,0,163,1,0,140,1,0,180,1,0,140,1,0,163,1,1
d842_runtime,first,202608231060,0,0,0,135,0,0,236,0,0,135,0,0,135,0,0,135,0,0,230,1,1
d842_runtime,first,202608231061,1,0,0,209,0,0,168,0,0,209,0,0,305,0,0,209,1,0,222,1,1
d842_runtime,first,202608231062,0,0,0,219,0,0,177,0,0,219,1,0,200,0,0,219,0,0,178,1,1
d842_runtime,first,202608231063,1,1,0,187,1,0,194,1,0,187,0,0,211,1,0,187,0,0,211,1,1
d842_runtime,first,202608231064,0,1,0,171,1,0,242,1,0,171,1,0,179,1,0,171,1,0,183,1,1
d842_runtime,first,202608231065,1,0,0,206,1,0,174,0,0,206,0,0,205,0,0,206,1,0,195,1,1
d842_runtime,first,202608231066,0,0,0,172,0,0,191,0,0,172,0,0,190,0,0,172,1,0,174,1,1
d842_runtime,first,202608231067,1,1,0,190,1,0,218,1,0,190,1,0,196,1,0,190,1,0,215,1,1
d842_runtime,first,202608231068,0,1,0,200,0,0,211,1,0,200,1,0,185,1,0,200,1,0,148,1,1
d842_runtime,first,202608231069,1,0,0,183,0,0,175,0,0,183,0,0,155,0,0,183,1,0,219,1,1
d842_runtime,first,202608231070,0,1,0,231,1,0,197,1,0,231,1,0,167,1,0,231,1,0,164,1,1
d842_runtime,first,202608231071,1,1,0,187,1,0,183,1,0,187,1,0,166,1,0,187,1,0,177,1,1
d842_runtime,first,202608231072,0,0,0,192,0,0,192,0,0,192,0,0,298,0,0,192,0,0,291,1,1
d842_runtime,first,202608231073,1,0,0,225,1,0,226,0,0,225,1,0,305,0,0,225,0,0,235,1,1
d842_runtime,first,202608231074,0,1,0,180,0,0,152,1,0,180,1,0,180,1,0,180,1,0,175,1,1
d842_runtime,first,202608231075,1,0,0,186,1,0,219,0,0,186,1,0,194,0,0,186,0,0,195,1,1
d842_runtime,first,202608231076,0,1,0,214,1,0,187,1,0,214,1,0,191,1,0,214,1,0,152,1,1
d842_runtime,first,202608231077,1,1,0,199,1,0,166,1,0,199,1,0,179,1,0,199,0,0,198,1,1
d842_runtime,first,202608231078,0,0,0,213,0,0,195,0,0,213,0,0,199,0,0,213,0,0,189,1,1
d842_runtime,first,202608231079,1,1,0,170,0,0,191,1,0,170,1,0,180,1,0,170,1,0,250,1,1
d842_runtime,first,202608231080,0,0,0,199,0,0,228,0,0,199,0,0,234,0,0,199,0,0,213,1,1
d842_runtime,first,202608231081,1,1,0,175,1,0,152,1,0,175,0,0,198,1,0,175,1,0,187,1,1
d842_runtime,first,202608231082,0,1,0,167,1,0,140,1,0,167,1,0,179,1,0,167,0,0,203,1,1
d842_runtime,first,202608231083,1,1,0,223,0,0,192,1,0,223,1,0,191,1,0,223,0,0,191,1,1
d842_runtime,first,202608231084,0,0,0,213,1,0,169,0,0,213,0,0,252,0,0,213,1,0,165,1,1
d842_runtime,first,202608231085,1,1,0,200,0,0,197,1,0,200,1,0,197,1,0,200,0,0,160,1,1
d842_runtime,first,202608231086,0,1,0,171,1,0,171,1,0,171,1,0,140,1,0,171,1,0,168,1,1
d842_runtime,first,202608231087,1,0,0,193,0,0,195,0,0,193,0,0,200,0,0,193,0,0,198,1,1
d842_runtime,first,202608231088,0,0,0,220,0,0,213,0,0,220,0,0,220,0,0,220,1,0,227,1,1
d842_runtime,first,202608231089,1,0,0,180,1,0,172,0,0,180,0,0,195,0,0,180,0,0,238,1,1
d842_runtime,first,202608231090,0,1,0,184,0,0,154,1,0,184,0,0,197,1,0,184,0,0,168,1,1
d842_runtime,first,202608231091,1,1,0,204,0,0,214,1,0,204,1,0,201,1,0,204,0,0,217,1,1
d842_runtime,first,202608231092,0,0,0,179,0,0,206,0,0,179,0,0,195,0,0,179,0,0,190,1,1
d842_runtime,first,202608231093,1,0,0,217,0,0,149,0,0,217,1,0,181,0,0,217,0,0,219,1,1
d842_runtime,first,202608231094,0,1,0,198,1,0,167,1,0,198,1,0,182,1,0,198,1,0,158,1,1
d842_runtime,first,202608231095,1,1,0,154,1,0,164,1,0,154,1,0,175,1,0,154,0,0,168,1,1
d842_runtime,first,202608231096,0,0,0,218,0,0,166,0,0,218,0,0,192,0,0,218,1,0,204,1,1
d842_runtime,first,202608231097,1,1,0,159,0,0,179,1,0,159,1,0,160,1,0,159,1,0,216,1,1
d842_runtime,first,202608231098,0,0,0,204,0,0,162,0,0,204,0,0,222,0,0,204,0,0,210,1,1
d842_runtime,first,202608231099,1,1,0,174,1,0,201,1,0,174,1,0,160,1,0,174,1,0,168,1,1
d842_runtime,first,202608231100,0,1,0,153,1,0,167,1,0,153,1,0,153,1,0,153,1,0,241,1,1
d842_runtime,first,202608231101,1,1,0,136,1,0,126,1,0,136,1,0,129,1,0,136,1,0,120,1,1
d842_runtime,first,202608231102,0,1,0,241,1,0,220,1,0,241,1,0,243,1,0,241,1,0,256,1,1
d842_runtime,first,202608231103,1,1,0,226,0,0,193,1,0,226,0,0,216,1,0,226,1,0,158,1,1
d842_runtime,first,202608231104,0,1,0,176,1,0,142,1,0,176,1,0,214,1,0,176,1,0,165,1,1
d842_runtime,first,202608231105,1,1,0,206,1,0,240,1,0,206,1,0,244,1,0,206,1,0,204,1,1
d842_runtime,first,202608231106,0,1,0,196,0,0,197,1,0,196,1,0,196,1,0,196,1,0,189,1,1
d842_runtime,first,202608231107,1,1,0,192,1,0,168,1,0,192,1,0,220,1,0,192,0,0,213,1,1
d842_runtime,first,202608231108,0,0,0,195,0,0,198,0,0,195,0,0,199,0,0,195,0,0,202,1,1
d842_runtime,first,202608231109,1,0,0,180,0,0,180,0,0,180,0,0,180,0,0,180,0,0,180,1,1
d842_runtime,first,202608231110,0,1,0,185,1,0,182,1,0,185,1,0,240,1,0,185,0,0,250,1,1
d842_runtime,first,202608231111,1,1,0,217,1,0,223,1,0,217,1,0,225,1,0,217,1,0,242,1,1
d842_runtime,first,202608231112,0,0,0,182,1,0,172,0,0,182,0,0,182,0,0,182,1,0,234,1,1
d842_runtime,first,202608231113,1,1,0,250,1,0,223,1,0,250,0,0,229,1,0,250,1,0,178,1,1
d842_runtime,first,202608231114,0,1,0,213,0,0,271,1,0,213,0,0,237,1,0,213,1,0,174,1,1
d842_runtime,first,202608231115,1,0,0,204,0,0,181,0,0,204,0,0,170,0,0,204,0,0,185,1,1
d842_runtime,first,202608231116,0,0,0,239,1,0,203,0,0,239,0,0,224,0,0,239,1,0,165,1,1
d842_runtime,first,202608231117,1,1,0,222,1,0,220,1,0,222,1,0,222,1,0,222,0,0,205,1,1
d842_runtime,first,202608231118,0,0,0,161,0,0,205,0,0,161,0,0,174,0,0,161,1,0,153,1,1
d842_runtime,first,202608231119,1,0,0,184,1,0,161,0,0,184,0,0,184,0,0,184,1,0,182,1,1
d842_runtime,first,202608231120,0,1,0,212,1,0,194,1,0,212,1,0,168,1,0,212,1,0,186,1,1
d842_runtime,first,202608231121,1,0,0,204,0,0,210,0,0,204,0,0,243,0,0,204,0,0,201,1,1
d842_runtime,first,202608231122,0,0,0,193,1,0,207,0,0,193,0,0,193,0,0,193,1,0,194,1,1
d842_runtime,first,202608231123,1,1,0,213,1,0,131,1,0,213,1,0,213,1,0,213,1,0,131,1,1
d842_runtime,first,202608231124,0,1,0,213,0,0,182,1,0,213,1,0,217,1,0,213,1,0,234,1,1
d842_runtime,first,202608231125,1,1,0,155,1,0,197,1,0,155,1,0,154,1,0,155,0,0,171,1,1
d842_runtime,first,202608231126,0,1,0,168,1,0,184,1,0,168,1,0,176,1,0,168,0,0,230,1,1
d842_runtime,first,202608231127,1,1,0,155,1,0,178,1,0,155,1,0,162,1,0,155,0,0,207,1,1
d842_runtime,first,202608231128,0,0,0,167,1,0,185,0,0,167,1,0,197,0,0,167,1,0,205,1,1
d842_runtime,first,202608231129,1,0,0,222,1,0,233,0,0,222,0,0,234,0,0,222,1,0,145,1,1
d842_runtime,first,202608231130,0,0,0,185,1,0,169,0,0,185,0,0,211,0,0,185,0,0,168,1,1
d842_runtime,first,202608231131,1,1,0,182,1,0,232,1,0,182,1,0,182,1,0,182,1,0,165,1,1
d842_runtime,first,202608231132,0,0,0,182,1,0,186,0,0,182,1,0,195,0,0,182,1,0,166,1,1
d842_runtime,first,202608231133,1,1,0,189,0,0,188,1,0,189,1,0,209,1,0,189,1,0,303,1,1
d842_runtime,first,202608231134,0,1,0,192,1,0,221,1,0,192,1,0,190,1,0,192,1,0,189,1,1
d842_runtime,first,202608231135,1,0,0,197,0,0,248,0,0,197,0,0,188,0,0,197,0,0,160,1,1
d842_runtime,first,202608231136,0,1,0,135,0,0,168,1,0,135,1,0,137,1,0,135,0,0,185,1,1
d842_runtime,first,202608231137,1,1,0,212,0,0,217,1,0,212,1,0,239,1,0,212,0,0,214,1,1
d842_runtime,first,202608231138,0,1,0,199,0,0,184,1,0,199,1,0,197,1,0,199,0,0,208,1,1
d842_runtime,first,202608231139,1,1,0,151,1,0,200,1,0,151,1,0,157,1,0,151,0,0,183,1,1
d842_runtime,first,202608231140,0,1,0,149,1,0,163,1,0,149,1,0,166,1,0,149,1,0,179,1,1
d842_runtime,first,202608231141,1,1,0,226,1,0,194,1,0,226,1,0,210,1,0,226,1,0,200,1,1
d842_runtime,first,202608231142,0,1,0,168,0,0,227,1,0,168,1,0,186,1,0,168,1,0,232,1,1
d842_runtime,first,202608231143,1,1,0,220,1,0,269,1,0,220,0,0,225,1,0,220,1,0,208,1,1
d842_runtime,first,202608231144,0,0,0,192,1,0,201,0,0,192,1,0,218,0,0,192,1,0,215,1,1
d842_runtime,first,202608231145,1,0,0,174,1,0,196,0,0,174,0,0,174,0,0,174,0,0,167,1,1
d842_runtime,first,202608231146,0,0,0,200,0,0,180,0,0,200,1,0,206,0,0,200,0,0,228,1,1
d842_runtime,first,202608231147,1,1,0,200,1,0,211,1,0,200,0,0,236,1,0,200,1,0,205,1,1
d842_runtime,first,202608231148,0,1,0,181,1,0,158,1,0,181,1,0,168,1,0,181,1,0,174,1,1
d842_runtime,first,202608231149,1,0,0,225,0,0,164,0,0,225,1,0,215,0,0,225,1,0,230,1,1
d842_runtime,first,202608231150,0,0,0,202,0,0,209,0,0,202,1,0,173,0,0,202,1,0,198,1,1
d842_runtime,first,202608231151,1,0,0,237,1,0,189,0,0,237,1,0,227,0,0,237,1,0,203,1,1
d842_runtime,first,202608231152,0,0,0,149,0,0,230,0,0,149,0,0,169,0,0,149,0,0,142,1,1
d842_runtime,first,202608231153,1,0,0,233,1,0,122,0,0,233,1,0,219,0,0,233,1,0,162,1,1
d842_runtime,first,202608231154,0,0,0,175,0,0,206,0,0,175,0,0,219,0,0,175,0,0,204,1,1
d842_runtime,first,202608231155,1,1,0,194,1,0,178,1,0,194,1,0,190,1,0,194,0,0,172,1,1
d842_runtime,first,202608231156,0,0,0,238,1,0,193,0,0,238,0,0,287,0,0,238,0,0,224,1,1
d842_runtime,first,202608231157,1,1,0,188,1,0,216,1,0,188,1,0,200,1,0,188,1,0,183,1,1
d842_runtime,first,202608231158,0,0,0,200,1,0,171,0,0,200,0,0,200,0,0,200,1,0,203,1,1
d842_runtime,first,202608231159,1,1,0,184,0,0,208,1,0,184,1,0,159,1,0,184,1,0,194,1,1
d842_runtime,first,202608231160,0,0,0,191,1,0,217,0,0,191,0,0,189,0,0,191,1,0,201,1,1
d842_runtime,first,202608231161,1,0,0,191,0,0,195,0,0,191,1,0,224,0,0,191,1,0,227,1,1
d842_runtime,first,202608231162,0,0,0,131,0,0,166,0,0,131,0,0,131,0,0,131,0,0,133,1,1
d842_runtime,first,202608231163,1,1,0,234,1,0,211,1,0,234,1,0,247,1,0,234,1,0,168,1,1
d842_runtime,first,202608231164,0,1,0,213,0,0,187,1,0,213,1,0,213,1,0,213,0,0,184,1,1
d842_runtime,first,202608231165,1,1,0,185,1,0,207,1,0,185,1,0,241,1,0,185,1,0,216,1,1
d842_runtime,first,202608231166,0,1,0,160,1,0,199,1,0,160,1,0,160,1,0,160,1,0,202,1,1
d842_runtime,first,202608231167,1,1,0,187,1,0,206,1,0,187,1,0,200,1,0,187,1,0,194,1,1
d842_runtime,first,202608231168,0,0,0,273,1,0,239,0,0,273,1,0,254,0,0,273,1,0,210,1,1
d842_runtime,first,202608231169,1,1,0,221,1,0,199,1,0,221,1,0,199,1,0,221,1,0,202,1,1
d842_runtime,first,202608231170,0,0,0,254,1,0,204,0,0,254,1,0,222,0,0,254,1,0,193,1,1
d842_runtime,first,202608231171,1,0,0,225,0,0,236,0,0,225,0,0,186,0,0,225,1,0,231,1,1
d842_runtime,first,202608231172,0,0,0,224,1,0,199,0,0,224,0,0,204,0,0,224,1,0,173,1,1
d842_runtime,first,202608231173,1,1,0,189,1,0,140,1,0,189,1,0,185,1,0,189,1,0,185,1,1
d842_runtime,first,202608231174,0,0,0,215,0,0,197,0,0,215,1,0,198,0,0,215,1,0,192,1,1
d842_runtime,first,202608231175,1,1,0,199,1,0,188,1,0,199,1,0,216,1,0,199,0,0,210,1,1
d842_runtime,first,202608231176,0,0,0,201,1,0,195,0,0,201,1,0,218,0,0,201,1,0,245,1,1
d842_runtime,first,202608231177,1,1,0,202,1,0,190,1,0,202,1,0,217,1,0,202,0,0,218,1,1
d842_runtime,first,202608231178,0,0,0,202,0,0,213,0,0,202,0,0,220,0,0,202,1,0,211,1,1
d842_runtime,first,202608231179,1,1,0,143,1,0,159,1,0,143,1,0,143,1,0,143,1,0,122,1,1
d842_runtime,first,202608231180,0,0,0,198,0,0,201,0,0,198,0,0,220,0,0,198,0,0,187,1,1
d842_runtime,first,202608231181,1,1,0,149,1,0,189,1,0,149,1,0,149,1,0,149,1,0,198,1,1
d842_runtime,first,202608231182,0,1,0,189,1,0,171,1,0,189,1,0,203,1,0,189,0,0,223,1,1
d842_runtime,first,202608231183,1,0,0,196,1,0,196,0,0,196,0,0,203,0,0,196,1,0,222,1,1
d842_runtime,first,202608231184,0,1,0,184,1,0,197,1,0,184,0,0,192,1,0,184,1,0,204,1,1
d842_runtime,first,202608231185,1,0,0,190,1,0,179,0,0,190,0,0,211,0,0,190,1,0,170,1,1
d842_runtime,first,202608231186,0,1,0,178,1,0,182,1,0,178,0,0,190,1,0,178,1,0,174,1,1
d842_runtime,first,202608231187,1,1,0,174,1,0,202,1,0,174,1,0,209,1,0,174,1,0,188,1,1
d842_runtime,first,202608231188,0,1,0,151,0,0,233,1,0,151,1,0,179,1,0,151,1,0,184,1,1
d842_runtime,first,202608231189,1,0,0,193,0,0,212,0,0,193,0,0,199,0,0,193,0,0,226,1,1
d842_runtime,first,202608231190,0,1,0,169,1,0,201,1,0,169,0,0,197,1,0,169,0,0,191,1,1
d842_runtime,first,202608231191,1,0,0,218,0,0,183,0,0,218,0,0,218,0,0,218,0,0,201,1,1
d842_runtime,first,202608231192,0,0,0,173,1,0,209,0,0,173,0,0,186,0,0,173,0,0,161,1,1
d842_runtime,first,202608231193,1,1,0,208,1,0,196,1,0,208,1,0,240,1,0,208,1,0,198,1,1
d842_runtime,first,202608231194,0,1,0,184,0,0,170,1,0,184,1,0,184,1,0,184,1,0,173,1,1
d842_runtime,first,202608231195,1,0,0,163,0,0,167,0,0,163,0,0,163,0,0,163,1,0,251,1,1
d842_runtime,first,202608231196,0,0,0,258,1,0,152,0,0,258,1,0,211,0,0,258,1,0,232,1,1
d842_runtime,first,202608231197,1,0,0,191,1,0,175,0,0,191,0,0,222,0,0,191,1,0,262,1,1
d842_runtime,first,202608231198,0,1,0,196,1,0,160,1,0,196,0,0,198,1,0,196,0,0,199,1,1
d842_runtime,first,202608231199,1,0,0,256,0,0,216,0,0,256,0,0,191,0,0,256,0,0,207,1,1
d842_runtime,second,202609231000,0,0,0,192,1,0,190,0,0,192,0,0,192,0,0,192,0,0,150,1,1
d842_runtime,second,202609231001,1,1,0,192,1,0,182,1,0,192,1,0,171,1,0,192,0,0,170,1,1
d842_runtime,second,202609231002,0,0,0,239,0,0,193,0,0,239,1,0,237,0,0,239,1,0,217,1,1
d842_runtime,second,202609231003,1,1,0,217,0,0,202,1,0,217,0,0,225,1,0,217,1,0,200,1,1
d842_runtime,second,202609231004,0,0,0,111,1,0,192,0,0,111,0,0,211,0,0,111,1,0,188,1,1
d842_runtime,second,202609231005,1,1,0,227,0,0,185,1,0,227,1,0,218,1,0,227,0,0,254,1,1
d842_runtime,second,202609231006,0,1,0,164,0,0,200,1,0,164,0,0,177,1,0,164,1,0,135,1,1
d842_runtime,second,202609231007,1,0,0,200,0,0,187,0,0,200,0,0,187,0,0,200,0,0,239,1,1
d842_runtime,second,202609231008,0,1,0,202,0,0,253,1,0,202,1,0,180,1,0,202,0,0,178,1,1
d842_runtime,second,202609231009,1,1,0,195,0,0,219,1,0,195,1,0,203,1,0,195,0,0,240,1,1
d842_runtime,second,202609231010,0,0,0,202,1,0,192,0,0,202,0,0,217,0,0,202,1,0,195,1,1
d842_runtime,second,202609231011,1,1,0,192,1,0,166,1,0,192,0,0,212,1,0,192,1,0,216,1,1
d842_runtime,second,202609231012,0,1,0,220,0,0,210,1,0,220,0,0,226,1,0,220,0,0,186,1,1
d842_runtime,second,202609231013,1,0,0,227,0,0,227,0,0,227,0,0,227,0,0,227,1,0,180,1,1
d842_runtime,second,202609231014,0,1,0,198,1,0,164,1,0,198,1,0,175,1,0,198,1,0,174,1,1
d842_runtime,second,202609231015,1,1,0,194,1,0,207,1,0,194,0,0,232,1,0,194,1,0,192,1,1
d842_runtime,second,202609231016,0,1,0,202,0,0,301,1,0,202,1,0,190,1,0,202,1,0,232,1,1
d842_runtime,second,202609231017,1,0,0,237,0,0,216,0,0,237,0,0,164,0,0,237,1,0,190,1,1
d842_runtime,second,202609231018,0,1,0,100,1,0,230,1,0,100,1,0,93,1,0,100,0,0,210,1,1
d842_runtime,second,202609231019,1,0,0,233,0,0,199,0,0,233,0,0,233,0,0,233,0,0,176,1,1
d842_runtime,second,202609231020,0,1,0,174,0,0,256,1,0,174,1,0,201,1,0,174,1,0,204,1,1
d842_runtime,second,202609231021,1,1,0,202,0,0,189,1,0,202,1,0,200,1,0,202,0,0,181,1,1
d842_runtime,second,202609231022,0,0,0,241,0,0,289,0,0,241,0,0,242,0,0,241,0,0,241,1,1
d842_runtime,second,202609231023,1,1,0,224,1,0,280,1,0,224,0,0,258,1,0,224,0,0,272,1,1
d842_runtime,second,202609231024,0,1,0,195,0,0,174,1,0,195,0,0,170,1,0,195,0,0,176,1,1
d842_runtime,second,202609231025,1,1,0,182,1,0,173,1,0,182,1,0,182,1,0,182,1,0,171,1,1
d842_runtime,second,202609231026,0,1,0,151,0,0,200,1,0,151,1,0,151,1,0,151,0,0,207,1,1
d842_runtime,second,202609231027,1,1,0,190,1,0,172,1,0,190,0,0,249,1,0,190,0,0,191,1,1
d842_runtime,second,202609231028,0,1,0,143,1,0,145,1,0,143,1,0,143,1,0,143,1,0,140,1,1
d842_runtime,second,202609231029,1,0,0,182,0,0,167,0,0,182,1,0,251,0,0,182,1,0,215,1,1
d842_runtime,second,202609231030,0,0,0,164,0,0,164,0,0,164,0,0,162,0,0,164,1,0,241,1,1
d842_runtime,second,202609231031,1,1,0,164,0,0,187,1,0,164,1,0,197,1,0,164,0,0,240,1,1
d842_runtime,second,202609231032,0,1,0,189,0,0,198,1,0,189,1,0,189,1,0,189,1,0,184,1,1
d842_runtime,second,202609231033,1,1,0,155,1,0,148,1,0,155,1,0,153,1,0,155,1,0,133,1,1
d842_runtime,second,202609231034,0,0,0,184,0,0,192,0,0,184,0,0,187,0,0,184,0,0,199,1,1
d842_runtime,second,202609231035,1,1,0,166,0,0,177,1,0,166,1,0,166,1,0,166,1,0,186,1,1
d842_runtime,second,202609231036,0,0,0,225,0,0,182,0,0,225,0,0,181,0,0,225,1,0,212,1,1
d842_runtime,second,202609231037,1,0,0,229,1,0,151,0,0,229,0,0,220,0,0,229,0,0,166,1,1
d842_runtime,second,202609231038,0,1,0,196,1,0,202,1,0,196,1,0,196,1,0,196,1,0,238,1,1
d842_runtime,second,202609231039,1,1,0,204,0,1,228,1,0,204,1,0,191,1,0,204,1,0,163,1,1
d842_runtime,second,202609231040,0,1,0,170,0,0,162,1,0,170,1,0,172,1,0,170,1,0,180,1,1
d842_runtime,second,202609231041,1,0,0,185,1,0,157,0,0,185,0,0,185,0,0,185,0,0,175,1,1
d842_runtime,second,202609231042,0,0,0,205,1,0,256,0,0,205,0,0,227,0,0,205,1,0,147,1,1
d842_runtime,second,202609231043,1,0,0,179,0,0,214,0,0,179,1,0,214,0,0,179,1,0,205,1,1
d842_runtime,second,202609231044,0,0,0,193,1,0,152,0,0,193,0,0,168,0,0,193,0,0,162,1,1
d842_runtime,second,202609231045,1,1,0,187,1,0,194,1,0,187,1,0,187,1,0,187,0,0,213,1,1
d842_runtime,second,202609231046,0,1,0,184,0,0,208,1,0,184,1,0,184,1,0,184,0,0,208,1,1
d842_runtime,second,202609231047,1,1,0,185,1,0,207,1,0,185,1,0,174,1,0,185,0,0,237,1,1
d842_runtime,second,202609231048,0,1,0,223,0,0,180,1,0,223,1,0,186,1,0,223,1,0,214,1,1
d842_runtime,second,202609231049,1,1,0,231,1,0,216,1,0,231,1,0,252,1,0,231,1,0,251,1,1
d842_runtime,second,202609231050,0,1,0,186,1,0,207,1,0,186,1,0,229,1,0,186,0,0,232,1,1
d842_runtime,second,202609231051,1,0,0,152,0,0,191,0,0,152,0,0,152,0,0,152,0,0,187,1,1
d842_runtime,second,202609231052,0,0,0,133,1,0,193,0,0,133,0,0,133,0,0,133,1,0,218,1,1
d842_runtime,second,202609231053,1,0,0,168,0,0,173,0,0,168,0,0,195,0,0,168,0,0,142,1,1
d842_runtime,second,202609231054,0,0,0,205,1,0,221,0,0,205,0,0,149,0,0,205,1,0,183,1,1
d842_runtime,second,202609231055,1,1,0,186,1,0,200,1,0,186,1,0,186,1,0,186,0,0,211,1,1
d842_runtime,second,202609231056,0,1,0,222,0,0,154,1,0,222,1,0,221,1,0,222,1,0,178,1,1
d842_runtime,second,202609231057,1,0,0,189,1,0,216,0,0,189,1,0,187,0,0,189,1,0,232,1,1
d842_runtime,second,202609231058,0,0,0,224,0,0,202,0,0,224,0,0,224,0,0,224,0,0,193,1,1
d842_runtime,second,202609231059,1,0,0,223,0,0,190,0,0,223,0,0,265,0,0,223,1,0,191,1,1
d842_runtime,second,202609231060,0,0,0,191,0,0,189,0,0,191,0,0,178,0,0,191,0,0,181,1,1
d842_runtime,second,202609231061,1,1,0,224,0,0,208,1,0,224,0,0,222,1,0,224,0,0,227,1,1
d842_runtime,second,202609231062,0,0,0,191,1,0,204,0,0,191,0,0,189,0,0,191,0,0,218,1,1
d842_runtime,second,202609231063,1,1,0,192,1,0,192,1,0,192,0,0,251,1,0,192,1,0,162,1,1
d842_runtime,second,202609231064,0,1,0,192,1,0,152,1,0,192,1,0,208,1,0,192,1,0,187,1,1
d842_runtime,second,202609231065,1,0,0,267,1,0,168,0,0,267,0,0,267,0,0,267,0,0,195,1,1
d842_runtime,second,202609231066,0,0,0,193,1,0,167,0,0,193,0,0,172,0,0,193,0,0,217,1,1
d842_runtime,second,202609231067,1,0,0,229,0,0,196,0,0,229,0,0,189,0,0,229,1,0,220,1,1
d842_runtime,second,202609231068,0,0,0,173,0,0,190,0,0,173,0,0,200,0,0,173,1,0,191,1,1
d842_runtime,second,202609231069,1,1,0,211,0,0,208,1,0,211,1,0,211,1,0,211,0,0,201,1,1
d842_runtime,second,202609231070,0,1,0,199,1,0,131,1,0,199,0,0,201,1,0,199,1,0,147,1,1
d842_runtime,second,202609231071,1,0,0,268,0,0,212,0,0,268,0,0,239,0,0,268,1,0,219,1,1
d842_runtime,second,202609231072,0,1,0,195,0,0,186,1,0,195,1,0,195,1,0,195,0,0,191,1,1
d842_runtime,second,202609231073,1,1,0,244,0,0,179,1,0,244,0,0,201,1,0,244,1,0,305,1,1
d842_runtime,second,202609231074,0,1,0,200,0,0,198,1,0,200,1,0,194,1,0,200,1,0,206,1,1
d842_runtime,second,202609231075,1,0,0,202,1,0,210,0,0,202,1,0,190,0,0,202,0,0,189,1,1
d842_runtime,second,202609231076,0,1,0,166,1,0,230,1,0,166,1,0,224,1,0,166,1,0,173,1,1
d842_runtime,second,202609231077,1,1,0,178,1,0,184,1,0,178,1,0,160,1,0,178,1,0,222,1,1
d842_runtime,second,202609231078,0,1,0,255,1,0,211,1,0,255,1,0,223,1,0,255,1,0,209,1,1
d842_runtime,second,202609231079,1,1,0,186,0,0,185,1,0,186,1,0,162,1,0,186,0,0,174,1,1
d842_runtime,second,202609231080,0,0,0,190,0,0,153,0,0,190,0,0,190,0,0,190,1,0,175,1,1
d842_runtime,second,202609231081,1,1,0,215,1,0,205,1,0,215,0,0,278,1,0,215,1,0,169,1,1
d842_runtime,second,202609231082,0,0,0,247,0,0,147,0,0,247,0,0,247,0,0,247,1,0,245,1,1
d842_runtime,second,202609231083,1,0,0,158,0,0,174,0,0,158,0,0,167,0,0,158,0,0,197,1,1
d842_runtime,second,202609231084,0,0,0,266,0,0,244,0,0,266,0,0,233,0,0,266,1,0,290,1,1
d842_runtime,second,202609231085,1,1,0,203,0,0,205,1,0,203,1,0,217,1,0,203,1,0,217,1,1
d842_runtime,second,202609231086,0,1,0,225,0,0,177,1,0,225,1,0,219,1,0,225,1,0,190,1,1
d842_runtime,second,202609231087,1,0,0,156,1,0,193,0,0,156,0,0,156,0,0,156,0,0,204,1,1
d842_runtime,second,202609231088,0,1,0,168,1,0,199,1,0,168,1,0,192,1,0,168,1,0,224,1,1
d842_runtime,second,202609231089,1,1,0,165,0,0,199,1,0,165,0,0,201,1,0,165,0,0,141,1,1
d842_runtime,second,202609231090,0,1,0,218,1,0,235,1,0,218,0,0,218,1,0,218,0,0,183,1,1
d842_runtime,second,202609231091,1,1,0,215,0,0,188,1,0,215,1,0,261,1,0,215,0,0,172,1,1
d842_runtime,second,202609231092,0,1,0,202,1,0,210,1,0,202,1,0,199,1,0,202,1,0,193,1,1
d842_runtime,second,202609231093,1,1,0,163,0,0,190,1,0,163,1,0,198,1,0,163,1,0,181,1,1
d842_runtime,second,202609231094,0,1,0,170,1,0,172,1,0,170,0,0,197,1,0,170,1,0,158,1,1
d842_runtime,second,202609231095,1,0,0,216,1,0,192,0,0,216,0,0,192,0,0,216,1,0,177,1,1
d842_runtime,second,202609231096,0,1,0,236,0,0,197,1,0,236,1,0,275,1,0,236,0,0,250,1,1
d842_runtime,second,202609231097,1,1,0,174,0,0,235,1,0,174,0,0,199,1,0,174,0,0,204,1,1
d842_runtime,second,202609231098,0,0,0,163,0,0,155,0,0,163,0,0,161,0,0,163,0,0,176,1,1
d842_runtime,second,202609231099,1,1,0,191,0,0,176,1,0,191,1,0,191,1,0,191,0,0,169,1,1
d842_runtime,second,202609231100,0,1,0,130,0,0,203,1,0,130,1,0,130,1,0,130,1,0,196,1,1
d842_runtime,second,202609231101,1,1,0,141,0,0,189,1,0,141,1,0,141,1,0,141,0,0,145,1,1
d842_runtime,second,202609231102,0,1,0,193,1,0,182,1,0,193,1,0,188,1,0,193,1,0,179,1,1
d842_runtime,second,202609231103,1,0,0,213,0,0,220,0,0,213,0,0,199,0,0,213,0,0,204,1,1
d842_runtime,second,202609231104,0,1,0,212,0,0,154,1,0,212,1,0,208,1,0,212,1,0,182,1,1
d842_runtime,second,202609231105,1,1,0,209,0,0,237,1,0,209,0,0,254,1,0,209,1,0,165,1,1
d842_runtime,second,202609231106,0,0,0,192,0,0,142,0,0,192,0,0,192,0,0,192,0,0,259,1,1
d842_runtime,second,202609231107,1,1,0,164,1,0,210,1,0,164,0,0,198,1,0,164,1,0,204,1,1
d842_runtime,second,202609231108,0,0,0,185,0,0,210,0,0,185,0,0,212,0,0,185,1,0,184,1,1
d842_runtime,second,202609231109,1,1,0,226,0,0,192,1,0,226,1,0,228,1,0,226,1,0,202,1,1
d842_runtime,second,202609231110,0,0,0,69,0,0,69,0,0,69,0,0,69,0,0,69,0,0,69,1,1
d842_runtime,second,202609231111,1,0,0,203,1,0,188,0,0,203,0,0,204,0,0,203,0,0,225,1,1
d842_runtime,second,202609231112,0,1,0,185,0,0,135,1,0,185,1,0,185,1,0,185,0,0,227,1,1
d842_runtime,second,202609231113,1,0,0,195,1,0,186,0,0,195,1,0,228,0,0,195,0,0,204,1,1
d842_runtime,second,202609231114,0,0,0,140,0,0,134,0,0,140,0,0,140,0,0,140,0,0,134,1,1
d842_runtime,second,202609231115,1,1,0,190,0,0,200,1,0,190,1,0,184,1,0,190,0,0,202,1,1
d842_runtime,second,202609231116,0,1,0,174,0,0,189,1,0,174,1,0,174,1,0,174,1,0,151,1,1
d842_runtime,second,202609231117,1,1,0,189,0,0,201,1,0,189,0,0,171,1,0,189,1,0,213,1,1
d842_runtime,second,202609231118,0,0,0,213,0,0,192,0,0,213,1,0,207,0,0,213,0,0,198,1,1
d842_runtime,second,202609231119,1,0,0,222,1,0,159,0,0,222,1,0,171,0,0,222,1,0,149,1,1
d842_runtime,second,202609231120,0,1,0,188,1,0,191,1,0,188,1,0,175,1,0,188,1,0,159,1,1
d842_runtime,second,202609231121,1,0,0,190,1,0,205,0,0,190,0,0,190,0,0,190,0,0,144,1,1
d842_runtime,second,202609231122,0,1,0,223,0,0,191,1,0,223,0,0,233,1,0,223,0,0,228,1,1
d842_runtime,second,202609231123,1,0,0,218,0,0,217,0,0,218,0,0,215,0,0,218,0,0,213,1,1
d842_runtime,second,202609231124,0,0,0,200,0,0,202,0,0,200,0,0,217,0,0,200,0,0,213,1,1
d842_runtime,second,202609231125,1,0,0,184,0,0,156,0,0,184,0,0,154,0,0,184,0,0,156,1,1
d842_runtime,second,202609231126,0,0,0,180,0,0,230,0,0,180,0,0,199,0,0,180,0,0,189,1,1
d842_runtime,second,202609231127,1,0,0,256,0,0,186,0,0,256,0,0,240,0,0,256,1,0,257,1,1
d842_runtime,second,202609231128,0,1,0,252,0,0,247,1,0,252,0,0,185,1,0,252,1,0,214,1,1
d842_runtime,second,202609231129,1,1,0,192,1,0,187,1,0,192,1,0,268,1,0,192,1,0,203,1,1
d842_runtime,second,202609231130,0,1,0,247,1,0,273,1,0,247,1,0,235,1,0,247,1,0,182,1,1
d842_runtime,second,202609231131,1,1,0,229,0,0,228,1,0,229,1,0,229,1,0,229,1,0,221,1,1
d842_runtime,second,202609231132,0,1,0,231,0,0,196,1,0,231,0,0,240,1,0,231,1,0,207,1,1
d842_runtime,second,202609231133,1,0,0,223,1,0,221,0,0,223,0,0,223,0,0,223,1,0,233,1,1
d842_runtime,second,202609231134,0,1,0,212,1,0,216,1,0,212,1,0,218,1,0,212,1,0,229,1,1
d842_runtime,second,202609231135,1,0,0,173,0,0,173,0,0,173,0,0,173,0,0,173,0,0,173,1,1
d842_runtime,second,202609231136,0,0,0,191,1,0,229,0,0,191,1,0,217,0,0,191,1,0,176,1,1
d842_runtime,second,202609231137,1,0,0,176,0,0,179,0,0,176,1,0,214,0,0,176,1,0,241,1,1
d842_runtime,second,202609231138,0,1,0,226,0,0,235,1,0,226,1,0,226,1,0,226,1,0,239,1,1
d842_runtime,second,202609231139,1,0,0,179,1,0,221,0,0,179,0,0,190,0,0,179,0,0,207,1,1
d842_runtime,second,202609231140,0,0,0,239,1,0,223,0,0,239,1,0,217,0,0,239,1,0,230,1,1
d842_runtime,second,202609231141,1,0,0,171,0,0,153,0,0,171,0,0,159,0,0,171,0,0,130,1,1
d842_runtime,second,202609231142,0,0,0,181,1,0,209,0,0,181,1,0,176,0,0,181,1,0,170,1,1
d842_runtime,second,202609231143,1,1,0,203,1,0,175,1,0,203,1,0,204,1,0,203,1,0,183,1,1
d842_runtime,second,202609231144,0,0,0,201,0,0,200,0,0,201,1,0,243,0,0,201,0,0,197,1,1
d842_runtime,second,202609231145,1,1,0,188,1,0,265,1,0,188,1,0,185,1,0,188,1,0,222,1,1
d842_runtime,second,202609231146,0,1,0,149,1,0,193,1,0,149,1,0,149,1,0,149,1,0,145,1,1
d842_runtime,second,202609231147,1,1,0,218,1,0,157,1,0,218,0,0,205,1,0,218,0,0,151,1,1
d842_runtime,second,202609231148,0,1,0,220,0,0,200,1,0,220,1,0,217,1,0,220,0,0,187,1,1
d842_runtime,second,202609231149,1,1,0,224,1,0,213,1,0,224,1,0,145,1,0,224,1,0,202,1,1
d842_runtime,second,202609231150,0,0,0,175,0,0,153,0,0,175,0,0,182,0,0,175,0,0,153,1,1
d842_runtime,second,202609231151,1,1,0,247,0,0,225,1,0,247,1,0,159,1,0,247,1,0,189,1,1
d842_runtime,second,202609231152,0,0,0,204,1,0,183,0,0,204,0,0,203,0,0,204,1,0,161,1,1
d842_runtime,second,202609231153,1,1,0,184,0,0,191,1,0,184,1,0,183,1,0,184,1,0,201,1,1
d842_runtime,second,202609231154,0,0,0,243,1,0,184,0,0,243,0,0,247,0,0,243,1,0,267,1,1
d842_runtime,second,202609231155,1,1,0,173,0,0,202,1,0,173,1,0,209,1,0,173,0,0,200,1,1
d842_runtime,second,202609231156,0,1,0,170,1,0,162,1,0,170,0,0,221,1,0,170,1,0,214,1,1
d842_runtime,second,202609231157,1,0,0,226,0,0,205,0,0,226,0,0,169,0,0,226,0,0,209,1,1
d842_runtime,second,202609231158,0,0,0,215,1,0,226,0,0,215,0,0,223,0,0,215,0,0,251,1,1
d842_runtime,second,202609231159,1,1,0,234,1,0,195,1,0,234,1,0,269,1,0,234,0,0,158,1,1
d842_runtime,second,202609231160,0,1,0,191,1,0,242,1,0,191,1,0,194,1,0,191,1,0,177,1,1
d842_runtime,second,202609231161,1,1,0,153,1,0,191,1,0,153,1,0,153,1,0,153,1,0,144,1,1
d842_runtime,second,202609231162,0,1,0,234,1,0,189,1,0,234,1,0,244,1,0,234,1,0,168,1,1
d842_runtime,second,202609231163,1,0,0,203,0,0,224,0,0,203,0,0,212,0,0,203,0,0,182,1,1
d842_runtime,second,202609231164,0,1,0,178,1,0,195,1,0,178,0,0,220,1,0,178,1,0,190,1,1
d842_runtime,second,202609231165,1,1,0,197,1,0,215,1,0,197,1,0,195,1,0,197,0,0,172,1,1
d842_runtime,second,202609231166,0,1,0,192,1,0,190,1,0,192,1,0,194,1,0,192,1,0,167,1,1
d842_runtime,second,202609231167,1,1,0,225,1,0,168,1,0,225,1,0,225,1,0,225,1,0,190,1,1
d842_runtime,second,202609231168,0,1,0,226,0,0,185,1,0,226,1,0,218,1,0,226,1,0,214,1,1
d842_runtime,second,202609231169,1,1,0,165,1,0,126,1,0,165,1,0,132,1,0,165,1,0,130,1,1
d842_runtime,second,202609231170,0,1,0,232,1,0,187,1,0,232,1,0,198,1,0,232,1,0,193,1,1
d842_runtime,second,202609231171,1,0,0,195,0,0,209,0,0,195,0,0,173,0,0,195,0,0,240,1,1
d842_runtime,second,202609231172,0,1,0,200,1,0,196,1,0,200,0,0,261,1,0,200,0,0,237,1,1
d842_runtime,second,202609231173,1,0,0,233,0,0,193,0,0,233,0,0,225,0,0,233,1,0,190,1,1
d842_runtime,second,202609231174,0,0,0,197,0,0,205,0,0,197,0,0,215,0,0,197,0,0,217,1,1
d842_runtime,second,202609231175,1,1,0,196,1,0,185,1,0,196,1,0,205,1,0,196,0,0,165,1,1
d842_runtime,second,202609231176,0,1,0,211,1,0,169,1,0,211,0,0,184,1,0,211,0,0,190,1,1
d842_runtime,second,202609231177,1,0,0,252,0,0,219,0,0,252,0,0,229,0,0,252,0,0,175,1,1
d842_runtime,second,202609231178,0,1,0,218,1,0,162,1,0,218,1,0,218,1,0,218,1,0,164,1,1
d842_runtime,second,202609231179,1,0,0,212,0,0,203,0,0,212,1,0,235,0,0,212,0,0,202,1,1
d842_runtime,second,202609231180,0,1,0,214,0,0,219,1,0,214,1,0,222,1,0,214,1,0,244,1,1
d842_runtime,second,202609231181,1,1,0,186,1,0,220,1,0,186,1,0,239,1,0,186,0,0,197,1,1
d842_runtime,second,202609231182,0,0,0,192,0,0,247,0,0,192,0,0,192,0,0,192,0,0,166,1,1
d842_runtime,second,202609231183,1,0,0,191,1,0,228,0,0,191,0,0,191,0,0,191,0,0,191,1,1
d842_runtime,second,202609231184,0,1,0,225,0,0,203,1,0,225,1,0,225,1,0,225,1,0,189,1,1
d842_runtime,second,202609231185,1,1,0,179,1,0,186,1,0,179,1,0,187,1,0,179,1,0,204,1,1
d842_runtime,second,202609231186,0,0,0,165,0,0,128,0,0,165,0,0,165,0,0,165,0,0,134,1,1
d842_runtime,second,202609231187,1,1,0,222,1,0,223,1,0,222,0,0,117,1,0,222,1,0,211,1,1
d842_runtime,second,202609231188,0,0,0,268,0,0,177,0,0,268,0,0,268,0,0,268,1,0,231,1,1
d842_runtime,second,202609231189,1,1,0,192,1,0,206,1,0,192,1,0,230,1,0,192,1,0,221,1,1
d842_runtime,second,202609231190,0,1,0,203,0,0,186,1,0,203,1,0,202,1,0,203,1,0,213,1,1
d842_runtime,second,202609231191,1,1,0,180,0,0,220,1,0,180,1,0,198,1,0,180,0,0,199,1,1
d842_runtime,second,202609231192,0,1,0,201,1,0,248,1,0,201,1,0,209,1,0,201,1,0,227,1,1
d842_runtime,second,202609231193,1,0,0,196,1,0,234,0,0,196,0,0,209,0,0,196,1,0,189,1,1
d842_runtime,second,202609231194,0,1,0,215,1,0,242,1,0,215,1,0,203,1,0,215,1,0,185,1,1
d842_runtime,second,202609231195,1,1,0,110,0,0,188,1,0,110,1,0,143,1,0,110,1,0,159,1,1
d842_runtime,second,202609231196,0,1,0,262,0,0,178,1,0,262,1,0,253,1,0,262,0,0,185,1,1
d842_runtime,second,202609231197,1,1,0,209,1,0,204,1,0,209,1,0,182,1,0,209,1,0,205,1,1
d842_runtime,second,202609231198,0,0,0,207,1,0,198,0,0,207,0,0,208,0,0,207,1,0,188,1,1
d842_runtime,second,202609231199,1,0,0,217,1,0,207,0,0,217,1,0,201,0,0,217,0,0,244,1,1
master_v1,first,202608232000,0,1,0,214,1,0,218,1,0,214,1,0,239,1,0,214,1,0,227,1,1
master_v1,first,202608232001,1,0,0,168,0,0,209,0,0,168,1,0,179,0,0,168,0,0,180,1,1
master_v1,first,202608232002,0,1,0,216,0,0,219,1,0,216,0,0,222,1,0,216,1,0,156,1,1
master_v1,first,202608232003,1,1,0,178,0,0,169,1,0,178,1,0,187,1,0,178,1,0,261,1,1
master_v1,first,202608232004,0,1,0,148,1,0,180,1,0,148,1,0,186,1,0,148,0,0,198,1,1
master_v1,first,202608232005,1,0,0,190,0,0,172,0,0,190,0,0,190,0,0,190,1,0,213,1,1
master_v1,first,202608232006,0,1,0,186,1,0,180,1,0,186,1,0,186,1,0,186,1,0,223,1,1
master_v1,first,202608232007,1,0,0,150,1,0,181,0,0,150,1,0,228,0,0,150,1,0,214,1,1
master_v1,first,202608232008,0,1,0,249,1,0,184,1,0,249,1,0,209,1,0,249,1,0,191,1,1
master_v1,first,202608232009,1,1,0,209,0,0,193,1,0,209,1,0,174,1,0,209,1,0,174,1,1
master_v1,first,202608232010,0,1,0,253,1,0,170,1,0,253,1,0,254,1,0,253,1,0,156,1,1
master_v1,first,202608232011,1,1,0,157,1,0,189,1,0,157,1,0,218,1,0,157,0,0,198,1,1
master_v1,first,202608232012,0,0,0,177,0,1,179,0,0,177,0,0,146,0,0,177,1,0,172,1,1
master_v1,first,202608232013,1,1,0,205,1,0,208,1,0,205,0,0,174,1,0,205,0,0,193,1,1
master_v1,first,202608232014,0,1,0,204,1,0,227,1,0,204,0,0,217,1,0,204,1,0,222,1,1
master_v1,first,202608232015,1,1,0,294,0,0,208,1,0,294,0,0,303,1,0,294,1,0,202,1,1
master_v1,first,202608232016,0,0,0,172,1,0,177,0,0,172,0,0,172,0,0,172,0,0,196,1,1
master_v1,first,202608232017,1,1,0,237,1,0,233,1,0,237,1,0,223,1,0,237,1,0,163,1,1
master_v1,first,202608232018,0,1,0,179,0,0,203,1,0,179,1,0,192,1,0,179,0,0,186,1,1
master_v1,first,202608232019,1,0,0,164,0,0,190,0,0,164,1,0,207,0,0,164,0,0,170,1,1
master_v1,first,202608232020,0,0,0,202,1,0,192,0,0,202,0,0,195,0,0,202,1,0,192,1,1
master_v1,first,202608232021,1,0,0,177,1,0,224,0,0,177,0,0,177,0,0,177,0,0,165,1,1
master_v1,first,202608232022,0,1,0,203,0,0,207,1,0,203,1,0,184,1,0,203,1,0,192,1,1
master_v1,first,202608232023,1,1,0,204,0,0,173,1,0,204,0,0,211,1,0,204,0,0,212,1,1
master_v1,first,202608232024,0,1,0,225,1,0,244,1,0,225,1,0,232,1,0,225,1,0,231,1,1
master_v1,first,202608232025,1,1,0,156,1,0,152,1,0,156,1,0,186,1,0,156,1,0,148,1,1
master_v1,first,202608232026,0,1,0,199,0,0,200,1,0,199,0,0,222,1,0,199,1,0,186,1,1
master_v1,first,202608232027,1,0,0,237,0,0,231,0,0,237,0,0,207,0,0,237,0,0,214,1,1
master_v1,first,202608232028,0,1,0,125,0,0,179,1,0,125,1,0,130,1,0,125,1,0,149,1,1
master_v1,first,202608232029,1,1,0,191,0,0,180,1,0,191,1,0,195,1,0,191,0,0,249,1,1
master_v1,first,202608232030,0,0,0,220,1,0,211,0,0,220,1,0,148,0,0,220,1,0,226,1,1
master_v1,first,202608232031,1,1,0,161,0,0,157,1,0,161,0,0,167,1,0,161,0,0,166,1,1
master_v1,first,202608232032,0,1,0,223,1,0,195,1,0,223,0,0,249,1,0,223,1,0,185,1,1
master_v1,first,202608232033,1,1,0,220,0,0,210,1,0,220,0,0,223,1,0,220,1,0,184,1,1
master_v1,first,202608232034,0,1,0,187,0,0,164,1,0,187,1,0,150,1,0,187,1,0,211,1,1
master_v1,first,202608232035,1,1,0,198,1,0,191,1,0,198,1,0,220,1,0,198,1,0,250,1,1
master_v1,first,202608232036,0,0,0,200,0,0,192,0,0,200,0,0,211,0,0,200,0,0,221,1,1
master_v1,first,202608232037,1,1,0,206,0,0,171,1,0,206,1,0,203,1,0,206,0,0,214,1,1
master_v1,first,202608232038,0,1,0,173,1,0,236,1,0,173,0,0,184,1,0,173,1,0,212,1,1
master_v1,first,202608232039,1,0,0,211,1,0,180,0,0,211,1,0,199,0,0,211,1,0,189,1,1
master_v1,first,202608232040,0,1,0,174,1,0,191,1,0,174,0,0,212,1,0,174,0,0,195,1,1
master_v1,first,202608232041,1,1,0,164,0,0,212,1,0,164,1,0,215,1,0,164,1,0,150,1,1
master_v1,first,202608232042,0,1,0,204,0,0,199,1,0,204,1,0,197,1,0,204,0,0,244,1,1
master_v1,first,202608232043,1,0,0,163,0,0,166,0,0,163,0,0,163,0,0,163,0,0,182,1,1
master_v1,first,202608232044,0,1,0,189,0,0,192,1,0,189,1,0,217,1,0,189,1,0,176,1,1
master_v1,first,202608232045,1,1,0,202,0,0,220,1,0,202,0,0,217,1,0,202,0,0,258,1,1
master_v1,first,202608232046,0,1,0,221,1,0,212,1,0,221,1,0,211,1,0,221,0,0,172,1,1
master_v1,first,202608232047,1,1,0,177,1,0,153,1,0,177,1,0,177,1,0,177,1,0,185,1,1
master_v1,first,202608232048,0,0,0,173,0,0,167,0,0,173,0,0,219,0,0,173,0,0,190,1,1
master_v1,first,202608232049,1,1,0,228,0,0,170,1,0,228,1,0,228,1,0,228,1,0,201,1,1
master_v1,first,202608232050,0,0,0,197,0,0,198,0,0,197,1,0,173,0,0,197,0,0,192,1,1
master_v1,first,202608232051,1,0,0,215,1,0,190,0,0,215,0,0,227,0,0,215,0,0,200,1,1
master_v1,first,202608232052,0,0,0,177,1,0,205,0,0,177,0,0,173,0,0,177,1,0,199,1,1
master_v1,first,202608232053,1,1,0,217,1,0,192,1,0,217,1,0,202,1,0,217,1,0,234,1,1
master_v1,first,202608232054,0,1,0,205,0,0,212,1,0,205,1,0,205,1,0,205,0,0,212,1,1
master_v1,first,202608232055,1,1,0,193,0,0,302,1,0,193,1,0,160,1,0,193,1,0,189,1,1
master_v1,first,202608232056,0,1,0,184,1,0,247,1,0,184,1,0,184,1,0,184,1,0,215,1,1
master_v1,first,202608232057,1,0,0,187,1,0,166,0,0,187,0,0,205,0,0,187,1,0,163,1,1
master_v1,first,202608232058,0,1,0,176,1,0,207,1,0,176,1,0,177,1,0,176,1,0,203,1,1
master_v1,first,202608232059,1,0,0,192,1,0,210,0,0,192,1,0,263,0,0,192,1,0,221,1,1
master_v1,first,202608232060,0,0,0,175,1,0,168,0,0,175,0,0,175,0,0,175,0,0,208,1,1
master_v1,first,202608232061,1,1,0,166,0,0,206,1,0,166,1,0,197,1,0,166,1,0,179,1,1
master_v1,first,202608232062,0,1,0,196,0,0,162,1,0,196,0,0,240,1,0,196,1,0,196,1,1
master_v1,first,202608232063,1,0,0,232,1,0,230,0,0,232,0,0,230,0,0,232,1,0,174,1,1
master_v1,first,202608232064,0,0,0,182,0,0,204,0,0,182,0,0,192,0,0,182,0,0,163,1,1
master_v1,first,202608232065,1,1,0,168,1,0,188,1,0,168,1,0,169,1,0,168,1,0,176,1,1
master_v1,first,202608232066,0,1,0,150,1,0,161,1,0,150,1,0,160,1,0,150,1,0,160,1,1
master_v1,first,202608232067,1,1,0,178,1,0,210,1,0,178,1,0,180,1,0,178,0,0,222,1,1
master_v1,first,202608232068,0,1,0,200,1,0,173,1,0,200,1,0,187,1,0,200,1,0,173,1,1
master_v1,first,202608232069,1,0,0,161,0,0,208,0,0,161,0,0,159,0,0,161,0,0,161,1,1
master_v1,first,202608232070,0,0,0,195,0,0,201,0,0,195,1,0,192,0,0,195,0,0,187,1,1
master_v1,first,202608232071,1,1,0,194,0,0,178,1,0,194,1,0,176,1,0,194,0,0,195,1,1
master_v1,first,202608232072,0,0,0,174,0,0,174,0,0,174,0,0,174,0,0,174,0,0,174,1,1
master_v1,first,202608232073,1,0,0,221,0,0,240,0,0,221,0,0,184,0,0,221,0,0,161,1,1
master_v1,first,202608232074,0,1,0,278,0,0,204,1,0,278,0,0,212,1,0,278,0,0,157,1,1
master_v1,first,202608232075,1,1,0,219,1,0,196,1,0,219,0,0,216,1,0,219,1,0,178,1,1
master_v1,first,202608232076,0,1,0,173,0,0,215,1,0,173,0,0,193,1,0,173,1,0,160,1,1
master_v1,first,202608232077,1,0,0,203,1,0,173,0,0,203,0,0,203,0,0,203,0,0,238,1,1
master_v1,first,202608232078,0,0,0,198,0,0,169,0,0,198,0,0,187,0,0,198,0,0,152,1,1
master_v1,first,202608232079,1,1,0,169,1,0,194,1,0,169,1,0,173,1,0,169,1,0,197,1,1
master_v1,first,202608232080,0,1,0,162,1,0,181,1,0,162,0,0,175,1,0,162,1,0,183,1,1
master_v1,first,202608232081,1,0,0,165,0,0,186,0,0,165,0,0,152,0,0,165,0,0,170,1,1
master_v1,first,202608232082,0,0,0,196,0,0,172,0,0,196,0,0,240,0,0,196,0,0,212,1,1
master_v1,first,202608232083,1,0,0,184,0,0,174,0,0,184,0,0,184,0,0,184,1,0,208,1,1
master_v1,first,202608232084,0,0,0,201,0,0,187,0,0,201,0,0,184,0,0,201,0,0,173,1,1
master_v1,first,202608232085,1,1,0,207,1,0,209,1,0,207,1,0,207,1,0,207,1,0,208,1,1
master_v1,first,202608232086,0,1,0,227,0,0,195,1,0,227,1,0,246,1,0,227,0,0,195,1,1
master_v1,first,202608232087,1,0,0,180,0,0,210,0,0,180,1,0,220,0,0,180,0,0,209,1,1
master_v1,first,202608232088,0,1,0,190,1,0,113,1,0,190,1,0,175,1,0,190,1,0,128,1,1
master_v1,first,202608232089,1,0,0,180,0,0,199,0,0,180,0,0,209,0,0,180,0,0,217,1,1
master_v1,first,202608232090,0,1,0,186,1,0,222,1,0,186,1,0,178,1,0,186,0,0,227,1,1
master_v1,first,202608232091,1,1,0,185,0,0,174,1,0,185,1,0,183,1,0,185,0,0,204,1,1
master_v1,first,202608232092,0,1,0,155,0,0,195,1,0,155,1,0,173,1,0,155,0,0,179,1,1
master_v1,first,202608232093,1,1,0,179,1,0,177,1,0,179,1,0,170,1,0,179,0,0,166,1,1
master_v1,first,202608232094,0,0,0,187,1,0,196,0,0,187,1,0,197,0,0,187,1,0,190,1,1
master_v1,first,202608232095,1,1,0,184,1,0,188,1,0,184,1,0,173,1,0,184,1,0,193,1,1
master_v1,first,202608232096,0,1,0,161,0,0,177,1,0,161,1,0,182,1,0,161,1,0,168,1,1
master_v1,first,202608232097,1,1,0,147,1,0,160,1,0,147,1,0,151,1,0,147,1,0,199,1,1
master_v1,first,202608232098,0,0,0,207,0,0,200,0,0,207,0,0,207,0,0,207,0,0,267,1,1
master_v1,first,202608232099,1,0,0,192,1,0,208,0,0,192,1,0,159,0,0,192,1,0,196,1,1
master_v1,first,202608232100,0,0,0,165,0,0,195,0,0,165,1,0,276,0,0,165,1,0,201,1,1
master_v1,first,202608232101,1,1,0,168,1,0,146,1,0,168,0,0,190,1,0,168,1,0,129,1,1
master_v1,first,202608232102,0,0,0,142,0,0,142,0,0,142,0,0,142,0,0,142,0,0,142,1,1
master_v1,first,202608232103,1,1,0,208,1,0,248,1,0,208,0,0,269,1,0,208,0,0,238,1,1
master_v1,first,202608232104,0,0,0,146,0,0,175,0,0,146,0,0,146,0,0,146,0,0,143,1,1
master_v1,first,202608232105,1,0,0,196,1,0,187,0,0,196,0,0,196,0,0,196,1,0,212,1,1
master_v1,first,202608232106,0,1,0,204,1,0,141,1,0,204,1,0,237,1,0,204,1,0,180,1,1
master_v1,first,202608232107,1,1,0,205,0,0,211,1,0,205,1,0,205,1,0,205,1,0,212,1,1
master_v1,first,202608232108,0,1,0,233,1,0,222,1,0,233,1,0,189,1,0,233,1,0,202,1,1
master_v1,first,202608232109,1,1,0,167,1,0,206,1,0,167,0,0,215,1,0,167,0,0,194,1,1
master_v1,first,202608232110,0,1,0,175,1,0,169,1,0,175,1,0,182,1,0,175,1,0,151,1,1
master_v1,first,202608232111,1,1,0,192,0,0,244,1,0,192,1,0,187,1,0,192,1,0,169,1,1
master_v1,first,202608232112,0,1,0,161,0,0,201,1,0,161,1,0,184,1,0,161,0,0,201,1,1
master_v1,first,202608232113,1,1,0,190,0,0,187,1,0,190,1,0,193,1,0,190,1,0,189,1,1
master_v1,first,202608232114,0,1,0,127,0,0,201,1,0,127,1,0,127,1,0,127,1,0,223,1,1
master_v1,first,202608232115,1,0,0,166,1,0,233,0,0,166,0,0,170,0,0,166,1,0,272,1,1
master_v1,first,202608232116,0,0,0,232,0,0,243,0,0,232,1,0,220,0,0,232,1,0,203,1,1
master_v1,first,202608232117,1,1,0,162,0,0,137,1,0,162,0,0,147,1,0,162,0,0,128,1,1
master_v1,first,202608232118,0,1,0,185,1,0,259,1,0,185,1,0,199,1,0,185,1,0,206,1,1
master_v1,first,202608232119,1,1,0,109,1,0,117,1,0,109,1,0,117,1,0,109,1,0,119,1,1
master_v1,first,202608232120,0,0,0,224,0,0,269,0,0,224,0,0,221,0,0,224,0,0,197,1,1
master_v1,first,202608232121,1,1,0,192,1,0,183,1,0,192,1,0,192,1,0,192,1,0,185,1,1
master_v1,first,202608232122,0,0,0,195,0,0,186,0,0,195,0,0,212,0,0,195,0,0,214,1,1
master_v1,first,202608232123,1,1,0,184,1,0,175,1,0,184,1,0,188,1,0,184,1,0,201,1,1
master_v1,first,202608232124,0,0,0,265,0,0,182,0,0,265,0,0,194,0,0,265,1,0,245,1,1
master_v1,first,202608232125,1,1,0,268,1,0,212,1,0,268,1,0,293,1,0,268,0,0,292,1,1
master_v1,first,202608232126,0,1,0,142,1,0,169,1,0,142,1,0,136,1,0,142,0,0,211,1,1
master_v1,first,202608232127,1,1,0,197,1,0,184,1,0,197,0,0,220,1,0,197,0,0,215,1,1
master_v1,first,202608232128,0,1,0,146,1,0,159,1,0,146,1,0,142,1,0,146,1,0,124,1,1
master_v1,first,202608232129,1,0,0,222,1,0,206,0,0,222,0,0,231,0,0,222,0,0,242,1,1
master_v1,first,202608232130,0,1,0,186,0,0,237,1,0,186,1,0,204,1,0,186,1,0,199,1,1
master_v1,first,202608232131,1,1,0,221,0,0,199,1,0,221,0,0,234,1,0,221,0,0,238,1,1
master_v1,first,202608232132,0,1,0,114,1,0,163,1,0,114,1,0,121,1,0,114,0,0,278,1,1
master_v1,first,202608232133,1,1,0,193,1,0,231,1,0,193,0,0,251,1,0,193,1,0,222,1,1
master_v1,first,202608232134,0,1,0,178,1,0,240,1,0,178,1,0,175,1,0,178,0,0,220,1,1
master_v1,first,202608232135,1,1,0,182,0,0,190,1,0,182,1,0,199,1,0,182,1,0,150,1,1
master_v1,first,202608232136,0,1,0,214,0,0,175,1,0,214,1,0,199,1,0,214,0,0,177,1,1
master_v1,first,202608232137,1,1,0,136,1,0,136,1,0,136,1,0,136,1,0,136,1,0,129,1,1
master_v1,first,202608232138,0,1,0,211,1,0,262,1,0,211,1,0,216,1,0,211,1,0,218,1,1
master_v1,first,202608232139,1,0,0,180,0,0,201,0,0,180,0,0,228,0,0,180,0,0,203,1,1
master_v1,first,202608232140,0,1,0,154,1,0,183,1,0,154,1,0,154,1,0,154,1,0,233,1,1
master_v1,first,202608232141,1,1,0,227,0,0,171,1,0,227,1,0,195,1,0,227,0,0,186,1,1
master_v1,first,202608232142,0,1,0,124,0,0,226,1,0,124,0,0,184,1,0,124,1,0,194,1,1
master_v1,first,202608232143,1,1,0,209,1,0,210,1,0,209,1,0,240,1,0,209,1,0,209,1,1
master_v1,first,202608232144,0,1,0,186,0,0,175,1,0,186,1,0,181,1,0,186,1,0,164,1,1
master_v1,first,202608232145,1,0,0,172,0,0,191,0,0,172,0,0,177,0,0,172,1,0,160,1,1
master_v1,first,202608232146,0,1,0,197,1,0,138,1,0,197,1,0,193,1,0,197,1,0,179,1,1
master_v1,first,202608232147,1,0,0,184,0,0,195,0,0,184,1,0,206,0,0,184,0,0,183,1,1
master_v1,first,202608232148,0,0,0,200,0,0,226,0,0,200,0,0,198,0,0,200,0,0,187,1,1
master_v1,first,202608232149,1,1,0,178,0,0,170,1,0,178,0,0,233,1,0,178,0,0,217,1,1
master_v1,first,202608232150,0,0,0,172,0,0,185,0,0,172,0,0,190,0,0,172,0,0,180,1,1
master_v1,first,202608232151,1,0,0,192,1,0,199,0,0,192,0,0,209,0,0,192,0,0,258,1,1
master_v1,first,202608232152,0,1,0,231,1,0,229,1,0,231,1,0,235,1,0,231,1,0,265,1,1
master_v1,first,202608232153,1,1,0,183,1,0,181,1,0,183,1,0,183,1,0,183,1,0,221,1,1
master_v1,first,202608232154,0,0,0,186,1,0,213,0,0,186,0,0,186,0,0,186,1,0,228,1,1
master_v1,first,202608232155,1,0,0,135,1,0,182,0,0,135,0,0,135,0,0,135,1,0,202,1,1
master_v1,first,202608232156,0,1,0,149,0,0,131,1,0,149,1,0,150,1,0,149,1,0,148,1,1
master_v1,first,202608232157,1,1,0,187,1,0,202,1,0,187,1,0,201,1,0,187,1,0,166,1,1
master_v1,first,202608232158,0,0,0,226,0,0,184,0,0,226,0,0,197,0,0,226,1,0,252,1,1
master_v1,first,202608232159,1,0,0,226,0,0,237,0,0,226,0,0,226,0,0,226,0,0,205,1,1
master_v1,first,202608232160,0,1,0,194,1,0,205,1,0,194,0,0,205,1,0,194,0,0,225,1,1
master_v1,first,202608232161,1,1,0,250,0,0,216,1,0,250,1,0,125,1,0,250,1,0,148,1,1
master_v1,first,202608232162,0,1,0,232,1,0,201,1,0,232,1,0,161,1,0,232,1,0,177,1,1
master_v1,first,202608232163,1,1,0,251,1,0,237,1,0,251,1,0,219,1,0,251,1,0,231,1,1
master_v1,first,202608232164,0,0,0,161,0,0,232,0,0,161,1,0,229,0,0,161,1,0,195,1,1
master_v1,first,202608232165,1,1,0,166,1,0,145,1,0,166,1,0,176,1,0,166,1,0,197,1,1
master_v1,first,202608232166,0,1,0,215,0,0,159,1,0,215,0,0,192,1,0,215,1,0,117,1,1
master_v1,first,202608232167,1,0,0,205,1,0,185,0,0,205,0,0,205,0,0,205,1,0,201,1,1
master_v1,first,202608232168,0,0,0,184,0,0,214,0,0,184,0,0,198,0,0,184,0,0,136,1,1
master_v1,first,202608232169,1,1,0,226,1,0,183,1,0,226,1,0,192,1,0,226,1,0,190,1,1
master_v1,first,202608232170,0,1,0,200,0,0,206,1,0,200,1,0,199,1,0,200,1,0,212,1,1
master_v1,first,202608232171,1,1,0,171,1,0,246,1,0,171,1,0,177,1,0,171,1,0,189,1,1
master_v1,first,202608232172,0,0,0,174,1,0,206,0,0,174,0,0,174,0,0,174,1,0,194,1,1
master_v1,first,202608232173,1,1,0,237,1,0,221,1,0,237,1,0,239,1,0,237,0,0,228,1,1
master_v1,first,202608232174,0,1,0,159,1,0,202,1,0,159,1,0,159,1,0,159,0,0,245,1,1
master_v1,first,202608232175,1,0,0,161,0,0,161,0,0,161,0,0,162,0,0,161,1,0,216,1,1
master_v1,first,202608232176,0,1,0,177,1,0,177,1,0,177,1,0,209,1,0,177,1,0,163,1,1
master_v1,first,202608232177,1,0,0,187,1,0,190,0,0,187,1,0,213,0,0,187,1,0,226,1,1
master_v1,first,202608232178,0,1,0,152,1,0,144,1,0,152,0,0,177,1,0,152,1,0,170,1,1
master_v1,first,202608232179,1,1,0,156,1,0,195,1,0,156,1,0,160,1,0,156,1,0,207,1,1
master_v1,first,202608232180,0,1,0,177,1,0,168,1,0,177,1,0,177,1,0,177,1,0,163,1,1
master_v1,first,202608232181,1,1,0,170,1,0,173,1,0,170,1,0,177,1,0,170,0,0,146,1,1
master_v1,first,202608232182,0,0,0,215,0,0,244,0,0,215,1,0,214,0,0,215,0,0,202,1,1
master_v1,first,202608232183,1,1,0,228,1,0,198,1,0,228,1,0,234,1,0,228,1,0,233,1,1
master_v1,first,202608232184,0,0,0,203,1,0,207,0,0,203,0,0,227,0,0,203,0,0,224,1,1
master_v1,first,202608232185,1,1,0,185,0,0,183,1,0,185,1,0,190,1,0,185,1,0,173,1,1
master_v1,first,202608232186,0,0,0,158,0,0,193,0,0,158,0,0,150,0,0,158,0,0,150,1,1
master_v1,first,202608232187,1,1,0,188,0,0,145,1,0,188,1,0,188,1,0,188,1,0,187,1,1
master_v1,first,202608232188,0,1,0,173,0,0,171,1,0,173,0,0,158,1,0,173,1,0,167,1,1
master_v1,first,202608232189,1,1,0,182,1,0,213,1,0,182,1,0,184,1,0,182,0,0,171,1,1
master_v1,first,202608232190,0,1,0,164,0,0,183,1,0,164,1,0,154,1,0,164,1,0,136,1,1
master_v1,first,202608232191,1,0,0,147,0,0,147,0,0,147,0,0,147,0,0,147,0,0,170,1,1
master_v1,first,202608232192,0,1,0,178,1,0,116,1,0,178,0,0,189,1,0,178,1,0,115,1,1
master_v1,first,202608232193,1,0,0,212,1,0,208,0,0,212,0,0,232,0,0,212,1,0,224,1,1
master_v1,first,202608232194,0,0,0,191,1,0,167,0,0,191,0,0,184,0,0,191,1,0,189,1,1
master_v1,first,202608232195,1,0,0,162,0,0,180,0,0,162,0,0,174,0,0,162,1,0,201,1,1
master_v1,first,202608232196,0,1,0,215,0,0,190,1,0,215,1,0,183,1,0,215,0,0,198,1,1
master_v1,first,202608232197,1,0,0,213,0,0,192,0,0,213,0,0,216,0,0,213,1,0,204,1,1
master_v1,first,202608232198,0,0,0,207,0,0,219,0,0,207,0,0,207,0,0,207,0,0,172,1,1
master_v1,first,202608232199,1,1,0,215,1,0,208,1,0,215,1,0,220,1,0,215,0,0,192,1,1
master_v1,second,202609232000,0,1,0,205,1,0,181,1,0,205,0,0,199,1,0,205,1,0,190,1,1
master_v1,second,202609232001,1,1,0,181,0,0,233,1,0,181,1,0,176,1,0,181,1,0,180,1,1
master_v1,second,202609232002,0,0,0,168,0,0,195,0,0,168,0,0,167,0,0,168,0,0,179,1,1
master_v1,second,202609232003,1,1,0,185,1,0,164,1,0,185,1,0,185,1,0,185,0,0,172,1,1
master_v1,second,202609232004,0,1,0,197,1,0,228,1,0,197,1,0,197,1,0,197,1,0,216,1,1
master_v1,second,202609232005,1,0,0,193,0,0,208,0,0,193,0,0,228,0,0,193,0,0,188,1,1
master_v1,second,202609232006,0,0,0,177,0,0,216,0,0,177,1,0,191,0,0,177,1,0,192,1,1
master_v1,second,202609232007,1,0,0,163,1,0,208,0,0,163,0,0,169,0,0,163,0,0,184,1,1
master_v1,second,202609232008,0,0,0,236,1,0,197,0,0,236,1,0,243,0,0,236,1,0,228,1,1
master_v1,second,202609232009,1,0,0,195,0,0,186,0,0,195,0,0,183,0,0,195,0,0,192,1,1
master_v1,second,202609232010,0,0,0,174,0,0,170,0,0,174,0,0,159,0,0,174,0,0,170,1,1
master_v1,second,202609232011,1,1,0,210,1,0,183,1,0,210,0,0,151,1,0,210,1,0,235,1,1
master_v1,second,202609232012,0,1,0,183,1,0,217,1,0,183,1,0,183,1,0,183,0,0,214,1,1
master_v1,second,202609232013,1,1,0,178,1,0,178,1,0,178,0,0,180,1,0,178,0,0,271,1,1
master_v1,second,202609232014,0,1,0,192,1,0,166,1,0,192,1,0,199,1,0,192,1,0,160,1,1
master_v1,second,202609232015,1,0,0,185,0,0,193,0,0,185,0,0,185,0,0,185,0,0,193,1,1
master_v1,second,202609232016,0,1,0,226,0,0,217,1,0,226,1,0,250,1,0,226,1,0,148,1,1
master_v1,second,202609232017,1,0,0,205,0,0,185,0,0,205,0,0,205,0,0,205,0,0,198,1,1
master_v1,second,202609232018,0,1,0,187,1,0,212,1,0,187,0,0,193,1,0,187,1,0,177,1,1
master_v1,second,202609232019,1,1,0,178,1,0,188,1,0,178,1,0,178,1,0,178,1,0,216,1,1
master_v1,second,202609232020,0,0,0,177,0,0,181,0,0,177,0,0,271,0,0,177,0,0,152,1,1
master_v1,second,202609232021,1,1,0,163,1,0,243,1,0,163,1,0,166,1,0,163,1,0,253,1,1
master_v1,second,202609232022,0,1,0,194,1,0,173,1,0,194,1,0,167,1,0,194,1,0,163,1,1
master_v1,second,202609232023,1,1,0,183,1,0,176,1,0,183,1,0,237,1,0,183,0,0,269,1,1
master_v1,second,202609232024,0,1,0,132,1,0,170,1,0,132,1,0,252,1,0,132,1,0,171,1,1
master_v1,second,202609232025,1,1,0,125,0,0,173,1,0,125,0,0,160,1,0,125,1,0,133,1,1
master_v1,second,202609232026,0,0,0,186,0,0,208,0,0,186,1,0,206,0,0,186,1,0,206,1,1
master_v1,second,202609232027,1,0,0,209,1,0,200,0,0,209,1,0,221,0,0,209,0,0,149,1,1
master_v1,second,202609232028,0,0,0,212,1,0,165,0,0,212,1,0,239,0,0,212,1,0,221,1,1
master_v1,second,202609232029,1,1,0,217,0,0,285,1,0,217,1,0,200,1,0,217,1,0,208,1,1
master_v1,second,202609232030,0,1,0,188,0,0,170,1,0,188,1,0,188,1,0,188,1,0,224,1,1
master_v1,second,202609232031,1,0,0,128,0,0,113,0,0,128,0,0,128,0,0,128,0,0,128,1,1
master_v1,second,202609232032,0,0,0,167,0,0,170,0,0,167,0,0,166,0,0,167,1,0,208,1,1
master_v1,second,202609232033,1,0,0,168,0,0,163,0,0,168,0,0,189,0,0,168,0,0,190,1,1
master_v1,second,202609232034,0,0,0,201,0,0,194,0,0,201,0,0,177,0,0,201,0,0,219,1,1
master_v1,second,202609232035,1,1,0,190,1,0,196,1,0,190,1,0,190,1,0,190,1,0,198,1,1
master_v1,second,202609232036,0,1,0,183,1,0,184,1,0,183,0,0,197,1,0,183,1,0,179,1,1
master_v1,second,202609232037,1,0,0,179,1,0,194,0,0,179,1,0,187,0,0,179,0,0,169,1,1
master_v1,second,202609232038,0,0,0,174,0,0,177,0,0,174,1,0,186,0,0,174,1,0,208,1,1
master_v1,second,202609232039,1,0,0,211,0,0,177,0,0,211,0,0,224,0,0,211,1,0,206,1,1
master_v1,second,202609232040,0,0,0,110,1,0,212,0,0,110,0,0,110,0,0,110,0,0,140,1,1
master_v1,second,202609232041,1,0,0,220,1,0,214,0,0,220,1,0,260,0,0,220,1,0,209,1,1
master_v1,second,202609232042,0,0,0,145,0,0,166,0,0,145,0,0,140,0,0,145,1,0,195,1,1
master_v1,second,202609232043,1,0,0,251,0,0,198,0,0,251,1,0,226,0,0,251,1,0,210,1,1
master_v1,second,202609232044,0,0,0,206,0,0,191,0,0,206,0,0,206,0,0,206,0,0,212,1,1
master_v1,second,202609232045,1,1,0,199,0,0,199,1,0,199,0,0,217,1,0,199,1,0,240,1,1
master_v1,second,202609232046,0,0,0,211,0,0,208,0,0,211,0,0,165,0,0,211,1,0,195,1,1
master_v1,second,202609232047,1,1,0,199,0,0,203,1,0,199,1,0,199,1,0,199,1,0,172,1,1
master_v1,second,202609232048,0,1,0,204,1,0,186,1,0,204,1,0,168,1,0,204,1,0,198,1,1
master_v1,second,202609232049,1,1,0,206,0,0,179,1,0,206,0,0,192,1,0,206,0,0,247,1,1
master_v1,second,202609232050,0,0,0,143,1,0,183,0,0,143,0,0,175,0,0,143,0,0,179,1,1
master_v1,second,202609232051,1,1,0,188,0,0,176,1,0,188,1,0,187,1,0,188,0,0,209,1,1
master_v1,second,202609232052,0,1,0,185,0,0,196,1,0,185,0,0,170,1,0,185,1,0,196,1,1
master_v1,second,202609232053,1,0,0,181,0,0,173,0,0,181,0,0,144,0,0,181,0,0,138,1,1
master_v1,second,202609232054,0,1,0,177,1,0,177,1,0,177,1,0,177,1,0,177,1,0,192,1,1
master_v1,second,202609232055,1,0,0,246,0,0,178,0,0,246,0,0,177,0,0,246,1,0,250,1,1
master_v1,second,202609232056,0,1,0,185,1,0,217,1,0,185,1,0,185,1,0,185,1,0,179,1,1
master_v1,second,202609232057,1,0,0,161,1,0,196,0,0,161,1,0,182,0,0,161,0,0,267,1,1
master_v1,second,202609232058,0,1,0,173,0,0,209,1,0,173,1,0,173,1,0,173,1,0,175,1,1
master_v1,second,202609232059,1,0,0,162,1,0,254,0,0,162,0,0,162,0,0,162,1,0,244,1,1
master_v1,second,202609232060,0,0,0,176,0,0,184,0,0,176,0,0,176,0,0,176,1,0,188,1,1
master_v1,second,202609232061,1,0,0,180,1,0,184,0,0,180,0,0,172,0,0,180,1,0,167,1,1
master_v1,second,202609232062,0,0,0,190,1,0,183,0,0,190,0,0,188,0,0,190,1,0,171,1,1
master_v1,second,202609232063,1,1,0,166,0,0,124,1,0,166,1,0,162,1,0,166,1,0,180,1,1
master_v1,second,202609232064,0,0,0,247,0,0,168,0,0,247,1,0,243,0,0,247,0,0,173,1,1
master_v1,second,202609232065,1,1,0,185,0,0,190,1,0,185,0,0,225,1,0,185,1,0,179,1,1
master_v1,second,202609232066,0,1,0,196,0,0,186,1,0,196,1,0,187,1,0,196,1,0,193,1,1
master_v1,second,202609232067,1,1,0,228,0,0,207,1,0,228,0,0,185,1,0,228,0,0,178,1,1
master_v1,second,202609232068,0,0,0,157,0,0,168,0,0,157,0,0,157,0,0,157,0,0,171,1,1
master_v1,second,202609232069,1,0,0,162,0,0,210,0,0,162,1,0,190,0,0,162,0,0,209,1,1
master_v1,second,202609232070,0,1,0,178,1,0,170,1,0,178,0,0,210,1,0,178,1,0,188,1,1
master_v1,second,202609232071,1,0,0,246,1,0,223,0,0,246,0,0,246,0,0,246,1,0,261,1,1
master_v1,second,202609232072,0,1,0,252,0,0,266,1,0,252,0,0,203,1,0,252,0,0,202,1,1
master_v1,second,202609232073,1,0,0,173,1,0,190,0,0,173,0,0,237,0,0,173,0,0,211,1,1
master_v1,second,202609232074,0,1,0,213,0,0,244,1,0,213,1,0,218,1,0,213,1,0,193,1,1
master_v1,second,202609232075,1,1,0,190,1,0,231,1,0,190,1,0,217,1,0,190,1,0,230,1,1
master_v1,second,202609232076,0,0,0,140,0,0,136,0,0,140,0,0,159,0,0,140,0,0,123,1,1
master_v1,second,202609232077,1,0,0,204,1,0,166,0,0,204,0,0,197,0,0,204,1,0,201,1,1
master_v1,second,202609232078,0,0,0,223,1,0,192,0,0,223,1,0,172,0,0,223,1,0,176,1,1
master_v1,second,202609232079,1,0,0,193,0,0,220,0,0,193,0,0,199,0,0,193,1,0,139,1,1
master_v1,second,202609232080,0,1,0,214,0,0,202,1,0,214,1,0,203,1,0,214,1,0,240,1,1
master_v1,second,202609232081,1,1,0,186,0,0,143,1,0,186,1,0,180,1,0,186,1,0,190,1,1
master_v1,second,202609232082,0,1,0,181,1,0,225,1,0,181,0,0,197,1,0,181,1,0,250,1,1
master_v1,second,202609232083,1,1,0,177,1,0,188,1,0,177,1,0,151,1,0,177,1,0,184,1,1
master_v1,second,202609232084,0,1,0,244,1,0,195,1,0,244,0,0,231,1,0,244,0,0,198,1,1
master_v1,second,202609232085,1,1,0,223,1,0,217,1,0,223,1,0,215,1,0,223,1,0,252,1,1
master_v1,second,202609232086,0,0,0,142,0,0,195,0,0,142,1,0,170,0,0,142,0,0,187,1,1
master_v1,second,202609232087,1,1,0,203,1,0,147,1,0,203,1,0,203,1,0,203,0,0,232,1,1
master_v1,second,202609232088,0,1,0,195,1,0,174,1,0,195,1,0,173,1,0,195,1,0,189,1,1
master_v1,second,202609232089,1,1,0,247,0,0,201,1,0,247,1,0,247,1,0,247,0,0,212,1,1
master_v1,second,202609232090,0,1,0,166,1,0,176,1,0,166,1,0,166,1,0,166,0,0,154,1,1
master_v1,second,202609232091,1,1,0,168,0,0,186,1,0,168,0,0,167,1,0,168,1,0,170,1,1
master_v1,second,202609232092,0,0,0,200,0,0,182,0,0,200,0,0,227,0,0,200,0,0,198,1,1
master_v1,second,202609232093,1,0,0,192,1,0,225,0,0,192,1,0,145,0,0,192,0,0,228,1,1
master_v1,second,202609232094,0,1,0,194,1,0,176,1,0,194,1,0,194,1,0,194,1,0,185,1,1
master_v1,second,202609232095,1,1,0,203,1,0,187,1,0,203,1,0,170,1,0,203,0,0,265,1,1
master_v1,second,202609232096,0,1,0,189,1,0,204,1,0,189,1,0,188,1,0,189,1,0,192,1,1
master_v1,second,202609232097,1,1,0,135,0,0,144,1,0,135,1,0,143,1,0,135,1,0,141,1,1
master_v1,second,202609232098,0,1,0,143,1,0,200,1,0,143,1,0,218,1,0,143,0,0,233,1,1
master_v1,second,202609232099,1,0,0,186,0,0,174,0,0,186,0,0,184,0,0,186,0,0,183,1,1
master_v1,second,202609232100,0,1,0,214,1,0,213,1,0,214,0,0,177,1,0,214,0,0,175,1,1
master_v1,second,202609232101,1,1,0,184,1,0,239,1,0,184,1,0,185,1,0,184,1,0,220,1,1
master_v1,second,202609232102,0,0,0,221,0,0,187,0,0,221,0,0,208,0,0,221,0,0,158,1,1
master_v1,second,202609232103,1,1,0,212,1,0,241,1,0,212,0,0,199,1,0,212,1,0,166,1,1
master_v1,second,202609232104,0,1,0,175,1,0,245,1,0,175,1,0,173,1,0,175,1,0,193,1,1
master_v1,second,202609232105,1,0,0,190,0,0,154,0,0,190,0,0,192,0,0,190,1,0,196,1,1
master_v1,second,202609232106,0,1,0,196,1,0,169,1,0,196,0,0,171,1,0,196,1,0,142,1,1
master_v1,second,202609232107,1,0,0,202,0,0,201,0,0,202,0,0,210,0,0,202,1,0,189,1,1
master_v1,second,202609232108,0,0,0,195,0,0,172,0,0,195,0,0,229,0,0,195,1,0,224,1,1
master_v1,second,202609232109,1,1,0,229,0,0,199,1,0,229,1,0,237,1,0,229,0,0,179,1,1
master_v1,second,202609232110,0,1,0,175,1,0,196,1,0,175,1,0,165,1,0,175,1,0,182,1,1
master_v1,second,202609232111,1,1,0,225,1,0,199,1,0,225,1,0,249,1,0,225,0,0,205,1,1
master_v1,second,202609232112,0,0,0,220,0,0,235,0,0,220,0,0,220,0,0,220,0,0,247,1,1
master_v1,second,202609232113,1,0,0,171,1,0,219,0,0,171,0,0,171,0,0,171,1,0,233,1,1
master_v1,second,202609232114,0,1,0,127,1,0,185,1,0,127,1,0,134,1,0,127,1,0,140,1,1
master_v1,second,202609232115,1,1,0,250,1,0,254,1,0,250,0,0,232,1,0,250,0,0,216,1,1
master_v1,second,202609232116,0,1,0,188,0,0,282,1,0,188,1,0,188,1,0,188,1,0,216,1,1
master_v1,second,202609232117,1,0,0,238,0,0,209,0,0,238,0,0,249,0,0,238,0,0,183,1,1
master_v1,second,202609232118,0,0,0,136,1,0,247,0,0,136,0,0,136,0,0,136,1,0,212,1,1
master_v1,second,202609232119,1,0,0,218,0,0,223,0,0,218,0,0,198,0,0,218,0,0,197,1,1
master_v1,second,202609232120,0,0,0,161,0,0,179,0,0,161,0,0,162,0,0,161,1,0,199,1,1
master_v1,second,202609232121,1,1,0,165,1,0,160,1,0,165,1,0,166,1,0,165,1,0,147,1,1
master_v1,second,202609232122,0,0,0,258,0,0,190,0,0,258,0,0,204,0,0,258,1,0,243,1,1
master_v1,second,202609232123,1,1,0,184,1,0,170,1,0,184,1,0,200,1,0,184,1,0,173,1,1
master_v1,second,202609232124,0,0,0,178,1,0,208,0,0,178,0,0,178,0,0,178,1,0,199,1,1
master_v1,second,202609232125,1,1,0,171,0,0,208,1,0,171,1,0,242,1,0,171,1,0,195,1,1
master_v1,second,202609232126,0,1,0,188,0,0,213,1,0,188,0,0,155,1,0,188,0,0,167,1,1
master_v1,second,202609232127,1,0,0,194,0,0,181,0,0,194,0,0,194,0,0,194,0,0,208,1,1
master_v1,second,202609232128,0,0,0,128,1,0,225,0,0,128,0,0,137,0,0,128,0,0,212,1,1
master_v1,second,202609232129,1,0,0,138,0,0,168,0,0,138,0,0,146,0,0,138,0,0,168,1,1
master_v1,second,202609232130,0,0,0,238,1,0,245,0,0,238,0,0,209,0,0,238,0,0,216,1,1
master_v1,second,202609232131,1,1,0,173,1,0,253,1,0,173,0,0,154,1,0,173,1,0,246,1,1
master_v1,second,202609232132,0,0,0,225,0,0,190,0,0,225,1,0,217,0,0,225,0,0,236,1,1
master_v1,second,202609232133,1,1,0,214,1,0,188,1,0,214,1,0,214,1,0,214,1,0,179,1,1
master_v1,second,202609232134,0,0,0,135,1,0,230,0,0,135,0,0,144,0,0,135,0,0,169,1,1
master_v1,second,202609232135,1,1,0,244,1,0,219,1,0,244,1,0,264,1,0,244,0,0,205,1,1
master_v1,second,202609232136,0,0,0,190,1,0,248,0,0,190,0,0,195,0,0,190,0,0,245,1,1
master_v1,second,202609232137,1,0,0,144,0,0,207,0,0,144,0,0,133,0,0,144,0,0,182,1,1
master_v1,second,202609232138,0,0,0,177,1,0,188,0,0,177,0,0,177,0,0,177,1,0,136,1,1
master_v1,second,202609232139,1,1,0,233,1,0,191,1,0,233,1,0,229,1,0,233,0,0,306,1,1
master_v1,second,202609232140,0,0,0,177,0,0,155,0,0,177,0,0,162,0,0,177,0,0,155,1,1
master_v1,second,202609232141,1,1,0,202,1,0,205,1,0,202,0,0,170,1,0,202,1,0,193,1,1
master_v1,second,202609232142,0,0,0,187,0,0,192,0,0,187,0,0,191,0,0,187,0,0,192,1,1
master_v1,second,202609232143,1,0,0,143,0,0,140,0,0,143,0,0,143,0,0,143,0,0,172,1,1
master_v1,second,202609232144,0,1,0,187,0,0,189,1,0,187,1,0,187,1,0,187,1,0,178,1,1
master_v1,second,202609232145,1,1,0,205,1,0,181,1,0,205,0,0,207,1,0,205,0,0,151,1,1
master_v1,second,202609232146,0,1,0,288,1,0,198,1,0,288,1,0,288,1,0,288,0,0,180,1,1
master_v1,second,202609232147,1,0,0,243,1,0,184,0,0,243,0,0,243,0,0,243,1,0,148,1,1
master_v1,second,202609232148,0,0,0,244,1,0,182,0,0,244,0,0,209,0,0,244,1,0,191,1,1
master_v1,second,202609232149,1,0,0,132,0,0,144,0,0,132,0,0,153,0,0,132,0,0,141,1,1
master_v1,second,202609232150,0,1,0,177,1,0,158,1,0,177,1,0,157,1,0,177,1,0,125,1,1
master_v1,second,202609232151,1,0,0,206,0,0,193,0,0,206,0,0,205,0,0,206,1,0,248,1,1
master_v1,second,202609232152,0,1,0,253,1,0,240,1,0,253,1,0,239,1,0,253,1,0,207,1,1
master_v1,second,202609232153,1,1,0,201,0,0,180,1,0,201,0,0,188,1,0,201,1,0,192,1,1
master_v1,second,202609232154,0,1,0,243,0,0,114,1,0,243,1,0,242,1,0,243,0,0,140,1,1
master_v1,second,202609232155,1,0,0,181,0,0,185,0,0,181,0,0,172,0,0,181,0,0,203,1,1
master_v1,second,202609232156,0,0,0,250,0,0,252,0,0,250,1,0,305,0,0,250,0,0,184,1,1
master_v1,second,202609232157,1,1,0,169,1,0,224,1,0,169,1,0,143,1,0,169,1,0,187,1,1
master_v1,second,202609232158,0,0,0,199,0,0,212,0,0,199,0,0,199,0,0,199,0,0,179,1,1
master_v1,second,202609232159,1,0,0,195,0,0,214,0,0,195,1,0,236,0,0,195,0,0,169,1,1
master_v1,second,202609232160,0,0,0,178,1,0,181,0,0,178,0,0,189,0,0,178,0,0,224,1,1
master_v1,second,202609232161,1,1,0,161,0,0,197,1,0,161,1,0,152,1,0,161,1,0,166,1,1
master_v1,second,202609232162,0,1,0,145,0,0,191,1,0,145,1,0,183,1,0,145,1,0,211,1,1
master_v1,second,202609232163,1,1,0,174,0,0,184,1,0,174,1,0,217,1,0,174,1,0,226,1,1
master_v1,second,202609232164,0,0,0,206,0,0,201,0,0,206,0,0,206,0,0,206,0,0,258,1,1
master_v1,second,202609232165,1,0,0,256,1,0,223,0,0,256,0,0,256,0,0,256,1,0,223,1,1
master_v1,second,202609232166,0,0,0,164,1,0,182,0,0,164,0,0,151,0,0,164,0,0,165,1,1
master_v1,second,202609232167,1,0,0,173,0,0,173,0,0,173,1,0,187,0,0,173,1,0,177,1,1
master_v1,second,202609232168,0,1,0,148,1,0,185,1,0,148,1,0,212,1,0,148,1,0,210,1,1
master_v1,second,202609232169,1,1,0,204,1,0,152,1,0,204,1,0,204,1,0,204,0,0,189,1,1
master_v1,second,202609232170,0,0,0,174,0,0,112,0,0,174,0,0,170,0,0,174,1,0,180,1,1
master_v1,second,202609232171,1,0,0,206,1,0,280,0,0,206,0,0,237,0,0,206,0,0,191,1,1
master_v1,second,202609232172,0,0,0,270,0,0,205,0,0,270,0,0,232,0,0,270,1,0,218,1,1
master_v1,second,202609232173,1,1,0,166,1,0,219,1,0,166,1,0,167,1,0,166,0,0,200,1,1
master_v1,second,202609232174,0,1,0,178,1,0,191,1,0,178,0,0,164,1,0,178,1,0,222,1,1
master_v1,second,202609232175,1,0,0,194,1,0,209,0,0,194,0,0,176,0,0,194,1,0,211,1,1
master_v1,second,202609232176,0,1,0,204,1,0,197,1,0,204,1,0,170,1,0,204,1,0,236,1,1
master_v1,second,202609232177,1,0,0,202,1,0,157,0,0,202,0,0,187,0,0,202,1,0,147,1,1
master_v1,second,202609232178,0,0,0,180,1,0,216,0,0,180,0,0,170,0,0,180,0,0,138,1,1
master_v1,second,202609232179,1,1,0,226,1,0,184,1,0,226,1,0,234,1,0,226,1,0,214,1,1
master_v1,second,202609232180,0,0,0,243,1,0,188,0,0,243,1,0,220,0,0,243,1,0,239,1,1
master_v1,second,202609232181,1,0,0,168,0,0,150,0,0,168,0,0,149,0,0,168,0,0,143,1,1
master_v1,second,202609232182,0,0,0,225,1,0,225,0,0,225,1,0,276,0,0,225,0,0,172,1,1
master_v1,second,202609232183,1,1,0,227,1,0,237,1,0,227,0,0,241,1,0,227,0,0,195,1,1
master_v1,second,202609232184,0,1,0,161,1,0,188,1,0,161,0,0,182,1,0,161,1,0,210,1,1
master_v1,second,202609232185,1,0,0,213,0,0,222,0,0,213,0,0,212,0,0,213,0,0,181,1,1
master_v1,second,202609232186,0,0,0,218,0,0,172,0,0,218,0,0,218,0,0,218,0,0,214,1,1
master_v1,second,202609232187,1,0,0,204,1,0,175,0,0,204,1,0,195,0,0,204,1,0,165,1,1
master_v1,second,202609232188,0,1,0,188,1,0,257,1,0,188,1,0,216,1,0,188,1,0,211,1,1
master_v1,second,202609232189,1,1,0,224,1,0,208,1,0,224,1,0,202,1,0,224,1,0,236,1,1
master_v1,second,202609232190,0,0,0,146,0,0,159,0,0,146,0,0,164,0,0,146,0,0,145,1,1
master_v1,second,202609232191,1,0,0,176,0,0,131,0,0,176,0,0,187,0,0,176,1,0,206,1,1
master_v1,second,202609232192,0,1,0,179,1,0,163,1,0,179,0,0,147,1,0,179,1,0,193,1,1
master_v1,second,202609232193,1,1,0,169,0,0,152,1,0,169,1,0,178,1,0,169,1,0,199,1,1
master_v1,second,202609232194,0,1,0,180,1,0,182,1,0,180,1,0,175,1,0,180,1,0,177,1,1
master_v1,second,202609232195,1,0,0,196,0,0,200,0,0,196,0,0,201,0,0,196,0,0,179,1,1
master_v1,second,202609232196,0,0,0,171,1,0,241,0,0,171,0,0,171,0,0,171,1,0,229,1,1
master_v1,second,202609232197,1,1,0,46,0,0,186,1,0,46,1,0,46,1,0,46,1,0,45,1,1
master_v1,second,202609232198,0,0,0,215,1,0,348,0,0,215,0,0,233,0,0,215,0,0,212,1,1
master_v1,second,202609232199,1,1,0,214,0,0,248,1,0,214,1,0,386,1,0,214,0,0,242,1,1
replay_refresh,first,202608233000,0,0,0,267,0,0,182,0,0,267,0,0,239,0,0,267,1,0,207,1,1
replay_refresh,first,202608233001,1,1,0,215,0,0,193,1,0,215,1,0,213,1,0,215,0,0,224,1,1
replay_refresh,first,202608233002,0,0,0,135,1,0,209,0,0,135,1,0,170,0,0,135,1,0,187,1,1
replay_refresh,first,202608233003,1,0,0,231,0,0,239,0,0,231,0,0,234,0,0,231,0,0,198,1,1
replay_refresh,first,202608233004,0,1,0,169,0,0,212,1,0,169,1,0,169,1,0,169,0,0,172,1,1
replay_refresh,first,202608233005,1,1,0,104,1,0,142,1,0,104,1,0,104,1,0,104,1,0,155,1,1
replay_refresh,first,202608233006,0,0,0,199,1,0,239,0,0,199,0,0,247,0,0,199,1,0,204,1,1
replay_refresh,first,202608233007,1,0,0,242,1,0,232,0,0,242,1,0,216,0,0,242,0,0,188,1,1
replay_refresh,first,202608233008,0,1,0,166,1,0,101,1,0,166,1,0,156,1,0,166,1,0,89,1,1
replay_refresh,first,202608233009,1,0,0,222,1,0,201,0,0,222,0,0,218,0,0,222,1,0,203,1,1
replay_refresh,first,202608233010,0,1,0,190,1,0,212,1,0,190,1,0,236,1,0,190,1,0,186,1,1
replay_refresh,first,202608233011,1,0,0,228,0,0,169,0,0,228,0,0,231,0,0,228,1,0,217,1,1
replay_refresh,first,202608233012,0,0,0,192,0,0,225,0,0,192,0,0,208,0,0,192,0,0,199,1,1
replay_refresh,first,202608233013,1,0,0,189,1,0,211,0,0,189,1,0,184,0,0,189,0,0,188,1,1
replay_refresh,first,202608233014,0,1,0,184,0,0,189,1,0,184,1,0,204,1,0,184,1,0,212,1,1
replay_refresh,first,202608233015,1,1,0,218,1,0,202,1,0,218,1,0,213,1,0,218,1,0,182,1,1
replay_refresh,first,202608233016,0,1,0,182,1,0,185,1,0,182,0,0,217,1,0,182,1,0,223,1,1
replay_refresh,first,202608233017,1,0,0,164,1,0,148,0,0,164,0,0,164,0,0,164,0,0,234,1,1
replay_refresh,first,202608233018,0,1,0,148,1,0,167,1,0,148,1,0,180,1,0,148,1,0,316,1,1
replay_refresh,first,202608233019,1,1,0,250,1,0,235,1,0,250,1,0,215,1,0,250,0,0,242,1,1
replay_refresh,first,202608233020,0,0,0,214,0,0,238,0,0,214,1,0,189,0,0,214,1,0,206,1,1
replay_refresh,first,202608233021,1,0,0,190,0,0,225,0,0,190,0,0,230,0,0,190,0,0,223,1,1
replay_refresh,first,202608233022,0,1,0,195,0,0,204,1,0,195,1,0,196,1,0,195,1,0,194,1,1
replay_refresh,first,202608233023,1,1,0,190,1,0,214,1,0,190,1,0,191,1,0,190,0,0,202,1,1
replay_refresh,first,202608233024,0,0,0,231,0,0,254,0,0,231,0,0,231,0,0,231,0,0,241,1,1
replay_refresh,first,202608233025,1,0,0,139,0,0,139,0,0,139,0,0,139,0,0,139,0,0,139,1,1
replay_refresh,first,202608233026,0,1,0,237,1,0,188,1,0,237,0,0,227,1,0,237,1,0,192,1,1
replay_refresh,first,202608233027,1,1,0,173,0,0,240,1,0,173,0,0,190,1,0,173,0,0,216,1,1
replay_refresh,first,202608233028,0,0,0,217,0,0,196,0,0,217,0,0,190,0,0,217,1,0,231,1,1
replay_refresh,first,202608233029,1,1,0,167,1,0,176,1,0,167,1,0,167,1,0,167,1,0,164,1,1
replay_refresh,first,202608233030,0,1,0,179,1,0,178,1,0,179,0,0,200,1,0,179,1,0,197,1,1
replay_refresh,first,202608233031,1,0,0,196,0,0,203,0,0,196,0,0,198,0,0,196,0,0,234,1,1
replay_refresh,first,202608233032,0,1,0,234,1,0,212,1,0,234,1,0,203,1,0,234,1,0,207,1,1
replay_refresh,first,202608233033,1,0,0,211,1,0,155,0,0,211,1,0,224,0,0,211,0,0,269,1,1
replay_refresh,first,202608233034,0,0,0,185,0,0,140,0,0,185,0,0,152,0,0,185,0,0,198,1,1
replay_refresh,first,202608233035,1,1,0,186,0,0,163,1,0,186,1,0,186,1,0,186,0,0,218,1,1
replay_refresh,first,202608233036,0,0,0,170,1,0,203,0,0,170,0,0,180,0,0,170,1,0,169,1,1
replay_refresh,first,202608233037,1,1,0,174,0,0,156,1,0,174,1,0,174,1,0,174,1,0,39,1,1
replay_refresh,first,202608233038,0,0,0,210,0,0,195,0,0,210,0,0,199,0,0,210,0,0,194,1,1
replay_refresh,first,202608233039,1,1,0,211,0,0,191,1,0,211,1,0,207,1,0,211,1,0,236,1,1
replay_refresh,first,202608233040,0,1,0,136,1,0,158,1,0,136,1,0,175,1,0,136,1,0,164,1,1
replay_refresh,first,202608233041,1,1,0,166,1,0,164,1,0,166,0,0,265,1,0,166,1,0,274,1,1
replay_refresh,first,202608233042,0,0,0,224,0,0,198,0,0,224,0,0,187,0,0,224,1,0,204,1,1
replay_refresh,first,202608233043,1,1,0,193,1,0,222,1,0,193,1,0,203,1,0,193,1,0,218,1,1
replay_refresh,first,202608233044,0,1,0,164,1,0,185,1,0,164,1,0,163,1,0,164,1,0,180,1,1
replay_refresh,first,202608233045,1,0,0,176,1,0,159,0,0,176,0,0,194,0,0,176,1,0,179,1,1
replay_refresh,first,202608233046,0,0,0,216,0,0,208,0,0,216,1,0,157,0,0,216,1,0,202,1,1
replay_refresh,first,202608233047,1,1,0,184,1,0,234,1,0,184,1,0,188,1,0,184,1,0,178,1,1
replay_refresh,first,202608233048,0,0,0,228,0,0,177,0,0,228,1,0,212,0,0,228,0,0,185,1,1
replay_refresh,first,202608233049,1,0,0,267,0,0,192,0,0,267,1,0,241,0,0,267,1,0,250,1,1
replay_refresh,first,202608233050,0,0,0,212,0,0,162,0,0,212,0,0,186,0,0,212,0,0,151,1,1
replay_refresh,first,202608233051,1,1,0,203,1,0,167,1,0,203,1,0,147,1,0,203,1,0,191,1,1
replay_refresh,first,202608233052,0,1,0,182,1,0,168,1,0,182,1,0,182,1,0,182,0,0,169,1,1
replay_refresh,first,202608233053,1,1,0,145,1,0,175,1,0,145,1,0,129,1,0,145,0,0,201,1,1
replay_refresh,first,202608233054,0,1,0,196,0,0,277,1,0,196,1,0,206,1,0,196,1,0,185,1,1
replay_refresh,first,202608233055,1,1,0,196,1,0,198,1,0,196,1,0,198,1,0,196,0,0,184,1,1
replay_refresh,first,202608233056,0,0,0,237,1,0,210,0,0,237,0,0,207,0,0,237,0,0,214,1,1
replay_refresh,first,202608233057,1,1,0,200,0,0,191,1,0,200,1,0,226,1,0,200,0,0,215,1,1
replay_refresh,first,202608233058,0,1,0,195,1,0,206,1,0,195,1,0,140,1,0,195,1,0,202,1,1
replay_refresh,first,202608233059,1,0,0,173,0,0,201,0,0,173,0,0,192,0,0,173,0,0,228,1,1
replay_refresh,first,202608233060,0,1,0,131,1,0,183,1,0,131,1,0,131,1,0,131,1,0,164,1,1
replay_refresh,first,202608233061,1,1,0,198,0,0,159,1,0,198,0,0,198,1,0,198,0,0,199,1,1
replay_refresh,first,202608233062,0,1,0,218,1,0,185,1,0,218,1,0,206,1,0,218,1,0,223,1,1
replay_refresh,first,202608233063,1,1,0,188,1,0,208,1,0,188,1,0,185,1,0,188,1,0,228,1,1
replay_refresh,first,202608233064,0,0,0,188,0,0,171,0,0,188,0,0,175,0,0,188,0,0,215,1,1
replay_refresh,first,202608233065,1,0,0,218,1,0,197,0,0,218,0,0,218,0,0,218,1,0,215,1,1
replay_refresh,first,202608233066,0,1,0,208,1,0,279,1,0,208,1,0,207,1,0,208,0,0,203,1,1
replay_refresh,first,202608233067,1,1,0,210,1,0,218,1,0,210,1,0,213,1,0,210,0,0,209,1,1
replay_refresh,first,202608233068,0,0,0,207,0,0,177,0,0,207,1,0,182,0,0,207,1,0,183,1,1
replay_refresh,first,202608233069,1,1,0,195,1,0,219,1,0,195,1,0,175,1,0,195,1,0,224,1,1
replay_refresh,first,202608233070,0,1,0,164,1,0,178,1,0,164,1,0,191,1,0,164,1,0,194,1,1
replay_refresh,first,202608233071,1,0,0,217,0,0,197,0,0,217,1,0,203,0,0,217,1,0,192,1,1
replay_refresh,first,202608233072,0,1,0,273,1,0,228,1,0,273,1,0,268,1,0,273,1,0,211,1,1
replay_refresh,first,202608233073,1,1,0,208,0,0,140,1,0,208,0,0,271,1,0,208,1,0,192,1,1
replay_refresh,first,202608233074,0,1,0,139,1,0,147,1,0,139,1,0,146,1,0,139,1,0,142,1,1
replay_refresh,first,202608233075,1,1,0,162,1,0,136,1,0,162,1,0,139,1,0,162,1,0,140,1,1
replay_refresh,first,202608233076,0,1,0,179,0,0,195,1,0,179,0,0,159,1,0,179,1,0,173,1,1
replay_refresh,first,202608233077,1,1,0,175,1,0,206,1,0,175,1,0,171,1,0,175,0,0,220,1,1
replay_refresh,first,202608233078,0,0,0,206,1,0,189,0,0,206,0,0,194,0,0,206,1,0,182,1,1
replay_refresh,first,202608233079,1,1,0,200,1,0,218,1,0,200,1,0,210,1,0,200,1,0,261,1,1
replay_refresh,first,202608233080,0,1,0,266,0,0,257,1,0,266,1,0,265,1,0,266,1,0,214,1,1
replay_refresh,first,202608233081,1,1,0,142,1,0,150,1,0,142,1,0,146,1,0,142,1,0,163,1,1
replay_refresh,first,202608233082,0,0,0,128,1,0,131,0,0,128,0,0,128,0,0,128,1,0,167,1,1
replay_refresh,first,202608233083,1,1,0,170,0,0,196,1,0,170,1,0,179,1,0,170,0,0,164,1,1
replay_refresh,first,202608233084,0,0,0,155,0,0,206,0,0,155,0,0,155,0,0,155,1,0,216,1,1
replay_refresh,first,202608233085,1,0,0,181,1,0,201,0,0,181,0,0,166,0,0,181,1,0,190,1,1
replay_refresh,first,202608233086,0,0,0,166,0,0,196,0,0,166,1,0,191,0,0,166,1,0,186,1,1
replay_refresh,first,202608233087,1,1,0,211,1,0,194,1,0,211,1,0,225,1,0,211,1,0,209,1,1
replay_refresh,first,202608233088,0,1,0,201,0,0,184,1,0,201,0,0,191,1,0,201,0,0,203,1,1
replay_refresh,first,202608233089,1,0,0,196,0,0,236,0,0,196,0,0,166,0,0,196,0,0,227,1,1
replay_refresh,first,202608233090,0,1,0,155,0,0,201,1,0,155,1,0,175,1,0,155,1,0,164,1,1
replay_refresh,first,202608233091,1,0,0,196,0,0,198,0,0,196,0,0,206,0,0,196,0,0,198,1,1
replay_refresh,first,202608233092,0,0,0,244,0,0,266,0,0,244,0,0,235,0,0,244,0,0,233,1,1
replay_refresh,first,202608233093,1,1,0,170,0,0,213,1,0,170,0,0,195,1,0,170,1,0,189,1,1
replay_refresh,first,202608233094,0,0,0,228,1,0,199,0,0,228,0,0,194,0,0,228,1,0,228,1,1
replay_refresh,first,202608233095,1,0,0,167,1,0,260,0,0,167,0,0,200,0,0,167,1,0,126,1,1
replay_refresh,first,202608233096,0,0,0,218,0,0,204,0,0,218,0,0,251,0,0,218,1,0,218,1,1
replay_refresh,first,202608233097,1,1,0,174,0,0,207,1,0,174,1,0,196,1,0,174,0,0,188,1,1
replay_refresh,first,202608233098,0,1,0,209,1,0,162,1,0,209,1,0,196,1,0,209,1,0,188,1,1
replay_refresh,first,202608233099,1,1,0,184,0,0,180,1,0,184,1,0,185,1,0,184,1,0,172,1,1
replay_refresh,first,202608233100,0,0,0,213,1,0,188,0,0,213,0,0,213,0,0,213,0,0,234,1,1
replay_refresh,first,202608233101,1,1,0,206,1,0,217,1,0,206,1,0,267,1,0,206,1,0,223,1,1
replay_refresh,first,202608233102,0,0,0,196,0,0,176,0,0,196,0,0,196,0,0,196,1,0,170,1,1
replay_refresh,first,202608233103,1,0,0,161,1,0,218,0,0,161,1,0,209,0,0,161,1,0,201,1,1
replay_refresh,first,202608233104,0,0,0,191,1,0,171,0,0,191,1,0,195,0,0,191,1,0,211,1,1
replay_refresh,first,202608233105,1,1,0,173,0,0,171,1,0,173,1,0,173,1,0,173,1,0,154,1,1
replay_refresh,first,202608233106,0,0,0,179,0,0,210,0,0,179,1,0,207,0,0,179,1,0,118,1,1
replay_refresh,first,202608233107,1,0,0,213,0,0,176,0,0,213,0,0,264,0,0,213,0,0,202,1,1
replay_refresh,first,202608233108,0,1,0,236,1,0,169,1,0,236,1,0,160,1,0,236,1,0,156,1,1
replay_refresh,first,202608233109,1,0,0,176,0,0,214,0,0,176,0,0,186,0,0,176,0,0,174,1,1
replay_refresh,first,202608233110,0,0,0,239,0,0,206,0,0,239,0,0,252,0,0,239,0,0,178,1,1
replay_refresh,first,202608233111,1,0,0,197,1,0,193,0,0,197,1,0,222,0,0,197,1,0,184,1,1
replay_refresh,first,202608233112,0,1,0,184,0,0,197,1,0,184,1,0,191,1,0,184,0,0,170,1,1
replay_refresh,first,202608233113,1,0,0,194,0,0,191,0,0,194,0,0,210,0,0,194,0,0,179,1,1
replay_refresh,first,202608233114,0,1,0,197,1,0,234,1,0,197,1,0,173,1,0,197,1,0,212,1,1
replay_refresh,first,202608233115,1,0,0,182,0,0,200,0,0,182,1,0,207,0,0,182,0,0,200,1,1
replay_refresh,first,202608233116,0,1,0,182,0,0,159,1,0,182,1,0,182,1,0,182,1,0,190,1,1
replay_refresh,first,202608233117,1,0,0,198,0,0,216,0,0,198,0,0,196,0,0,198,1,0,176,1,1
replay_refresh,first,202608233118,0,0,0,188,0,0,204,0,0,188,0,0,177,0,0,188,0,0,186,1,1
replay_refresh,first,202608233119,1,1,0,204,0,0,215,1,0,204,0,0,184,1,0,204,0,0,167,1,1
replay_refresh,first,202608233120,0,0,0,197,1,0,164,0,0,197,0,0,197,0,0,197,1,0,174,1,1
replay_refresh,first,202608233121,1,0,0,163,0,0,163,0,0,163,0,0,163,0,0,163,0,0,195,1,1
replay_refresh,first,202608233122,0,0,0,192,0,0,190,0,0,192,0,0,247,0,0,192,1,0,154,1,1
replay_refresh,first,202608233123,1,0,0,178,0,0,195,0,0,178,0,0,184,0,0,178,1,0,173,1,1
replay_refresh,first,202608233124,0,1,0,201,1,0,176,1,0,201,1,0,178,1,0,201,1,0,159,1,1
replay_refresh,first,202608233125,1,0,0,177,0,0,187,0,0,177,0,0,181,0,0,177,1,0,152,1,1
replay_refresh,first,202608233126,0,0,0,225,1,0,210,0,0,225,1,0,197,0,0,225,1,0,209,1,1
replay_refresh,first,202608233127,1,0,0,203,1,0,197,0,0,203,0,0,205,0,0,203,0,0,170,1,1
replay_refresh,first,202608233128,0,1,0,218,1,0,191,1,0,218,0,0,227,1,0,218,1,0,213,1,1
replay_refresh,first,202608233129,1,1,0,190,0,0,206,1,0,190,1,0,187,1,0,190,1,0,193,1,1
replay_refresh,first,202608233130,0,0,0,182,1,0,180,0,0,182,1,0,164,0,0,182,1,0,151,1,1
replay_refresh,first,202608233131,1,1,0,220,1,0,207,1,0,220,1,0,199,1,0,220,1,0,207,1,1
replay_refresh,first,202608233132,0,0,0,219,0,0,213,0,0,219,0,0,235,0,0,219,0,0,243,1,1
replay_refresh,first,202608233133,1,1,0,198,1,0,156,1,0,198,0,0,248,1,0,198,1,0,156,1,1
replay_refresh,first,202608233134,0,1,0,174,1,0,169,1,0,174,1,0,174,1,0,174,1,0,175,1,1
replay_refresh,first,202608233135,1,1,0,205,0,0,210,1,0,205,1,0,238,1,0,205,0,0,202,1,1
replay_refresh,first,202608233136,0,0,0,144,0,0,166,0,0,144,1,0,202,0,0,144,0,0,175,1,1
replay_refresh,first,202608233137,1,0,0,204,0,0,184,0,0,204,0,0,202,0,0,204,0,0,187,1,1
replay_refresh,first,202608233138,0,0,0,177,0,0,141,0,0,177,1,0,125,0,0,177,0,0,216,1,1
replay_refresh,first,202608233139,1,1,0,158,1,0,155,1,0,158,0,0,239,1,0,158,0,0,229,1,1
replay_refresh,first,202608233140,0,1,0,218,0,0,151,1,0,218,0,0,154,1,0,218,0,0,161,1,1
replay_refresh,first,202608233141,1,0,0,172,0,0,161,0,0,172,0,0,172,0,0,172,1,0,170,1,1
replay_refresh,first,202608233142,0,1,0,169,0,0,183,1,0,169,0,0,176,1,0,169,0,0,195,1,1
replay_refresh,first,202608233143,1,0,0,121,0,0,204,0,0,121,0,0,121,0,0,121,0,0,142,1,1
replay_refresh,first,202608233144,0,1,0,229,1,0,175,1,0,229,1,0,149,1,0,229,1,0,160,1,1
replay_refresh,first,202608233145,1,1,0,199,0,0,208,1,0,199,1,0,192,1,0,199,1,0,223,1,1
replay_refresh,first,202608233146,0,0,0,187,0,0,230,0,0,187,0,0,187,0,0,187,0,0,171,1,1
replay_refresh,first,202608233147,1,1,0,193,1,0,161,1,0,193,0,0,207,1,0,193,1,0,177,1,1
replay_refresh,first,202608233148,0,1,0,131,1,0,177,1,0,131,1,0,137,1,0,131,0,0,228,1,1
replay_refresh,first,202608233149,1,1,0,209,0,0,176,1,0,209,1,0,201,1,0,209,1,0,206,1,1
replay_refresh,first,202608233150,0,0,0,193,1,0,186,0,0,193,0,0,181,0,0,193,1,0,182,1,1
replay_refresh,first,202608233151,1,1,0,185,1,0,169,1,0,185,1,0,185,1,0,185,1,0,130,1,1
replay_refresh,first,202608233152,0,1,0,167,1,0,198,1,0,167,1,0,165,1,0,167,1,0,186,1,1
replay_refresh,first,202608233153,1,0,0,198,0,0,195,0,0,198,1,0,186,0,0,198,1,0,166,1,1
replay_refresh,first,202608233154,0,1,0,197,0,0,182,1,0,197,1,0,193,1,0,197,1,0,194,1,1
replay_refresh,first,202608233155,1,0,0,173,1,0,198,0,0,173,0,0,171,0,0,173,1,0,224,1,1
replay_refresh,first,202608233156,0,1,0,234,1,0,149,1,0,234,0,0,183,1,0,234,0,0,205,1,1
replay_refresh,first,202608233157,1,0,0,172,1,0,209,0,0,172,1,0,221,0,0,172,1,0,215,1,1
replay_refresh,first,202608233158,0,1,0,217,1,0,176,1,0,217,1,0,155,1,0,217,1,0,193,1,1
replay_refresh,first,202608233159,1,1,0,211,1,0,175,1,0,211,1,0,143,1,0,211,1,0,227,1,1
replay_refresh,first,202608233160,0,1,0,219,0,0,203,1,0,219,0,0,210,1,0,219,1,0,239,1,1
replay_refresh,first,202608233161,1,0,0,251,1,0,199,0,0,251,0,0,251,0,0,251,0,0,215,1,1
replay_refresh,first,202608233162,0,1,0,192,1,0,176,1,0,192,0,0,215,1,0,192,0,0,215,1,1
replay_refresh,first,202608233163,1,0,0,260,1,0,211,0,0,260,0,0,231,0,0,260,0,0,215,1,1
replay_refresh,first,202608233164,0,1,0,232,1,0,243,1,0,232,1,0,205,1,0,232,0,0,223,1,1
replay_refresh,first,202608233165,1,1,0,154,1,0,186,1,0,154,0,0,165,1,0,154,0,0,159,1,1
replay_refresh,first,202608233166,0,0,0,206,1,0,186,0,0,206,0,0,204,0,0,206,0,0,183,1,1
replay_refresh,first,202608233167,1,1,0,143,1,0,148,1,0,143,1,0,147,1,0,143,1,0,191,1,1
replay_refresh,first,202608233168,0,0,0,179,0,0,170,0,0,179,0,0,179,0,0,179,0,0,169,1,1
replay_refresh,first,202608233169,1,1,0,145,1,0,180,1,0,145,1,0,145,1,0,145,1,0,151,1,1
replay_refresh,first,202608233170,0,1,0,267,1,0,168,1,0,267,1,0,219,1,0,267,1,0,156,1,1
replay_refresh,first,202608233171,1,1,0,138,1,0,134,1,0,138,1,0,138,1,0,138,1,0,148,1,1
replay_refresh,first,202608233172,0,1,0,193,1,0,190,1,0,193,1,0,189,1,0,193,1,0,210,1,1
replay_refresh,first,202608233173,1,0,0,185,1,0,234,0,0,185,0,0,252,0,0,185,0,0,190,1,1
replay_refresh,first,202608233174,0,1,0,198,1,0,158,1,0,198,1,0,180,1,0,198,1,0,140,1,1
replay_refresh,first,202608233175,1,1,0,174,1,0,246,1,0,174,1,0,174,1,0,174,1,0,39,1,1
replay_refresh,first,202608233176,0,1,0,215,1,0,161,1,0,215,0,0,236,1,0,215,1,0,152,1,1
replay_refresh,first,202608233177,1,0,0,181,0,0,187,0,0,181,0,0,190,0,0,181,1,0,163,1,1
replay_refresh,first,202608233178,0,1,0,176,1,0,195,1,0,176,1,0,172,1,0,176,1,0,163,1,1
replay_refresh,first,202608233179,1,0,0,183,1,0,233,0,0,183,0,0,239,0,0,183,1,0,225,1,1
replay_refresh,first,202608233180,0,0,0,203,1,0,127,0,0,203,1,0,205,0,0,203,1,0,129,1,1
replay_refresh,first,202608233181,1,1,0,190,1,0,197,1,0,190,1,0,187,1,0,190,0,0,149,1,1
replay_refresh,first,202608233182,0,0,0,207,1,0,195,0,0,207,0,0,184,0,0,207,1,0,173,1,1
replay_refresh,first,202608233183,1,1,0,173,1,0,237,1,0,173,1,0,240,1,0,173,0,0,212,1,1
replay_refresh,first,202608233184,0,1,0,181,1,0,194,1,0,181,1,0,160,1,0,181,1,0,189,1,1
replay_refresh,first,202608233185,1,0,0,160,1,0,169,0,0,160,1,0,194,0,0,160,1,0,191,1,1
replay_refresh,first,202608233186,0,1,0,172,0,0,170,1,0,172,1,0,170,1,0,172,1,0,219,1,1
replay_refresh,first,202608233187,1,1,0,189,1,0,183,1,0,189,1,0,223,1,0,189,1,0,233,1,1
replay_refresh,first,202608233188,0,0,0,228,0,0,177,0,0,228,0,0,228,0,0,228,0,0,214,1,1
replay_refresh,first,202608233189,1,1,0,244,1,0,249,1,0,244,0,0,237,1,0,244,1,0,193,1,1
replay_refresh,first,202608233190,0,1,0,210,1,0,160,1,0,210,1,0,198,1,0,210,1,0,150,1,1
replay_refresh,first,202608233191,1,1,0,179,0,0,186,1,0,179,1,0,179,1,0,179,1,0,220,1,1
replay_refresh,first,202608233192,0,0,0,206,0,0,173,0,0,206,0,0,207,0,0,206,0,0,209,1,1
replay_refresh,first,202608233193,1,1,0,185,1,0,185,1,0,185,1,0,185,1,0,185,1,0,189,1,1
replay_refresh,first,202608233194,0,0,0,170,0,0,172,0,0,170,0,0,204,0,0,170,0,0,167,1,1
replay_refresh,first,202608233195,1,1,0,183,1,0,205,1,0,183,1,0,172,1,0,183,1,0,187,1,1
replay_refresh,first,202608233196,0,0,0,196,1,0,233,0,0,196,0,0,193,0,0,196,0,0,231,1,1
replay_refresh,first,202608233197,1,1,0,219,1,0,193,1,0,219,0,0,241,1,0,219,0,0,229,1,1
replay_refresh,first,202608233198,0,0,0,221,0,0,227,0,0,221,0,0,187,0,0,221,0,0,207,1,1
replay_refresh,first,202608233199,1,0,0,141,0,0,204,0,0,141,0,0,143,0,0,141,0,0,156,1,1
replay_refresh,second,202609233000,0,1,0,197,1,0,188,1,0,197,1,0,197,1,0,197,1,0,219,1,1
replay_refresh,second,202609233001,1,0,0,174,1,0,199,0,0,174,0,0,198,0,0,174,1,0,184,1,1
replay_refresh,second,202609233002,0,1,0,211,0,0,210,1,0,211,0,0,211,1,0,211,1,0,203,1,1
replay_refresh,second,202609233003,1,1,0,221,1,0,165,1,0,221,1,0,227,1,0,221,1,0,206,1,1
replay_refresh,second,202609233004,0,0,0,154,0,0,200,0,0,154,0,0,154,0,0,154,0,0,177,1,1
replay_refresh,second,202609233005,1,1,0,234,0,0,185,1,0,234,1,0,240,1,0,234,0,0,195,1,1
replay_refresh,second,202609233006,0,1,0,221,1,0,215,1,0,221,1,0,239,1,0,221,0,0,204,1,1
replay_refresh,second,202609233007,1,1,0,153,1,0,152,1,0,153,1,0,162,1,0,153,0,0,210,1,1
replay_refresh,second,202609233008,0,1,0,224,0,0,221,1,0,224,0,0,220,1,0,224,0,0,237,1,1
replay_refresh,second,202609233009,1,1,0,204,1,0,181,1,0,204,1,0,204,1,0,204,1,0,180,1,1
replay_refresh,second,202609233010,0,1,0,195,1,0,209,1,0,195,1,0,195,1,0,195,1,0,172,1,1
replay_refresh,second,202609233011,1,1,0,193,0,0,193,1,0,193,0,0,181,1,0,193,0,0,184,1,1
replay_refresh,second,202609233012,0,0,0,317,1,0,261,0,0,317,1,0,302,0,0,317,0,0,258,1,1
replay_refresh,second,202609233013,1,1,0,206,1,0,181,1,0,206,0,0,181,1,0,206,1,0,178,1,1
replay_refresh,second,202609233014,0,1,0,161,1,0,162,1,0,161,1,0,161,1,0,161,0,0,215,1,1
replay_refresh,second,202609233015,1,1,0,210,0,0,205,1,0,210,1,0,236,1,0,210,1,0,233,1,1
replay_refresh,second,202609233016,0,0,0,159,1,0,178,0,0,159,0,0,183,0,0,159,0,0,243,1,1
replay_refresh,second,202609233017,1,1,0,247,0,0,154,1,0,247,0,0,251,1,0,247,1,0,244,1,1
replay_refresh,second,202609233018,0,0,0,186,0,0,162,0,0,186,0,0,193,0,0,186,0,0,198,1,1
replay_refresh,second,202609233019,1,1,0,187,1,0,182,1,0,187,1,0,157,1,0,187,1,0,164,1,1
replay_refresh,second,202609233020,0,1,0,225,0,0,220,1,0,225,0,0,205,1,0,225,0,0,217,1,1
replay_refresh,second,202609233021,1,1,0,186,0,0,182,1,0,186,1,0,176,1,0,186,0,0,150,1,1
replay_refresh,second,202609233022,0,0,0,160,0,0,160,0,0,160,0,0,178,0,0,160,0,0,205,1,1
replay_refresh,second,202609233023,1,1,0,166,0,0,222,1,0,166,1,0,170,1,0,166,1,0,179,1,1
replay_refresh,second,202609233024,0,0,0,163,1,0,174,0,0,163,1,0,139,0,0,163,1,0,155,1,1
replay_refresh,second,202609233025,1,1,0,241,1,0,220,1,0,241,1,0,179,1,0,241,1,0,190,1,1
replay_refresh,second,202609233026,0,1,0,225,1,0,210,1,0,225,1,0,225,1,0,225,1,0,208,1,1
replay_refresh,second,202609233027,1,0,0,166,0,0,195,0,0,166,0,0,166,0,0,166,0,0,182,1,1
replay_refresh,second,202609233028,0,0,0,188,0,0,197,0,0,188,0,0,227,0,0,188,0,0,225,1,1
replay_refresh,second,202609233029,1,1,0,188,1,0,194,1,0,188,1,0,156,1,0,188,1,0,156,1,1
replay_refresh,second,202609233030,0,1,0,224,0,0,173,1,0,224,0,0,239,1,0,224,0,0,201,1,1
replay_refresh,second,202609233031,1,0,0,185,0,0,120,0,0,185,0,0,185,0,0,185,0,0,178,1,1
replay_refresh,second,202609233032,0,0,0,212,0,0,252,0,0,212,0,0,216,0,0,212,0,0,208,1,1
replay_refresh,second,202609233033,1,0,0,179,0,0,258,0,0,179,1,0,160,0,0,179,1,0,134,1,1
replay_refresh,second,202609233034,0,1,0,70,0,0,236,1,0,70,1,0,217,1,0,70,0,0,201,1,1
replay_refresh,second,202609233035,1,0,0,207,1,0,122,0,0,207,0,0,207,0,0,207,1,0,147,1,1
replay_refresh,second,202609233036,0,1,0,190,0,0,215,1,0,190,1,0,182,1,0,190,1,0,195,1,1
replay_refresh,second,202609233037,1,1,0,213,1,0,230,1,0,213,1,0,195,1,0,213,1,0,205,1,1
replay_refresh,second,202609233038,0,0,0,178,1,0,210,0,0,178,0,0,141,0,0,178,0,0,186,1,1
replay_refresh,second,202609233039,1,0,0,174,0,0,183,0,0,174,0,0,174,0,0,174,0,0,199,1,1
replay_refresh,second,202609233040,0,1,0,242,1,0,186,1,0,242,1,0,176,1,0,242,0,0,176,1,1
replay_refresh,second,202609233041,1,0,1,226,1,0,196,0,1,226,0,0,181,0,1,226,0,0,215,1,1
replay_refresh,second,202609233042,0,0,0,220,0,0,193,0,0,220,0,0,220,0,0,220,0,0,207,1,1
replay_refresh,second,202609233043,1,1,0,170,1,0,206,1,0,170,1,0,170,1,0,170,0,0,205,1,1
replay_refresh,second,202609233044,0,1,0,165,0,0,199,1,0,165,1,0,212,1,0,165,1,0,203,1,1
replay_refresh,second,202609233045,1,1,0,206,1,0,163,1,0,206,0,0,242,1,0,206,0,0,214,1,1
replay_refresh,second,202609233046,0,0,0,188,0,0,224,0,0,188,0,0,183,0,0,188,0,0,213,1,1
replay_refresh,second,202609233047,1,0,0,191,0,0,181,0,0,191,0,0,189,0,0,191,1,0,196,1,1
replay_refresh,second,202609233048,0,0,0,217,0,0,160,0,0,217,0,0,227,0,0,217,1,0,171,1,1
replay_refresh,second,202609233049,1,0,0,228,0,0,225,0,0,228,0,0,168,0,0,228,1,0,142,1,1
replay_refresh,second,202609233050,0,0,0,143,0,0,152,0,0,143,1,0,161,0,0,143,0,0,150,1,1
replay_refresh,second,202609233051,1,1,0,180,0,0,184,1,0,180,1,0,204,1,0,180,1,0,215,1,1
replay_refresh,second,202609233052,0,0,0,183,0,0,184,0,0,183,0,0,149,0,0,183,0,0,206,1,1
replay_refresh,second,202609233053,1,0,0,212,0,0,197,0,0,212,0,0,212,0,0,212,1,0,207,1,1
replay_refresh,second,202609233054,0,1,0,165,1,0,167,1,0,165,0,0,181,1,0,165,1,0,171,1,1
replay_refresh,second,202609233055,1,1,0,214,1,0,148,1,0,214,1,0,199,1,0,214,1,0,166,1,1
replay_refresh,second,202609233056,0,1,0,214,1,0,192,1,0,214,1,0,190,1,0,214,1,0,193,1,1
replay_refresh,second,202609233057,1,0,0,195,0,0,199,0,0,195,1,0,215,0,0,195,1,0,169,1,1
replay_refresh,second,202609233058,0,0,0,280,0,0,154,0,0,280,0,0,248,0,0,280,0,0,214,1,1
replay_refresh,second,202609233059,1,0,0,192,0,0,212,0,0,192,0,0,202,0,0,192,0,0,219,1,1
replay_refresh,second,202609233060,0,0,0,208,0,0,213,0,0,208,0,0,188,0,0,208,0,0,187,1,1
replay_refresh,second,202609233061,1,1,0,233,1,0,163,1,0,233,1,0,202,1,0,233,1,0,153,1,1
replay_refresh,second,202609233062,0,1,0,180,0,0,200,1,0,180,1,0,187,1,0,180,0,0,203,1,1
replay_refresh,second,202609233063,1,0,0,169,1,0,215,0,0,169,0,0,169,0,0,169,1,0,197,1,1
replay_refresh,second,202609233064,0,1,0,211,1,0,222,1,0,211,1,0,210,1,0,211,0,0,236,1,1
replay_refresh,second,202609233065,1,1,0,193,0,0,173,1,0,193,1,0,159,1,0,193,1,0,182,1,1
replay_refresh,second,202609233066,0,1,0,194,1,0,189,1,0,194,1,0,195,1,0,194,1,0,213,1,1
replay_refresh,second,202609233067,1,0,0,190,0,0,192,0,0,190,0,0,190,0,0,190,0,0,190,1,1
replay_refresh,second,202609233068,0,0,0,201,1,0,214,0,0,201,0,0,180,0,0,201,0,0,188,1,1
replay_refresh,second,202609233069,1,1,0,261,1,0,222,1,0,261,1,0,237,1,0,261,0,0,148,1,1
replay_refresh,second,202609233070,0,1,0,253,1,0,223,1,0,253,1,0,267,1,0,253,1,0,204,1,1
replay_refresh,second,202609233071,1,0,0,228,1,0,216,0,0,228,1,0,217,0,0,228,1,0,216,1,1
replay_refresh,second,202609233072,0,1,0,199,0,0,200,1,0,199,1,0,192,1,0,199,1,0,161,1,1
replay_refresh,second,202609233073,1,0,0,190,1,0,211,0,0,190,0,0,194,0,0,190,1,0,211,1,1
replay_refresh,second,202609233074,0,0,0,231,0,0,173,0,0,231,1,0,195,0,0,231,1,0,201,1,1
replay_refresh,second,202609233075,1,1,0,101,1,0,118,1,0,101,1,0,106,1,0,101,1,0,118,1,1
replay_refresh,second,202609233076,0,0,0,142,0,0,240,0,0,142,0,0,142,0,0,142,0,0,186,1,1
replay_refresh,second,202609233077,1,0,0,210,1,0,234,0,0,210,0,0,235,0,0,210,0,0,209,1,1
replay_refresh,second,202609233078,0,0,0,166,0,0,187,0,0,166,0,0,166,0,0,166,0,0,158,1,1
replay_refresh,second,202609233079,1,1,0,148,1,0,144,1,0,148,1,0,152,1,0,148,1,0,138,1,1
replay_refresh,second,202609233080,0,0,0,69,0,0,69,0,0,69,0,0,120,0,0,69,0,0,123,1,1
replay_refresh,second,202609233081,1,1,0,199,1,0,187,1,0,199,1,0,227,1,0,199,1,0,257,1,1
replay_refresh,second,202609233082,0,0,0,214,0,0,198,0,0,214,0,0,214,0,0,214,1,0,224,1,1
replay_refresh,second,202609233083,1,1,0,166,1,0,146,1,0,166,1,0,132,1,0,166,1,0,213,1,1
replay_refresh,second,202609233084,0,1,0,208,0,0,190,1,0,208,1,0,211,1,0,208,1,0,192,1,1
replay_refresh,second,202609233085,1,1,0,226,1,0,205,1,0,226,1,0,226,1,0,226,0,0,215,1,1
replay_refresh,second,202609233086,0,0,0,173,1,0,199,0,0,173,0,0,186,0,0,173,0,0,221,1,1
replay_refresh,second,202609233087,1,0,0,164,0,0,191,0,0,164,0,0,170,0,0,164,0,0,206,1,1
replay_refresh,second,202609233088,0,0,0,274,0,0,219,0,0,274,0,0,263,0,0,274,1,0,197,1,1
replay_refresh,second,202609233089,1,1,0,256,0,0,208,1,0,256,1,0,250,1,0,256,1,0,172,1,1
replay_refresh,second,202609233090,0,1,0,197,1,0,219,1,0,197,1,0,246,1,0,197,1,0,229,1,1
replay_refresh,second,202609233091,1,1,0,183,1,0,178,1,0,183,1,0,210,1,0,183,1,0,204,1,1
replay_refresh,second,202609233092,0,0,0,248,0,0,208,0,0,248,0,0,293,0,0,248,0,0,185,1,1
replay_refresh,second,202609233093,1,1,0,206,0,0,220,1,0,206,0,0,156,1,0,206,0,0,261,1,1
replay_refresh,second,202609233094,0,1,0,168,1,0,129,1,0,168,1,0,186,1,0,168,0,0,194,1,1
replay_refresh,second,202609233095,1,0,0,201,1,0,210,0,0,201,0,0,235,0,0,201,1,0,174,1,1
replay_refresh,second,202609233096,0,1,0,236,1,0,225,1,0,236,1,0,254,1,0,236,1,0,213,1,1
replay_refresh,second,202609233097,1,0,0,121,0,0,121,0,0,121,0,0,121,0,0,121,1,0,249,1,1
replay_refresh,second,202609233098,0,1,0,196,1,0,211,1,0,196,1,0,208,1,0,196,1,0,175,1,1
replay_refresh,second,202609233099,1,1,0,191,0,0,141,1,0,191,1,0,191,1,0,191,1,0,191,1,1
replay_refresh,second,202609233100,0,0,0,164,0,0,164,0,0,164,0,0,233,0,0,164,0,0,266,1,1
replay_refresh,second,202609233101,1,0,0,185,0,0,205,0,0,185,0,0,193,0,0,185,0,0,201,1,1
replay_refresh,second,202609233102,0,0,0,170,0,0,152,0,0,170,0,0,163,0,0,170,0,0,152,1,1
replay_refresh,second,202609233103,1,1,0,203,1,0,188,1,0,203,1,0,202,1,0,203,0,0,142,1,1
replay_refresh,second,202609233104,0,1,0,165,1,0,176,1,0,165,1,0,188,1,0,165,0,0,169,1,1
replay_refresh,second,202609233105,1,0,0,183,0,0,232,0,0,183,1,0,195,0,0,183,1,0,205,1,1
replay_refresh,second,202609233106,0,0,0,230,0,0,257,0,0,230,1,0,203,0,0,230,1,0,216,1,1
replay_refresh,second,202609233107,1,0,0,159,0,0,183,0,0,159,0,0,171,0,0,159,0,0,190,1,1
replay_refresh,second,202609233108,0,1,0,197,0,0,276,1,0,197,0,0,204,1,0,197,1,0,213,1,1
replay_refresh,second,202609233109,1,0,0,202,1,0,203,0,0,202,0,0,202,0,0,202,1,0,216,1,1
replay_refresh,second,202609233110,0,0,0,252,0,0,185,0,0,252,1,0,224,0,0,252,1,0,191,1,1
replay_refresh,second,202609233111,1,1,0,220,1,0,225,1,0,220,1,0,218,1,0,220,1,0,216,1,1
replay_refresh,second,202609233112,0,0,0,165,0,0,155,0,0,165,0,0,165,0,0,165,1,0,219,1,1
replay_refresh,second,202609233113,1,0,0,32,0,0,210,0,0,32,0,0,32,0,0,32,0,0,175,1,1
replay_refresh,second,202609233114,0,0,0,206,1,0,190,0,0,206,1,0,208,0,0,206,1,0,231,1,1
replay_refresh,second,202609233115,1,0,0,240,0,0,233,0,0,240,1,0,189,0,0,240,1,0,182,1,1
replay_refresh,second,202609233116,0,0,0,207,0,0,147,0,0,207,0,0,211,0,0,207,0,0,174,1,1
replay_refresh,second,202609233117,1,0,0,233,1,0,216,0,0,233,1,0,218,0,0,233,1,0,195,1,1
replay_refresh,second,202609233118,0,0,0,260,0,0,158,0,0,260,0,0,231,0,0,260,0,0,204,1,1
replay_refresh,second,202609233119,1,1,0,188,1,0,169,1,0,188,1,0,166,1,0,188,1,0,164,1,1
replay_refresh,second,202609233120,0,1,0,184,0,0,195,1,0,184,1,0,184,1,0,184,0,0,170,1,1
replay_refresh,second,202609233121,1,1,0,171,0,0,216,1,0,171,0,0,170,1,0,171,0,0,230,1,1
replay_refresh,second,202609233122,0,1,0,190,1,0,220,1,0,190,0,0,156,1,0,190,0,0,198,1,1
replay_refresh,second,202609233123,1,1,0,201,1,0,207,1,0,201,1,0,235,1,0,201,1,0,196,1,1
replay_refresh,second,202609233124,0,1,0,191,1,0,167,1,0,191,1,0,191,1,0,191,1,0,163,1,1
replay_refresh,second,202609233125,1,0,0,210,0,0,176,0,0,210,0,0,209,0,0,210,0,0,183,1,1
replay_refresh,second,202609233126,0,0,0,197,0,0,185,0,0,197,0,0,215,0,0,197,1,0,172,1,1
replay_refresh,second,202609233127,1,1,0,236,0,0,200,1,0,236,0,0,237,1,0,236,1,0,223,1,1
replay_refresh,second,202609233128,0,0,0,172,0,0,182,0,0,172,1,0,166,0,0,172,1,0,216,1,1
replay_refresh,second,202609233129,1,1,0,204,1,0,230,1,0,204,1,0,188,1,0,204,0,0,185,1,1
replay_refresh,second,202609233130,0,0,0,170,0,0,149,0,0,170,1,0,181,0,0,170,1,0,222,1,1
replay_refresh,second,202609233131,1,1,0,192,1,0,206,1,0,192,1,0,192,1,0,192,1,0,210,1,1
replay_refresh,second,202609233132,0,1,0,185,1,0,188,1,0,185,1,0,191,1,0,185,1,0,205,1,1
replay_refresh,second,202609233133,1,1,0,224,1,0,246,1,0,224,1,0,209,1,0,224,1,0,184,1,1
replay_refresh,second,202609233134,0,1,0,180,1,0,210,1,0,180,1,0,180,1,0,180,1,0,174,1,1
replay_refresh,second,202609233135,1,1,0,224,1,0,181,1,0,224,1,0,224,1,0,224,1,0,173,1,1
replay_refresh,second,202609233136,0,0,0,211,1,0,202,0,0,211,0,0,166,0,0,211,1,0,180,1,1
replay_refresh,second,202609233137,1,1,0,130,1,0,91,1,0,130,1,0,134,1,0,130,0,0,216,1,1
replay_refresh,second,202609233138,0,1,0,230,1,0,244,1,0,230,1,0,230,1,0,230,1,0,241,1,1
replay_refresh,second,202609233139,1,0,0,195,1,0,184,0,0,195,1,0,187,0,0,195,1,0,154,1,1
replay_refresh,second,202609233140,0,1,0,202,0,0,182,1,0,202,0,0,201,1,0,202,0,0,192,1,1
replay_refresh,second,202609233141,1,0,0,207,0,0,228,0,0,207,0,0,237,0,0,207,0,0,213,1,1
replay_refresh,second,202609233142,0,0,0,170,0,0,163,0,0,170,0,0,171,0,0,170,1,0,187,1,1
replay_refresh,second,202609233143,1,0,0,184,0,0,189,0,0,184,0,0,210,0,0,184,1,0,221,1,1
replay_refresh,second,202609233144,0,0,0,196,0,0,215,0,0,196,0,0,196,0,0,196,0,0,193,1,1
replay_refresh,second,202609233145,1,1,0,160,1,0,168,1,0,160,1,0,160,1,0,160,1,0,160,1,1
replay_refresh,second,202609233146,0,0,0,173,1,0,171,0,0,173,1,0,181,0,0,173,0,0,189,1,1
replay_refresh,second,202609233147,1,0,0,221,1,0,226,0,0,221,0,0,211,0,0,221,0,0,198,1,1
replay_refresh,second,202609233148,0,1,0,192,0,0,175,1,0,192,1,0,194,1,0,192,1,0,211,1,1
replay_refresh,second,202609233149,1,0,0,170,0,0,211,0,0,170,0,0,170,0,0,170,0,0,198,1,1
replay_refresh,second,202609233150,0,1,0,200,0,0,205,1,0,200,1,0,194,1,0,200,1,0,200,1,1
replay_refresh,second,202609233151,1,0,0,180,0,0,191,0,0,180,1,0,228,0,0,180,0,0,190,1,1
replay_refresh,second,202609233152,0,1,0,191,1,0,161,1,0,191,0,0,251,1,0,191,1,0,135,1,1
replay_refresh,second,202609233153,1,1,0,222,1,0,201,1,0,222,1,0,218,1,0,222,1,0,196,1,1
replay_refresh,second,202609233154,0,0,0,120,0,0,208,0,0,120,1,0,188,0,0,120,1,0,189,1,1
replay_refresh,second,202609233155,1,1,0,262,1,0,236,1,0,262,1,0,262,1,0,262,1,0,255,1,1
replay_refresh,second,202609233156,0,0,0,179,0,0,246,0,0,179,1,0,208,0,0,179,1,0,215,1,1
replay_refresh,second,202609233157,1,0,0,207,0,0,234,0,0,207,0,0,234,0,0,207,0,0,226,1,1
replay_refresh,second,202609233158,0,0,0,308,1,0,200,0,0,308,1,0,192,0,0,308,1,0,192,1,1
replay_refresh,second,202609233159,1,0,0,198,1,0,156,0,0,198,0,0,198,0,0,198,0,0,232,1,1
replay_refresh,second,202609233160,0,1,0,213,0,0,205,1,0,213,1,0,195,1,0,213,0,0,212,1,1
replay_refresh,second,202609233161,1,1,0,213,0,0,204,1,0,213,1,0,173,1,0,213,0,0,216,1,1
replay_refresh,second,202609233162,0,0,0,224,1,0,200,0,0,224,0,0,221,0,0,224,0,0,239,1,1
replay_refresh,second,202609233163,1,0,0,129,0,0,188,0,0,129,0,0,150,0,0,129,0,0,146,1,1
replay_refresh,second,202609233164,0,1,0,210,1,0,168,1,0,210,1,0,135,1,0,210,1,0,202,1,1
replay_refresh,second,202609233165,1,0,0,226,0,0,253,0,0,226,0,0,236,0,0,226,0,0,182,1,1
replay_refresh,second,202609233166,0,0,0,190,1,0,238,0,0,190,0,0,214,0,0,190,0,0,205,1,1
replay_refresh,second,202609233167,1,0,0,192,0,0,175,0,0,192,0,0,192,0,0,192,0,0,179,1,1
replay_refresh,second,202609233168,0,0,0,140,1,0,181,0,0,140,0,0,152,0,0,140,0,0,152,1,1
replay_refresh,second,202609233169,1,0,0,218,0,0,230,0,0,218,0,0,245,0,0,218,0,0,282,1,1
replay_refresh,second,202609233170,0,1,0,156,1,0,169,1,0,156,1,0,156,1,0,156,1,0,253,1,1
replay_refresh,second,202609233171,1,0,0,181,1,0,180,0,0,181,1,0,174,0,0,181,0,0,174,1,1
replay_refresh,second,202609233172,0,1,0,198,0,0,184,1,0,198,0,0,209,1,0,198,0,0,208,1,1
replay_refresh,second,202609233173,1,0,0,168,1,0,162,0,0,168,0,0,179,0,0,168,0,0,200,1,1
replay_refresh,second,202609233174,0,0,0,170,0,0,175,0,0,170,1,0,187,0,0,170,0,0,187,1,1
replay_refresh,second,202609233175,1,0,0,166,1,0,171,0,0,166,0,0,150,0,0,166,1,0,179,1,1
replay_refresh,second,202609233176,0,1,0,152,1,0,212,1,0,152,1,0,158,1,0,152,1,0,218,1,1
replay_refresh,second,202609233177,1,1,0,231,0,0,225,1,0,231,0,0,255,1,0,231,0,0,195,1,1
replay_refresh,second,202609233178,0,1,0,202,1,0,162,1,0,202,1,0,142,1,0,202,1,0,192,1,1
replay_refresh,second,202609233179,1,0,0,189,1,0,204,0,0,189,0,0,214,0,0,189,1,0,230,1,1
replay_refresh,second,202609233180,0,0,0,199,0,0,147,0,0,199,0,0,217,0,0,199,0,0,180,1,1
replay_refresh,second,202609233181,1,1,0,175,0,0,181,1,0,175,0,0,224,1,0,175,0,0,203,1,1
replay_refresh,second,202609233182,0,1,0,183,1,0,166,1,0,183,1,0,208,1,0,183,1,0,186,1,1
replay_refresh,second,202609233183,1,1,0,183,1,0,213,1,0,183,1,0,183,1,0,183,1,0,227,1,1
replay_refresh,second,202609233184,0,0,0,185,0,0,204,0,0,185,0,0,185,0,0,185,0,0,188,1,1
replay_refresh,second,202609233185,1,0,0,197,0,0,155,0,0,197,0,0,203,0,0,197,0,0,233,1,1
replay_refresh,second,202609233186,0,1,0,184,1,0,229,1,0,184,0,0,292,1,0,184,1,0,218,1,1
replay_refresh,second,202609233187,1,1,0,194,0,0,213,1,0,194,1,0,173,1,0,194,1,0,237,1,1
replay_refresh,second,202609233188,0,0,0,157,1,0,212,0,0,157,0,0,187,0,0,157,1,0,210,1,1
replay_refresh,second,202609233189,1,0,0,141,0,0,217,0,0,141,0,0,141,0,0,141,1,0,215,1,1
replay_refresh,second,202609233190,0,1,0,202,1,0,227,1,0,202,1,0,203,1,0,202,1,0,282,1,1
replay_refresh,second,202609233191,1,0,0,232,0,0,193,0,0,232,0,0,182,0,0,232,0,0,212,1,1
replay_refresh,second,202609233192,0,0,0,202,0,0,210,0,0,202,1,0,201,0,0,202,1,0,183,1,1
replay_refresh,second,202609233193,1,1,0,199,0,0,189,1,0,199,0,0,169,1,0,199,0,0,178,1,1
replay_refresh,second,202609233194,0,1,0,202,1,0,210,1,0,202,1,0,209,1,0,202,1,0,148,1,1
replay_refresh,second,202609233195,1,0,0,198,0,0,189,0,0,198,0,0,192,0,0,198,0,0,157,1,1
replay_refresh,second,202609233196,0,0,0,189,0,0,215,0,0,189,1,0,236,0,0,189,0,0,190,1,1
replay_refresh,second,202609233197,1,1,0,181,0,0,200,1,0,181,1,0,189,1,0,181,1,0,202,1,1
replay_refresh,second,202609233198,0,0,0,149,0,0,182,0,0,149,0,0,158,0,0,149,0,0,157,1,1
replay_refresh,second,202609233199,1,0,0,164,0,0,196,0,0,164,0,0,164,0,0,164,0,0,202,1,1
starmie,first,202608234000,0,1,0,152,1,0,173,1,0,184,1,0,82,0,0,142,0,0,147,0,0
starmie,first,202608234001,1,1,0,128,1,0,129,1,0,118,0,0,109,1,0,128,1,0,101,1,0
starmie,first,202608234002,0,1,0,160,1,0,197,1,0,168,0,0,147,0,0,139,0,0,148,0,0
starmie,first,202608234003,1,1,0,158,0,0,193,1,0,129,1,0,133,1,0,129,1,0,164,1,0
starmie,first,202608234004,0,1,0,186,1,0,181,0,0,150,0,0,126,1,0,107,1,0,134,0,0
starmie,first,202608234005,1,1,0,118,1,0,117,1,0,106,1,0,104,1,0,108,1,0,88,1,0
starmie,first,202608234006,0,1,0,163,0,0,181,1,0,73,1,0,73,1,0,73,1,0,74,1,0
starmie,first,202608234007,1,1,0,65,1,0,71,1,0,146,1,0,166,1,0,146,1,0,109,1,0
starmie,first,202608234008,0,0,0,172,1,0,170,1,0,103,0,0,160,0,0,186,1,0,125,0,0
starmie,first,202608234009,1,1,0,131,1,0,189,1,0,139,1,0,158,1,0,139,0,0,134,1,0
starmie,first,202608234010,0,1,0,152,0,0,104,0,0,136,1,0,143,0,0,128,1,0,127,0,0
starmie,first,202608234011,1,0,0,27,0,0,119,0,0,27,0,0,27,0,0,27,0,0,59,1,1
starmie,first,202608234012,0,1,0,141,1,0,45,1,0,46,1,0,53,1,0,42,1,0,41,1,0
starmie,first,202608234013,1,1,0,131,1,0,132,1,0,119,1,0,124,1,0,126,1,0,139,1,0
starmie,first,202608234014,0,0,0,168,1,0,65,1,0,118,0,0,165,1,0,174,1,0,70,0,0
starmie,first,202608234015,1,1,0,88,1,0,142,0,0,193,1,0,143,1,0,154,1,0,128,0,0
starmie,first,202608234016,0,0,0,114,0,0,133,1,0,161,0,0,144,0,0,118,1,0,124,0,0
starmie,first,202608234017,1,1,0,59,0,0,145,1,0,112,1,0,104,1,0,59,1,0,69,1,0
starmie,first,202608234018,0,1,0,140,0,0,159,1,0,125,0,0,180,1,0,121,1,0,143,1,0
starmie,first,202608234019,1,1,0,168,1,0,125,1,0,158,1,0,171,1,0,149,1,0,184,1,0
starmie,first,202608234020,0,1,0,116,1,0,130,1,0,137,1,0,131,0,0,142,0,0,127,0,0
starmie,first,202608234021,1,1,0,44,1,0,59,1,0,153,1,0,58,1,0,44,1,0,60,1,0
starmie,first,202608234022,0,0,0,170,1,0,91,1,0,158,1,0,157,0,0,130,1,0,119,0,0
starmie,first,202608234023,1,1,0,104,1,0,134,1,0,74,1,0,73,1,0,148,1,0,129,1,0
starmie,first,202608234024,0,0,0,170,1,0,149,1,0,105,1,0,123,1,0,93,0,0,124,0,0
starmie,first,202608234025,1,1,0,133,1,0,135,1,0,157,0,0,187,1,0,125,1,0,166,1,0
starmie,first,202608234026,0,1,0,74,1,0,79,1,0,74,1,0,77,1,0,74,1,0,79,1,1
starmie,first,202608234027,1,1,0,124,0,0,160,1,0,123,1,0,156,1,0,125,1,0,158,1,0
starmie,first,202608234028,0,1,0,171,1,0,114,1,0,122,0,0,162,1,0,128,1,0,94,1,0
starmie,first,202608234029,1,1,0,131,1,0,157,0,0,169,0,0,43,0,0,43,0,0,43,0,0
starmie,first,202608234030,0,1,0,66,1,0,162,0,0,140,0,0,152,1,0,104,1,0,144,0,0
starmie,first,202608234031,1,1,0,68,1,0,53,1,0,69,0,0,162,1,0,180,1,0,59,1,0
starmie,first,202608234032,0,0,0,180,0,0,147,1,0,164,0,0,156,1,0,168,0,0,114,0,0
starmie,first,202608234033,1,1,0,147,1,0,142,0,0,157,1,0,134,0,0,165,0,0,148,0,0
starmie,first,202608234034,0,0,0,128,0,0,146,0,0,149,1,0,147,0,0,185,1,0,121,1,0
starmie,first,202608234035,1,0,0,160,1,0,163,1,0,128,1,0,123,1,0,171,1,0,94,0,0
starmie,first,202608234036,0,1,0,133,1,0,139,0,0,178,1,0,98,0,0,181,1,0,104,0,0
starmie,first,202608234037,1,1,0,57,1,0,84,0,0,117,1,0,102,1,0,67,1,0,105,0,0
starmie,first,202608234038,0,1,0,129,0,0,168,1,0,124,0,0,154,1,0,137,1,0,134,1,0
starmie,first,202608234039,1,1,0,150,1,0,76,1,0,154,0,0,158,0,0,129,0,0,127,0,0
starmie,first,202608234040,0,1,0,162,1,0,123,1,0,116,1,0,127,0,0,130,1,0,138,0,0
starmie,first,202608234041,1,1,0,32,1,0,118,1,0,34,1,0,32,1,0,34,1,0,32,1,0
starmie,first,202608234042,0,1,0,126,1,0,85,1,0,126,1,0,123,1,0,126,1,0,175,1,1
starmie,first,202608234043,1,0,0,167,1,0,126,0,0,152,1,0,183,1,0,133,1,0,163,0,0
starmie,first,202608234044,0,0,0,139,1,0,153,1,0,184,1,0,168,1,0,141,1,0,103,0,0
starmie,first,202608234045,1,0,0,51,0,0,112,0,0,51,0,0,51,0,0,112,0,0,53,1,0
starmie,first,202608234046,0,1,0,114,1,0,152,1,0,141,1,0,104,1,0,147,1,0,138,1,0
starmie,first,202608234047,1,1,0,108,1,0,122,1,0,108,1,0,126,1,0,149,0,0,95,1,0
starmie,first,202608234048,0,0,0,89,0,0,139,0,0,116,0,0,111,0,0,76,1,0,125,1,0
starmie,first,202608234049,1,1,0,115,0,0,154,1,0,159,1,0,133,1,0,167,1,0,133,1,0
starmie,first,202608234050,0,1,0,129,1,0,170,0,0,75,0,0,94,0,0,75,1,0,187,0,0
starmie,first,202608234051,1,1,0,113,1,0,182,0,0,121,1,0,128,0,0,131,1,0,128,0,0
starmie,first,202608234052,0,1,0,92,1,0,149,1,0,92,1,0,95,1,0,92,1,0,67,1,1
starmie,first,202608234053,1,0,0,128,1,0,171,1,0,156,1,0,134,0,0,139,0,0,115,0,0
starmie,first,202608234054,0,1,0,128,1,0,145,1,0,121,1,0,190,1,0,164,0,0,147,1,0
starmie,first,202608234055,1,1,0,152,1,0,90,0,0,161,1,0,124,1,0,171,0,0,105,0,0
starmie,first,202608234056,0,1,0,162,1,0,104,1,0,133,0,0,145,1,0,144,1,0,175,1,0
starmie,first,202608234057,1,1,0,117,1,0,89,0,0,139,1,0,135,0,0,126,1,0,88,0,0
starmie,first,202608234058,0,0,0,39,0,0,36,1,0,134,0,0,91,0,0,36,0,0,35,0,0
starmie,first,202608234059,1,0,0,120,1,0,73,0,0,125,0,0,144,1,0,116,1,0,160,0,0
starmie,first,202608234060,0,0,0,146,1,0,160,1,0,142,1,0,152,1,0,151,1,0,112,0,0
starmie,first,202608234061,1,0,0,102,1,0,76,1,0,120,0,0,121,1,0,90,1,0,74,0,0
starmie,first,202608234062,0,1,0,151,0,0,110,1,0,98,0,0,101,1,0,120,1,0,128,1,0
starmie,first,202608234063,1,0,0,139,1,0,127,0,0,140,1,0,172,0,0,140,0,0,139,1,0
starmie,first,202608234064,0,1,0,168,1,0,141,1,0,192,0,0,207,1,0,177,0,0,150,1,0
starmie,first,202608234065,1,1,0,124,1,0,124,1,0,110,1,0,124,1,0,95,1,0,115,1,0
starmie,first,202608234066,0,1,0,104,0,0,134,1,0,110,1,0,104,1,0,112,1,0,84,1,0
starmie,first,202608234067,1,1,0,164,1,0,188,1,0,160,0,0,200,0,0,203,1,0,142,0,0
starmie,first,202608234068,0,1,0,113,1,0,114,1,0,111,1,0,148,1,0,127,1,0,94,1,0
starmie,first,202608234069,1,0,0,174,1,0,114,0,0,142,0,0,131,1,0,65,0,0,160,0,0
starmie,first,202608234070,0,0,0,95,0,0,95,0,0,94,0,0,92,0,0,94,0,0,92,1,0
starmie,first,202608234071,1,1,0,90,0,0,125,1,0,86,1,0,99,1,0,90,1,0,76,1,0
starmie,first,202608234072,0,1,0,107,1,0,120,1,0,133,1,0,141,1,0,160,1,0,169,1,0
starmie,first,202608234073,1,1,0,47,1,0,48,1,0,47,1,0,47,1,0,47,1,0,46,1,1
starmie,first,202608234074,0,0,0,137,0,0,111,1,0,142,1,0,93,1,0,142,1,0,118,0,0
starmie,first,202608234075,1,1,0,155,1,0,104,1,0,155,1,0,146,1,0,107,1,0,123,1,0
starmie,first,202608234076,0,1,0,157,1,0,158,1,0,114,1,0,68,1,0,159,1,0,126,1,0
starmie,first,202608234077,1,1,0,113,1,0,85,1,0,116,1,0,118,1,0,130,1,0,123,1,0
starmie,first,202608234078,0,1,0,148,1,0,147,1,0,124,1,0,130,1,0,160,1,0,195,1,0
starmie,first,202608234079,1,0,0,47,0,0,57,0,0,51,0,0,64,0,0,48,0,0,61,1,0
starmie,first,202608234080,0,0,0,168,1,0,133,0,0,149,1,0,199,0,0,162,0,0,142,1,0
starmie,first,202608234081,1,1,0,175,1,0,126,1,0,175,0,0,115,1,0,147,1,0,196,1,0
starmie,first,202608234082,0,1,0,133,1,0,92,1,0,117,0,0,139,1,0,119,1,0,137,1,0
starmie,first,202608234083,1,1,0,111,1,0,170,0,0,83,1,0,111,0,0,51,0,0,91,0,0
starmie,first,202608234084,0,1,0,182,1,0,186,1,0,162,1,0,137,1,0,160,1,0,192,1,0
starmie,first,202608234085,1,1,0,161,1,0,154,1,0,152,1,0,161,1,0,161,1,0,185,1,0
starmie,first,202608234086,0,1,0,158,0,0,78,0,0,140,0,0,67,1,0,162,1,0,130,0,0
starmie,first,202608234087,1,1,0,101,0,0,101,1,0,140,1,0,118,1,0,112,1,0,172,1,0
starmie,first,202608234088,0,0,0,142,1,0,68,0,0,120,1,0,89,1,0,85,1,0,74,0,0
starmie,first,202608234089,1,0,0,151,0,0,135,1,0,165,1,0,143,1,0,156,1,0,133,0,0
starmie,first,202608234090,0,1,0,154,1,0,146,0,0,170,1,0,167,1,0,114,1,0,118,0,0
starmie,first,202608234091,1,1,0,145,1,0,138,1,0,161,1,0,118,1,0,134,1,0,152,1,0
starmie,first,202608234092,0,1,0,106,1,0,138,0,0,135,1,0,103,1,0,93,0,0,165,0,0
starmie,first,202608234093,1,1,0,129,1,0,123,1,0,121,1,0,123,1,0,119,1,0,118,1,0
starmie,first,202608234094,0,1,0,130,0,0,139,1,0,130,1,0,195,1,0,130,0,0,139,1,1
starmie,first,202608234095,1,1,0,137,1,0,129,1,0,62,1,0,189,1,0,145,1,0,104,1,0
starmie,first,202608234096,0,1,0,154,0,0,130,1,0,143,1,0,120,1,0,130,1,0,118,1,0
starmie,first,202608234097,1,1,0,78,1,0,116,0,0,99,1,0,147,1,0,158,1,0,50,0,0
starmie,first,202608234098,0,1,0,93,1,0,117,1,0,115,1,0,93,1,0,136,1,0,135,1,0
starmie,first,202608234099,1,1,0,139,1,0,146,1,0,127,1,0,136,1,0,139,0,0,174,1,0
starmie,first,202608234100,0,0,0,179,0,0,141,0,0,181,1,0,147,0,0,165,1,0,84,1,0
starmie,first,202608234101,1,1,0,107,0,0,148,1,0,144,1,0,117,1,0,153,1,0,53,1,0
starmie,first,202608234102,0,0,0,86,1,0,150,0,0,89,0,0,101,0,0,95,0,0,89,1,0
starmie,first,202608234103,1,1,0,138,1,0,55,1,0,142,1,0,142,1,0,123,1,0,159,1,0
starmie,first,202608234104,0,1,0,137,0,0,161,1,0,99,1,0,149,1,0,139,1,0,149,1,0
starmie,first,202608234105,1,0,0,11,0,0,11,0,0,11,0,0,11,0,0,11,0,0,11,1,1
starmie,first,202608234106,0,1,0,166,1,0,149,0,0,111,0,0,118,0,0,145,0,0,126,0,0
starmie,first,202608234107,1,1,0,131,1,0,148,1,0,133,1,0,130,0,0,131,1,0,191,0,0
starmie,first,202608234108,0,0,0,176,0,0,117,1,0,147,0,0,134,0,0,105,0,0,106,0,0
starmie,first,202608234109,1,1,0,145,0,0,35,0,0,93,1,0,172,0,0,121,0,0,113,0,0
starmie,first,202608234110,0,1,0,113,1,0,102,1,0,111,1,0,113,1,0,113,1,0,111,1,0
starmie,first,202608234111,1,0,0,133,1,0,171,1,0,158,1,0,146,1,0,124,1,0,132,0,0
starmie,first,202608234112,0,0,0,149,1,0,151,0,0,98,0,0,149,0,0,123,0,0,85,1,0
starmie,first,202608234113,1,1,0,76,0,0,208,0,0,104,1,0,104,0,0,144,1,0,120,0,0
starmie,first,202608234114,0,0,0,159,1,0,195,1,0,147,1,0,138,0,0,174,1,0,172,0,0
starmie,first,202608234115,1,1,0,122,1,0,119,1,0,141,1,0,153,1,0,153,1,0,185,1,0
starmie,first,202608234116,0,1,0,151,0,0,175,1,0,147,0,0,172,0,0,183,1,0,149,0,0
starmie,first,202608234117,1,0,0,142,0,0,126,0,0,189,1,0,114,0,0,137,1,0,141,1,0
starmie,first,202608234118,0,1,0,30,1,0,137,1,0,33,1,0,30,1,0,35,1,0,58,1,0
starmie,first,202608234119,1,1,0,89,1,0,129,1,0,131,1,0,89,1,0,108,1,0,143,1,0
starmie,first,202608234120,0,1,0,123,1,0,99,1,0,117,1,0,146,1,0,130,1,0,89,1,0
starmie,first,202608234121,1,1,0,122,1,0,187,1,0,138,0,0,133,1,0,122,0,0,93,1,0
starmie,first,202608234122,0,0,0,146,0,0,207,0,0,148,1,0,158,1,0,57,1,0,94,0,0
starmie,first,202608234123,1,1,0,127,0,0,157,1,0,113,1,0,128,0,0,155,0,0,126,0,0
starmie,first,202608234124,0,0,0,118,1,0,135,1,0,118,1,0,130,1,0,135,1,0,113,0,0
starmie,first,202608234125,1,1,0,155,1,0,135,0,0,119,0,0,101,0,0,113,1,0,106,0,0
starmie,first,202608234126,0,1,0,134,1,0,135,0,0,138,0,0,115,1,0,170,0,0,125,0,0
starmie,first,202608234127,1,1,0,72,1,0,130,1,0,72,1,0,81,1,0,72,1,0,97,1,1
starmie,first,202608234128,0,1,0,158,0,0,135,0,0,92,0,0,85,0,0,125,1,0,151,0,0
starmie,first,202608234129,1,1,0,168,1,0,158,0,0,77,1,0,168,1,0,163,1,0,92,0,0
starmie,first,202608234130,0,1,0,119,1,0,135,0,0,166,1,0,126,1,0,113,1,0,133,0,0
starmie,first,202608234131,1,1,0,84,1,0,197,1,0,124,1,0,92,1,0,124,1,0,84,1,0
starmie,first,202608234132,0,0,0,137,0,0,130,1,0,135,1,0,151,0,0,175,0,0,185,0,0
starmie,first,202608234133,1,1,0,53,1,0,56,1,0,53,1,0,191,1,0,53,1,0,97,1,1
starmie,first,202608234134,0,0,0,117,1,0,95,1,0,131,0,0,127,0,0,117,0,0,120,0,0
starmie,first,202608234135,1,0,0,177,0,0,143,0,0,166,1,0,136,0,0,157,1,0,156,1,0
starmie,first,202608234136,0,1,0,123,1,0,98,1,0,92,0,0,104,1,0,162,1,0,144,1,0
starmie,first,202608234137,1,1,0,30,1,0,33,1,0,30,1,0,30,1,0,30,1,0,30,1,1
starmie,first,202608234138,0,1,0,125,0,0,132,1,0,105,0,0,186,1,0,125,1,0,135,1,0
starmie,first,202608234139,1,1,0,109,0,0,144,1,0,159,1,0,160,1,0,104,0,0,116,1,0
starmie,first,202608234140,0,1,0,154,1,0,150,1,0,114,0,0,175,1,0,130,1,0,155,1,0
starmie,first,202608234141,1,0,0,132,0,0,135,0,0,123,0,0,93,0,0,122,0,0,126,1,0
starmie,first,202608234142,0,1,0,85,1,0,155,0,0,182,1,0,110,1,0,139,1,0,148,0,0
starmie,first,202608234143,1,0,0,207,1,0,110,1,0,91,1,0,58,1,0,57,1,0,69,0,0
starmie,first,202608234144,0,1,0,109,1,0,127,1,0,101,1,0,119,1,0,120,0,0,128,1,0
starmie,first,202608234145,1,1,0,97,1,0,110,1,0,141,0,0,127,1,0,117,1,0,133,1,0
starmie,first,202608234146,0,0,0,126,1,0,119,1,0,85,1,0,145,0,0,134,1,0,77,0,0
starmie,first,202608234147,1,1,0,142,1,0,117,0,0,180,1,0,127,1,0,139,1,0,100,0,0
starmie,first,202608234148,0,1,0,99,0,0,130,1,0,99,1,0,108,1,0,99,1,0,133,1,1
starmie,first,202608234149,1,1,0,126,1,0,134,1,0,62,0,0,161,1,0,168,0,0,160,1,0
starmie,first,202608234150,0,1,0,114,1,0,154,1,0,153,1,0,133,1,0,100,1,0,105,1,0
starmie,first,202608234151,1,1,0,142,1,0,161,1,0,163,1,0,166,1,0,153,1,0,152,1,0
starmie,first,202608234152,0,1,0,116,1,0,117,1,0,74,0,0,149,1,0,152,1,0,115,1,0
starmie,first,202608234153,1,1,0,89,1,0,102,1,0,105,1,0,149,1,0,156,0,0,143,1,0
starmie,first,202608234154,0,0,0,50,1,0,156,0,0,180,0,0,52,0,0,50,0,0,88,1,0
starmie,first,202608234155,1,1,0,47,1,0,47,1,0,47,1,0,47,1,0,47,1,0,47,1,1
starmie,first,202608234156,0,1,0,159,0,0,111,1,0,117,1,0,119,1,0,149,1,0,127,1,0
starmie,first,202608234157,1,0,0,169,1,0,151,1,0,164,0,0,142,1,0,119,1,0,154,0,0
starmie,first,202608234158,0,1,0,134,1,0,126,1,0,134,1,0,167,1,0,170,1,0,113,1,0
starmie,first,202608234159,1,0,0,127,1,0,186,0,0,108,0,0,101,1,0,89,0,0,106,0,0
starmie,first,202608234160,0,1,0,198,0,0,118,0,0,158,1,0,141,1,0,167,0,0,144,0,0
starmie,first,202608234161,1,1,0,119,1,0,90,1,0,140,1,0,150,1,0,152,1,0,84,1,0
starmie,first,202608234162,0,1,0,97,1,0,107,1,0,147,1,0,114,1,0,123,1,0,140,1,0
starmie,first,202608234163,1,1,0,79,1,0,88,1,0,144,1,0,88,1,0,93,1,0,90,1,0
starmie,first,202608234164,0,1,0,143,1,0,125,1,0,114,1,0,129,0,0,162,1,0,203,0,0
starmie,first,202608234165,1,1,0,53,1,0,152,1,0,53,1,0,60,1,0,53,1,0,114,1,1
starmie,first,202608234166,0,1,0,38,1,0,82,1,0,37,1,0,39,1,0,79,1,0,47,1,0
starmie,first,202608234167,1,0,0,106,0,0,145,0,0,29,0,0,30,0,0,39,1,0,143,1,0
starmie,first,202608234168,0,1,0,137,0,0,126,1,0,159,1,0,163,1,0,164,1,0,108,1,0
starmie,first,202608234169,1,1,0,126,1,0,146,0,0,98,1,0,123,1,0,149,1,0,133,0,0
starmie,first,202608234170,0,1,0,147,1,0,128,1,0,147,1,0,151,1,0,141,1,0,123,1,0
starmie,first,202608234171,1,0,0,65,0,0,146,0,0,65,0,0,84,0,0,151,0,0,69,1,0
starmie,first,202608234172,0,1,0,144,1,0,138,0,0,158,1,0,130,1,0,144,1,0,132,0,0
starmie,first,202608234173,1,0,0,159,1,0,209,1,0,191,1,0,154,0,0,135,0,0,124,0,0
starmie,first,202608234174,0,0,0,152,1,0,153,0,0,145,1,0,180,1,0,139,1,0,119,0,0
starmie,first,202608234175,1,1,0,154,1,0,108,0,0,186,0,0,184,1,0,177,1,0,206,0,0
starmie,first,202608234176,0,1,0,108,1,0,138,1,0,105,1,0,114,1,0,139,1,0,108,1,0
starmie,first,202608234177,1,0,0,106,0,0,85,0,0,93,1,0,121,1,0,94,1,0,163,0,0
starmie,first,202608234178,0,1,0,102,1,0,80,0,0,138,1,0,141,1,0,80,1,0,93,0,0
starmie,first,202608234179,1,0,0,93,0,0,82,0,0,77,0,0,101,0,0,80,1,0,97,1,0
starmie,first,202608234180,0,1,0,117,1,0,125,1,0,104,1,0,139,1,0,160,1,0,137,1,0
starmie,first,202608234181,1,0,0,155,1,0,97,1,0,131,1,0,175,1,0,92,1,0,180,0,0
starmie,first,202608234182,0,1,0,119,1,0,158,1,0,142,1,0,156,1,0,201,1,0,90,1,0
starmie,first,202608234183,1,1,0,106,1,0,73,0,0,152,1,0,161,1,0,128,1,0,72,0,0
starmie,first,202608234184,0,1,0,119,0,0,140,1,0,119,1,0,122,1,0,167,1,0,74,1,0
starmie,first,202608234185,1,1,0,105,1,0,171,1,0,133,1,0,157,1,0,100,1,0,155,1,0
starmie,first,202608234186,0,1,0,122,0,0,77,1,0,175,0,0,82,1,0,96,1,0,137,1,0
starmie,first,202608234187,1,0,0,200,1,0,138,0,0,153,1,0,211,0,0,200,1,0,105,1,0
starmie,first,202608234188,0,1,0,155,1,0,117,1,0,147,1,0,139,0,0,205,1,0,162,0,0
starmie,first,202608234189,1,0,0,130,0,0,118,0,0,131,1,0,149,0,0,130,1,0,151,1,0
starmie,first,202608234190,0,0,0,141,1,0,200,1,0,119,1,0,135,0,0,154,0,0,152,0,0
starmie,first,202608234191,1,1,0,201,0,0,116,0,0,103,0,0,136,0,0,89,1,0,190,0,0
starmie,first,202608234192,0,0,0,16,0,0,16,0,0,16,0,0,16,0,0,16,0,0,16,1,1
starmie,first,202608234193,1,1,0,160,1,0,123,0,0,99,0,0,125,0,0,102,1,0,114,0,0
starmie,first,202608234194,0,1,0,121,0,0,112,1,0,115,0,0,138,0,0,141,0,0,128,0,0
starmie,first,202608234195,1,1,0,141,1,0,118,1,0,111,1,0,144,1,0,111,1,0,126,1,0
starmie,first,202608234196,0,1,0,120,1,0,103,1,0,134,1,0,117,1,0,121,1,0,115,1,0
starmie,first,202608234197,1,1,0,136,1,0,180,0,0,174,0,0,192,0,0,17,0,0,17,0,0
starmie,first,202608234198,0,1,0,233,0,0,167,1,0,160,1,0,141,1,0,243,1,0,140,1,0
starmie,first,202608234199,1,1,0,117,1,0,106,1,0,218,1,0,161,1,0,151,1,0,116,1,0
starmie,second,202609234000,0,0,0,144,1,0,97,0,0,143,0,0,178,1,0,129,0,0,154,0,0
starmie,second,202609234001,1,1,0,111,1,0,111,1,0,91,1,0,135,1,0,70,1,0,70,1,0
starmie,second,202609234002,0,1,0,113,0,0,148,1,0,106,1,0,104,1,0,105,1,0,152,1,0
starmie,second,202609234003,1,0,0,149,0,0,163,0,0,192,0,0,149,0,0,154,0,0,137,1,0
starmie,second,202609234004,0,0,0,114,1,0,101,0,0,131,0,0,140,1,0,153,1,0,137,0,0
starmie,second,202609234005,1,1,0,120,1,0,106,1,0,122,1,0,118,1,0,120,1,0,159,1,0
starmie,second,202609234006,0,0,0,87,1,0,122,1,0,112,1,0,107,1,0,143,1,0,121,0,0
starmie,second,202609234007,1,0,0,117,0,0,144,0,0,171,0,0,117,1,0,100,1,0,152,0,0
starmie,second,202609234008,0,1,0,132,1,0,62,0,0,23,0,0,21,1,0,141,0,0,26,0,0
starmie,second,202609234009,1,1,0,107,1,0,137,0,0,200,1,0,193,1,0,143,1,0,152,0,0
starmie,second,202609234010,0,0,0,15,0,0,15,0,0,15,0,0,15,0,0,15,0,0,15,1,1
starmie,second,202609234011,1,1,0,122,1,0,111,0,0,157,0,0,161,0,0,161,1,0,106,0,0
starmie,second,202609234012,0,0,0,180,1,0,151,0,0,117,1,0,155,0,0,108,0,0,135,1,0
starmie,second,202609234013,1,1,0,145,0,0,134,1,0,99,1,0,183,0,0,125,1,0,88,0,0
starmie,second,202609234014,0,1,0,132,1,0,147,1,0,148,1,0,143,1,0,158,0,0,161,1,0
starmie,second,202609234015,1,1,0,109,1,0,108,1,0,109,1,0,111,1,0,109,1,0,121,1,1
starmie,second,202609234016,0,1,0,162,1,0,154,0,0,181,1,0,163,1,0,148,1,0,151,0,0
starmie,second,202609234017,1,1,0,147,0,0,150,1,0,184,1,0,189,1,0,142,0,0,208,1,0
starmie,second,202609234018,0,0,0,149,1,0,152,1,0,161,1,0,82,1,0,91,0,0,154,0,0
starmie,second,202609234019,1,0,0,192,1,0,145,1,0,125,0,0,133,1,0,137,1,0,144,0,0
starmie,second,202609234020,0,1,0,134,1,0,93,1,0,154,0,0,210,1,0,154,1,0,97,1,0
starmie,second,202609234021,1,1,0,120,1,0,152,1,0,75,1,0,145,1,0,129,1,0,122,1,0
starmie,second,202609234022,0,0,0,164,0,0,88,0,0,194,1,0,113,0,0,119,1,0,146,1,0
starmie,second,202609234023,1,1,0,117,1,0,159,1,0,138,1,0,102,1,0,117,1,0,98,1,0
starmie,second,202609234024,0,0,0,159,0,0,141,0,0,126,1,0,126,1,0,125,1,0,108,0,0
starmie,second,202609234025,1,1,0,96,1,0,83,1,0,136,1,0,96,1,0,122,1,0,149,1,0
starmie,second,202609234026,0,1,0,109,1,0,137,1,0,109,1,0,120,1,0,109,1,0,115,1,1
starmie,second,202609234027,1,1,0,122,1,0,126,0,0,166,1,0,151,1,0,125,1,0,178,0,0
starmie,second,202609234028,0,1,0,105,1,0,133,0,0,165,0,0,139,1,0,150,0,0,211,0,0
starmie,second,202609234029,1,0,0,134,0,0,147,0,0,138,0,0,148,0,0,138,0,0,159,1,0
starmie,second,202609234030,0,1,0,144,1,0,190,1,0,111,1,0,128,1,0,130,1,0,146,1,0
starmie,second,202609234031,1,0,0,99,1,0,142,1,0,79,1,0,151,0,0,127,1,0,81,0,0
starmie,second,202609234032,0,0,0,110,1,0,113,0,0,110,1,0,131,1,0,180,1,0,158,0,0
starmie,second,202609234033,1,1,0,198,1,0,123,1,0,101,0,0,140,0,0,119,0,0,125,0,0
starmie,second,202609234034,0,1,0,151,1,0,118,1,0,137,1,0,115,1,0,108,0,0,106,1,0
starmie,second,202609234035,1,0,0,146,1,0,177,0,0,168,0,0,168,1,0,125,0,0,150,0,0
starmie,second,202609234036,0,0,0,12,0,0,12,0,0,12,0,0,12,0,0,12,0,0,12,1,1
starmie,second,202609234037,1,0,0,126,1,0,54,1,0,102,1,0,124,0,0,120,0,0,129,0,0
starmie,second,202609234038,0,1,0,100,0,0,155,1,0,117,1,0,153,1,0,147,0,0,152,1,0
starmie,second,202609234039,1,1,0,142,0,0,112,0,0,118,1,0,134,0,0,141,1,0,115,0,0
starmie,second,202609234040,0,0,0,143,1,0,145,0,0,143,0,0,125,0,0,143,0,0,150,1,1
starmie,second,202609234041,1,0,0,120,1,0,133,1,0,154,0,0,124,0,0,124,1,0,118,0,0
starmie,second,202609234042,0,0,0,161,0,0,129,1,0,153,0,0,191,0,0,140,0,0,157,0,0
starmie,second,202609234043,1,1,0,105,1,0,132,0,0,131,0,0,175,1,0,97,1,0,113,0,0
starmie,second,202609234044,0,1,0,120,1,0,153,1,0,111,0,0,116,0,0,177,1,0,145,0,0
starmie,second,202609234045,1,0,0,140,0,0,164,1,0,159,1,0,114,0,0,119,1,0,146,0,0
starmie,second,202609234046,0,1,0,106,1,0,121,1,0,157,1,0,105,1,0,134,1,0,118,1,0
starmie,second,202609234047,1,1,0,130,1,0,124,0,0,139,1,0,159,0,0,98,1,0,111,0,0
starmie,second,202609234048,0,0,0,157,1,0,113,1,0,140,0,0,174,0,0,209,1,0,151,0,0
starmie,second,202609234049,1,1,0,173,0,0,138,1,0,170,0,0,179,1,0,162,0,0,117,1,0
starmie,second,202609234050,0,0,0,135,1,0,61,1,0,140,0,0,140,1,0,88,1,0,110,0,0
starmie,second,202609234051,1,1,0,135,1,0,154,0,0,148,1,0,162,1,0,141,0,0,118,0,0
starmie,second,202609234052,0,0,0,92,1,0,131,1,0,107,0,0,93,1,0,96,1,0,109,0,0
starmie,second,202609234053,1,0,0,147,1,0,91,1,0,130,0,0,121,1,0,165,1,0,134,0,0
starmie,second,202609234054,0,1,0,121,0,0,111,1,0,126,1,0,142,1,0,126,1,0,144,1,0
starmie,second,202609234055,1,1,0,76,0,0,134,1,0,60,0,0,149,1,0,99,0,0,140,1,0
starmie,second,202609234056,0,1,0,174,0,0,65,1,0,97,0,0,152,0,0,167,0,0,112,0,0
starmie,second,202609234057,1,0,0,109,1,0,113,0,0,98,0,0,159,0,0,109,1,0,138,1,0
starmie,second,202609234058,0,0,0,120,1,0,149,1,0,158,1,0,121,0,0,119,0,0,124,0,0
starmie,second,202609234059,1,1,0,69,1,0,100,0,0,144,1,0,98,1,0,48,0,0,147,0,0
starmie,second,202609234060,0,0,0,78,0,0,150,1,0,45,0,0,104,0,0,105,0,0,100,0,0
starmie,second,202609234061,1,1,0,78,0,0,145,0,0,99,0,0,99,0,0,99,1,0,86,0,0
starmie,second,202609234062,0,0,0,158,1,0,164,1,0,94,0,0,146,1,0,184,0,0,198,0,0
starmie,second,202609234063,1,1,0,190,1,0,154,1,0,105,0,0,134,1,0,132,0,0,159,1,0
starmie,second,202609234064,0,0,0,112,1,0,104,0,0,158,0,0,151,0,0,106,1,0,161,1,0
starmie,second,202609234065,1,1,0,171,0,0,113,1,0,142,0,0,115,0,0,134,1,0,147,0,0
starmie,second,202609234066,0,0,0,158,1,0,128,0,0,127,0,0,157,1,0,147,1,0,130,0,0
starmie,second,202609234067,1,1,0,120,1,0,103,1,0,157,1,0,124,1,0,166,1,0,114,1,0
starmie,second,202609234068,0,1,0,150,1,0,114,1,0,107,1,0,105,1,0,115,1,0,128,1,0
starmie,second,202609234069,1,1,0,169,1,0,144,1,0,73,0,0,143,0,0,128,0,0,168,0,0
starmie,second,202609234070,0,0,0,127,0,0,134,0,0,143,0,0,76,0,0,92,0,0,118,1,0
starmie,second,202609234071,1,0,0,159,0,0,97,1,0,120,1,0,118,1,0,103,0,0,150,0,0
starmie,second,202609234072,0,0,0,150,1,0,110,0,0,171,0,0,149,1,0,149,0,0,116,0,0
starmie,second,202609234073,1,1,0,131,1,0,161,1,0,92,1,0,144,0,0,143,1,0,140,0,0
starmie,second,202609234074,0,1,0,106,0,0,145,1,0,125,1,0,166,1,0,114,1,0,143,1,0
starmie,second,202609234075,1,1,0,153,0,0,130,1,0,174,1,0,134,1,0,155,1,0,112,1,0
starmie,second,202609234076,0,1,0,115,1,0,159,1,0,136,1,0,121,1,0,115,0,0,134,1,0
starmie,second,202609234077,1,1,0,75,1,0,116,0,0,146,0,0,113,1,0,169,1,0,155,0,0
starmie,second,202609234078,0,0,0,130,0,0,146,1,0,126,1,0,114,1,0,57,1,0,122,0,0
starmie,second,202609234079,1,1,0,39,0,0,25,1,0,66,1,0,41,1,0,60,1,0,40,1,0
starmie,second,202609234080,0,1,0,162,1,0,198,1,0,178,1,0,126,1,0,131,0,0,105,1,0
starmie,second,202609234081,1,0,0,129,0,0,132,0,0,113,0,0,125,0,0,133,0,0,115,1,0
starmie,second,202609234082,0,0,0,96,1,0,110,1,0,146,0,0,189,0,0,96,1,0,100,0,0
starmie,second,202609234083,1,0,0,131,1,0,103,0,0,119,1,0,99,0,0,91,0,0,114,1,0
starmie,second,202609234084,0,0,0,155,1,0,146,0,0,176,0,0,136,1,0,86,1,0,156,0,0
starmie,second,202609234085,1,0,0,141,1,0,167,0,0,142,1,0,166,0,0,144,1,0,112,1,0
starmie,second,202609234086,0,1,0,154,1,0,143,0,0,135,1,0,122,0,0,164,1,0,198,0,0
starmie,second,202609234087,1,0,0,132,1,0,106,1,0,141,1,0,176,1,0,137,1,0,98,0,0
starmie,second,202609234088,0,0,0,89,1,0,124,0,0,117,1,0,135,1,0,156,0,0,128,0,0
starmie,second,202609234089,1,1,0,149,1,0,158,1,0,149,1,0,138,0,0,130,1,0,131,0,0
starmie,second,202609234090,0,1,0,123,1,0,148,1,0,196,1,0,132,0,0,95,1,0,105,0,0
starmie,second,202609234091,1,0,0,91,1,0,124,1,0,128,0,0,182,1,0,130,1,0,126,0,0
starmie,second,202609234092,0,1,0,116,0,0,178,1,0,102,1,0,81,1,0,107,0,0,180,1,0
starmie,second,202609234093,1,1,0,137,1,0,134,0,0,176,1,0,158,1,0,158,1,0,173,0,0
starmie,second,202609234094,0,1,0,151,0,0,166,1,0,87,0,0,156,1,0,122,1,0,158,1,0
starmie,second,202609234095,1,1,0,118,1,0,105,0,0,109,1,0,154,0,0,95,0,0,121,0,0
starmie,second,202609234096,0,0,0,158,1,0,149,1,0,122,1,0,125,1,0,167,0,0,113,0,0
starmie,second,202609234097,1,0,0,169,1,0,190,1,0,122,1,0,141,1,0,123,0,0,137,0,0
starmie,second,202609234098,0,0,0,20,0,0,15,0,0,20,1,0,133,0,0,30,0,0,155,1,0
starmie,second,202609234099,1,1,0,100,1,0,140,0,0,96,1,0,90,0,0,96,1,0,102,0,0
starmie,second,202609234100,0,1,0,175,1,0,118,1,0,74,1,0,174,1,0,154,1,0,122,1,0
starmie,second,202609234101,1,0,0,149,0,0,161,1,0,166,1,0,166,1,0,166,0,0,145,0,0
starmie,second,202609234102,0,1,0,103,1,0,125,1,0,128,1,0,94,1,0,126,1,0,94,1,0
starmie,second,202609234103,1,0,0,16,1,0,81,0,0,16,0,0,16,0,0,16,1,0,81,1,1
starmie,second,202609234104,0,0,0,154,1,0,123,1,0,130,1,0,148,1,0,132,0,0,154,0,0
starmie,second,202609234105,1,1,0,139,1,0,115,0,0,98,0,0,167,0,0,198,1,0,55,0,0
starmie,second,202609234106,0,1,0,136,1,0,126,1,0,168,1,0,115,1,0,136,1,0,152,1,0
starmie,second,202609234107,1,0,0,131,1,0,117,1,0,171,1,0,138,1,0,161,1,0,136,0,0
starmie,second,202609234108,0,0,0,164,1,0,189,1,0,147,0,0,122,1,0,133,1,0,142,0,0
starmie,second,202609234109,1,1,0,106,1,0,172,1,0,153,1,0,129,1,0,130,1,0,131,1,0
starmie,second,202609234110,0,1,0,112,1,0,150,1,0,155,1,0,115,0,0,163,0,0,117,0,0
starmie,second,202609234111,1,1,0,102,1,0,116,1,0,140,1,0,102,1,0,138,1,0,116,1,0
starmie,second,202609234112,0,0,0,173,1,0,145,1,0,117,1,0,144,1,0,123,0,0,165,0,0
starmie,second,202609234113,1,1,0,204,0,0,166,1,0,75,1,0,113,1,0,111,1,0,155,1,0
starmie,second,202609234114,0,1,0,57,1,0,52,1,0,56,1,0,56,1,0,56,1,0,56,1,0
starmie,second,202609234115,1,0,0,93,1,0,195,0,0,129,1,0,164,0,0,156,1,0,161,1,0
starmie,second,202609234116,0,1,0,110,1,0,114,1,0,130,1,0,128,0,0,145,1,0,156,0,0
starmie,second,202609234117,1,1,0,109,0,0,131,1,0,119,1,0,126,1,0,112,1,0,113,1,0
starmie,second,202609234118,0,0,0,175,1,0,135,1,0,134,1,0,115,0,0,103,1,0,150,0,0
starmie,second,202609234119,1,0,0,152,1,0,143,1,0,177,1,0,140,1,0,163,0,0,135,0,0
starmie,second,202609234120,0,0,0,113,1,0,105,1,0,121,0,0,175,1,0,150,0,0,141,0,0
starmie,second,202609234121,1,1,0,137,0,0,181,1,0,138,0,0,145,1,0,139,1,0,151,1,0
starmie,second,202609234122,0,1,0,103,1,0,178,0,0,110,1,0,104,1,0,70,1,0,98,0,0
starmie,second,202609234123,1,1,0,119,0,0,139,1,0,160,0,0,173,0,0,124,1,0,121,0,0
starmie,second,202609234124,0,1,0,152,1,0,126,1,0,80,1,0,80,1,0,125,1,0,80,1,0
starmie,second,202609234125,1,1,0,65,1,0,74,1,0,65,1,0,64,1,0,65,1,0,58,1,1
starmie,second,202609234126,0,0,0,95,0,0,95,0,0,113,0,0,129,0,0,118,1,0,198,1,0
starmie,second,202609234127,1,0,0,148,1,0,162,0,0,155,1,0,121,1,0,120,1,0,107,0,0
starmie,second,202609234128,0,0,0,66,0,0,70,0,0,87,1,0,119,0,0,69,1,0,111,1,0
starmie,second,202609234129,1,1,0,143,1,0,124,1,0,144,0,0,107,0,0,169,1,0,132,0,0
starmie,second,202609234130,0,1,0,99,1,0,140,1,0,124,1,0,97,1,0,149,1,0,114,1,0
starmie,second,202609234131,1,0,0,104,1,0,131,0,0,141,1,0,111,1,0,162,1,0,135,0,0
starmie,second,202609234132,0,1,0,81,1,0,121,1,0,64,1,0,95,1,0,64,1,0,64,1,0
starmie,second,202609234133,1,0,0,164,1,0,137,0,0,153,1,0,153,1,0,173,0,0,159,0,0
starmie,second,202609234134,0,0,0,127,0,0,65,0,0,128,1,0,150,0,0,127,0,0,118,1,0
starmie,second,202609234135,1,0,0,85,0,0,110,0,0,84,1,0,134,0,0,85,1,0,56,1,0
starmie,second,202609234136,0,1,0,155,1,0,124,0,0,121,0,0,151,0,0,124,1,0,122,0,0
starmie,second,202609234137,1,0,0,148,1,0,150,0,0,149,1,0,101,1,0,146,1,0,132,0,0
starmie,second,202609234138,0,0,0,131,1,0,162,1,0,130,0,0,164,1,0,163,1,0,131,0,0
starmie,second,202609234139,1,1,0,122,0,0,144,0,0,151,1,0,118,0,0,138,0,0,118,0,0
starmie,second,202609234140,0,1,0,116,1,0,55,1,0,117,1,0,111,1,0,144,1,0,130,1,0
starmie,second,202609234141,1,0,0,125,1,0,165,0,0,124,0,0,126,1,0,123,0,0,148,0,0
starmie,second,202609234142,0,1,0,57,1,0,127,1,0,112,0,0,129,1,0,105,0,0,140,1,0
starmie,second,202609234143,1,1,0,187,1,0,93,1,0,191,0,0,34,1,0,177,1,0,183,1,0
starmie,second,202609234144,0,1,0,142,0,0,133,1,0,136,1,0,135,1,0,142,0,0,180,1,0
starmie,second,202609234145,1,0,0,56,0,0,74,0,0,56,0,0,75,0,0,61,1,0,79,1,0
starmie,second,202609234146,0,1,0,172,1,0,104,0,0,148,0,0,145,0,0,124,1,0,161,0,0
starmie,second,202609234147,1,0,0,118,0,0,87,0,0,185,1,0,170,1,0,159,0,0,133,0,0
starmie,second,202609234148,0,1,0,126,1,0,122,1,0,149,1,0,122,1,0,149,1,0,150,1,0
starmie,second,202609234149,1,0,0,110,0,0,142,0,0,110,1,0,99,1,0,101,1,0,106,0,0
starmie,second,202609234150,0,0,0,141,0,0,101,0,0,94,0,0,73,0,0,113,0,0,163,1,0
starmie,second,202609234151,1,1,0,125,1,0,188,1,0,119,1,0,121,1,0,108,1,0,128,1,0
starmie,second,202609234152,0,1,0,144,1,0,99,1,0,131,0,0,187,0,0,125,1,0,107,0,0
starmie,second,202609234153,1,1,0,94,1,0,109,1,0,113,0,0,184,1,0,108,1,0,85,1,0
starmie,second,202609234154,0,1,0,55,1,0,137,0,0,98,0,0,113,0,0,101,0,0,94,0,0
starmie,second,202609234155,1,1,0,158,1,0,135,1,0,104,1,0,92,1,0,150,0,0,86,1,0
starmie,second,202609234156,0,1,0,165,0,0,110,1,0,147,1,0,121,1,0,115,0,0,100,1,0
starmie,second,202609234157,1,1,0,113,1,0,125,0,0,136,0,0,132,0,0,136,1,0,88,0,0
starmie,second,202609234158,0,1,0,156,1,0,179,1,0,140,1,0,101,1,0,121,1,0,100,1,0
starmie,second,202609234159,1,1,0,164,0,0,129,1,0,140,0,0,133,1,0,142,0,0,160,1,0
starmie,second,202609234160,0,0,0,209,1,0,146,1,0,184,0,0,124,0,0,174,1,0,114,0,0
starmie,second,202609234161,1,1,0,138,1,0,153,1,0,141,1,0,116,1,0,120,1,0,136,1,0
starmie,second,202609234162,0,1,0,110,1,0,49,0,0,106,0,0,90,0,0,145,1,0,96,0,0
starmie,second,202609234163,1,1,0,145,0,0,163,0,0,139,0,0,82,1,0,119,0,0,96,0,0
starmie,second,202609234164,0,1,0,123,1,0,132,1,0,141,0,0,155,1,0,146,1,0,121,1,0
starmie,second,202609234165,1,0,0,111,1,0,128,0,0,119,0,0,104,0,0,86,1,0,97,1,0
starmie,second,202609234166,0,1,0,141,1,0,141,0,0,105,0,0,146,0,0,102,0,0,133,0,0
starmie,second,202609234167,1,1,0,141,1,0,122,1,0,141,0,0,141,1,0,141,0,0,154,1,1
starmie,second,202609234168,0,0,0,143,0,0,100,0,0,143,1,0,168,0,0,139,0,0,145,1,0
starmie,second,202609234169,1,1,0,118,0,0,129,0,0,133,1,0,104,0,0,155,0,0,114,0,0
starmie,second,202609234170,0,1,0,186,1,0,129,1,0,111,0,0,127,0,0,116,0,0,105,0,0
starmie,second,202609234171,1,0,0,181,1,0,108,1,0,127,0,0,150,0,0,133,0,0,165,0,0
starmie,second,202609234172,0,1,0,170,0,0,126,1,0,72,1,0,69,1,0,75,1,0,107,1,0
starmie,second,202609234173,1,0,0,154,1,0,146,0,0,84,0,0,126,0,0,143,0,0,156,1,0
starmie,second,202609234174,0,0,0,127,1,0,153,1,0,114,1,0,105,1,0,112,1,0,131,0,0
starmie,second,202609234175,1,1,0,138,0,0,187,1,0,110,1,0,126,1,0,153,1,0,154,1,0
starmie,second,202609234176,0,0,0,78,0,0,101,0,0,141,0,0,137,1,0,166,0,0,71,0,0
starmie,second,202609234177,1,0,0,128,1,0,147,1,0,81,1,0,132,1,0,154,1,0,123,0,0
starmie,second,202609234178,0,0,0,103,1,0,83,0,0,160,1,0,120,1,0,146,1,0,123,0,0
starmie,second,202609234179,1,0,0,149,0,0,152,0,0,152,0,0,100,0,0,157,0,0,83,1,0
starmie,second,202609234180,0,1,0,154,1,0,137,1,0,112,1,0,108,0,0,164,1,0,114,0,0
starmie,second,202609234181,1,1,0,166,0,0,122,0,0,130,0,0,115,1,0,134,1,0,124,0,0
starmie,second,202609234182,0,0,0,125,0,0,122,0,0,124,0,0,118,0,0,125,1,0,133,1,0
starmie,second,202609234183,1,1,0,147,1,0,124,1,0,141,1,0,89,1,0,116,1,0,122,1,0
starmie,second,202609234184,0,1,0,139,1,0,115,1,0,157,0,0,144,1,0,152,1,0,140,1,0
starmie,second,202609234185,1,1,0,221,1,0,136,1,0,133,1,0,189,1,0,154,1,0,150,1,0
starmie,second,202609234186,0,1,0,132,0,0,187,0,0,110,0,0,110,0,0,124,0,0,70,0,0
starmie,second,202609234187,1,1,0,149,1,0,137,1,0,149,1,0,134,1,0,152,1,0,180,1,0
starmie,second,202609234188,0,1,0,124,0,0,98,1,0,120,0,0,127,0,0,127,0,0,135,0,0
starmie,second,202609234189,1,0,0,156,1,0,137,0,0,155,1,0,155,1,0,170,0,0,167,0,0
starmie,second,202609234190,0,1,0,133,0,0,164,1,0,133,0,0,128,1,0,133,1,0,147,1,1
starmie,second,202609234191,1,0,0,142,1,0,153,0,0,100,1,0,132,1,0,156,0,0,122,0,0
starmie,second,202609234192,0,1,0,109,1,0,135,1,0,86,1,0,159,1,0,126,1,0,99,1,0
starmie,second,202609234193,1,0,0,133,0,0,132,1,0,126,1,0,134,0,0,116,1,0,136,0,0
starmie,second,202609234194,0,0,0,142,1,0,230,1,0,125,1,0,80,1,0,50,1,0,101,0,0
starmie,second,202609234195,1,0,0,143,1,0,117,1,0,144,1,0,121,0,0,135,1,0,86,0,0
starmie,second,202609234196,0,1,0,154,1,0,100,0,0,93,0,0,184,1,0,89,1,0,164,0,0
starmie,second,202609234197,1,0,0,112,1,0,137,1,0,140,1,0,139,0,0,119,1,0,153,0,0
starmie,second,202609234198,0,0,0,167,1,0,130,1,0,99,0,0,136,0,0,135,1,0,110,0,0
starmie,second,202609234199,1,1,0,147,1,0,119,1,0,78,1,0,133,1,0,105,1,0,111,1,0
dipplin,first,202608235000,0,1,0,95,1,0,94,1,0,95,1,0,105,1,0,95,1,0,132,1,1
dipplin,first,202608235001,1,1,0,160,1,0,98,1,0,160,1,0,129,1,0,160,1,0,129,1,1
dipplin,first,202608235002,0,1,0,118,1,0,213,1,0,118,1,0,108,1,0,118,0,0,105,1,1
dipplin,first,202608235003,1,1,0,154,1,0,154,1,0,154,0,0,162,1,0,154,0,0,128,1,1
dipplin,first,202608235004,0,1,0,91,1,0,90,1,0,91,1,0,99,1,0,91,1,0,75,1,1
dipplin,first,202608235005,1,1,0,106,1,0,165,1,0,106,1,0,106,1,0,106,1,0,138,1,1
dipplin,first,202608235006,0,0,0,148,1,0,166,0,0,148,1,0,157,0,0,148,0,0,148,1,1
dipplin,first,202608235007,1,1,0,134,0,0,160,1,0,134,0,0,110,1,0,134,1,0,135,1,1
dipplin,first,202608235008,0,1,0,86,1,0,74,1,0,86,1,0,104,1,0,86,1,0,69,1,1
dipplin,first,202608235009,1,1,0,90,0,0,135,1,0,90,1,0,129,1,0,90,1,0,131,1,1
dipplin,first,202608235010,0,0,0,115,0,0,96,0,0,115,0,0,119,0,0,115,0,0,88,1,1
dipplin,first,202608235011,1,0,0,102,0,0,92,0,0,118,0,0,125,0,0,102,0,0,145,1,0
dipplin,first,202608235012,0,0,0,95,0,0,91,0,0,95,0,0,124,0,0,95,0,0,91,1,1
dipplin,first,202608235013,1,0,0,85,1,0,156,1,0,164,1,0,118,0,0,85,0,0,101,0,0
dipplin,first,202608235014,0,0,0,92,0,0,109,0,0,92,0,0,109,0,0,92,1,0,126,1,1
dipplin,first,202608235015,1,1,0,169,0,0,111,1,0,171,0,0,141,1,0,169,0,0,141,1,0
dipplin,first,202608235016,0,0,0,97,0,0,123,0,0,97,0,0,97,0,0,97,0,0,127,1,1
dipplin,first,202608235017,1,0,0,109,0,0,105,1,0,109,1,0,109,0,0,109,0,0,98,0,0
dipplin,first,202608235018,0,1,0,150,1,0,136,1,0,150,1,0,150,1,0,150,1,0,198,1,1
dipplin,first,202608235019,1,1,0,85,1,0,108,1,0,85,1,0,99,1,0,85,1,0,147,1,1
dipplin,first,202608235020,0,1,0,85,1,0,112,1,0,85,1,0,83,1,0,85,1,0,75,1,1
dipplin,first,202608235021,1,1,0,138,0,0,107,1,0,127,1,0,106,1,0,138,1,0,111,1,0
dipplin,first,202608235022,0,1,0,103,1,0,117,1,0,103,1,0,125,1,0,103,0,0,129,1,1
dipplin,first,202608235023,1,0,0,84,0,0,88,0,0,84,0,0,84,0,0,84,0,0,87,1,1
dipplin,first,202608235024,0,1,0,118,1,0,131,1,0,118,1,0,119,1,0,118,0,0,120,1,1
dipplin,first,202608235025,1,1,0,110,0,0,131,1,0,110,1,0,110,1,0,110,1,0,137,1,1
dipplin,first,202608235026,0,1,0,93,1,0,133,1,0,93,1,0,88,1,0,93,1,0,132,1,1
dipplin,first,202608235027,1,0,0,135,1,0,117,0,0,135,0,0,135,0,0,135,1,0,133,1,1
dipplin,first,202608235028,0,0,0,106,0,0,106,0,0,106,0,0,122,0,0,106,0,0,105,1,1
dipplin,first,202608235029,1,1,0,145,1,0,124,1,0,145,0,0,131,1,0,145,1,0,118,1,1
dipplin,first,202608235030,0,1,0,90,1,0,113,1,0,90,1,0,93,1,0,90,1,0,86,1,1
dipplin,first,202608235031,1,1,0,115,1,0,97,1,0,115,1,0,102,1,0,115,1,0,66,1,1
dipplin,first,202608235032,0,1,0,27,1,0,27,1,0,27,1,0,26,1,0,27,1,0,26,1,1
dipplin,first,202608235033,1,1,0,152,0,0,137,1,0,152,1,0,135,1,0,152,0,0,130,1,1
dipplin,first,202608235034,0,0,0,97,0,0,88,0,0,97,1,0,118,0,0,97,0,0,97,1,1
dipplin,first,202608235035,1,1,0,130,1,0,167,1,0,130,1,0,120,1,0,130,1,0,175,1,1
dipplin,first,202608235036,0,0,0,114,0,0,150,0,0,114,0,0,129,0,0,114,0,0,142,1,1
dipplin,first,202608235037,1,1,0,139,1,0,139,1,0,139,1,0,142,1,0,139,0,0,171,1,1
dipplin,first,202608235038,0,0,0,92,1,0,123,1,0,104,1,0,104,0,0,98,1,0,127,0,0
dipplin,first,202608235039,1,0,0,103,0,0,175,0,0,103,1,0,123,0,0,103,0,0,110,1,1
dipplin,first,202608235040,0,1,0,142,1,0,163,1,0,169,1,0,169,1,0,169,1,0,132,1,0
dipplin,first,202608235041,1,1,0,142,1,0,119,1,0,142,1,0,142,1,0,142,1,0,126,1,1
dipplin,first,202608235042,0,1,0,131,1,0,121,1,0,131,1,0,170,1,0,131,1,0,119,1,1
dipplin,first,202608235043,1,1,0,187,1,0,154,1,0,187,0,0,119,1,0,187,1,0,145,1,1
dipplin,first,202608235044,0,1,0,91,1,0,121,1,0,94,1,0,94,1,0,91,0,0,179,1,0
dipplin,first,202608235045,1,1,0,118,1,0,128,1,0,118,1,0,133,1,0,118,0,0,121,1,1
dipplin,first,202608235046,0,1,0,104,1,0,103,1,0,104,1,0,104,1,0,104,1,0,103,1,1
dipplin,first,202608235047,1,0,0,138,0,0,131,0,0,138,1,0,145,0,0,138,0,0,146,1,1
dipplin,first,202608235048,0,1,0,77,1,0,57,1,0,77,1,0,146,1,0,77,1,0,65,1,1
dipplin,first,202608235049,1,1,0,75,1,0,113,1,0,75,1,0,77,1,0,75,1,0,100,1,1
dipplin,first,202608235050,0,1,0,67,1,0,96,1,0,67,1,0,119,1,0,67,1,0,118,1,1
dipplin,first,202608235051,1,1,0,84,1,0,76,1,0,84,1,0,64,1,0,84,1,0,79,1,1
dipplin,first,202608235052,0,0,0,110,1,0,157,0,0,110,0,0,116,0,0,110,1,0,158,1,1
dipplin,first,202608235053,1,0,0,120,0,0,117,0,0,120,0,0,120,0,0,120,0,0,120,1,1
dipplin,first,202608235054,0,0,0,109,0,0,76,0,0,109,0,0,104,0,0,109,1,0,124,1,1
dipplin,first,202608235055,1,0,0,93,0,0,117,0,0,93,0,0,93,0,0,93,0,0,79,1,1
dipplin,first,202608235056,0,1,0,124,0,0,101,1,0,124,0,0,101,1,0,124,0,0,128,1,1
dipplin,first,202608235057,1,0,0,115,0,0,97,0,0,115,0,0,105,0,0,115,0,0,102,1,1
dipplin,first,202608235058,0,0,0,120,0,0,113,0,0,120,0,0,120,0,0,120,0,0,115,1,1
dipplin,first,202608235059,1,0,0,108,1,0,149,0,0,127,0,0,126,0,0,108,0,0,126,1,0
dipplin,first,202608235060,0,0,0,114,1,0,131,0,0,153,0,0,134,0,0,114,0,0,104,1,0
dipplin,first,202608235061,1,0,0,90,1,0,134,0,0,90,0,0,90,0,0,90,1,0,119,1,1
dipplin,first,202608235062,0,0,0,95,0,0,83,0,0,92,0,0,92,0,0,83,0,0,90,1,0
dipplin,first,202608235063,1,1,0,164,0,0,117,1,0,164,0,0,111,1,0,164,0,0,93,1,1
dipplin,first,202608235064,0,0,0,134,1,0,100,1,0,154,1,0,175,1,0,105,1,0,103,0,0
dipplin,first,202608235065,1,0,0,104,0,0,108,0,0,114,0,0,138,0,0,104,1,0,154,1,0
dipplin,first,202608235066,0,1,0,69,1,0,94,1,0,69,1,0,69,1,0,69,1,0,86,1,1
dipplin,first,202608235067,1,0,0,105,0,0,83,0,0,105,0,0,105,0,0,105,0,0,115,1,1
dipplin,first,202608235068,0,1,0,34,1,0,37,1,0,34,1,0,37,1,0,34,1,0,37,1,1
dipplin,first,202608235069,1,0,0,96,0,0,79,0,0,96,0,0,90,0,0,96,0,0,102,1,1
dipplin,first,202608235070,0,1,0,93,0,0,124,1,0,93,1,0,93,1,0,93,1,0,109,1,1
dipplin,first,202608235071,1,1,0,82,1,0,82,1,0,82,1,0,115,1,0,82,1,0,113,1,1
dipplin,first,202608235072,0,0,0,124,0,0,98,0,0,123,0,0,107,0,0,124,0,0,98,1,0
dipplin,first,202608235073,1,1,0,90,1,0,160,1,0,90,1,0,90,1,0,90,0,0,68,1,1
dipplin,first,202608235074,0,0,0,19,0,0,99,0,0,19,0,0,19,0,0,19,0,0,104,1,1
dipplin,first,202608235075,1,0,0,160,1,0,66,1,0,167,1,0,104,1,0,167,1,0,77,0,0
dipplin,first,202608235076,0,0,0,172,0,0,162,0,0,172,0,0,176,0,0,172,0,0,167,1,1
dipplin,first,202608235077,1,0,0,160,1,0,74,0,0,160,1,0,78,0,0,160,1,0,78,1,1
dipplin,first,202608235078,0,0,0,151,0,0,110,0,0,134,0,0,151,0,0,151,1,0,146,1,0
dipplin,first,202608235079,1,1,0,136,1,0,188,1,0,88,1,0,98,1,0,136,1,0,95,1,0
dipplin,first,202608235080,0,1,0,157,1,0,129,1,0,157,0,0,143,1,0,157,0,0,125,1,1
dipplin,first,202608235081,1,1,0,79,1,0,99,1,0,79,1,0,98,1,0,79,1,0,115,1,1
dipplin,first,202608235082,0,1,0,94,1,0,91,1,0,94,1,0,97,1,0,94,1,0,76,1,1
dipplin,first,202608235083,1,1,0,152,1,0,155,1,0,152,1,0,130,1,0,152,0,0,108,1,1
dipplin,first,202608235084,0,0,0,107,0,0,132,0,0,107,0,0,106,0,0,107,0,0,131,1,1
dipplin,first,202608235085,1,0,0,84,0,0,78,0,0,84,1,0,143,0,0,84,0,0,101,1,1
dipplin,first,202608235086,0,0,0,111,1,0,79,0,0,111,0,0,113,0,0,111,1,0,157,1,1
dipplin,first,202608235087,1,0,0,85,0,0,85,0,0,85,0,0,85,0,0,85,0,0,85,1,1
dipplin,first,202608235088,0,1,0,140,1,0,125,1,0,116,1,0,136,1,0,140,1,0,115,1,0
dipplin,first,202608235089,1,1,0,67,1,0,63,1,0,67,1,0,67,1,0,67,1,0,87,1,1
dipplin,first,202608235090,0,1,0,151,0,0,113,1,0,151,1,0,151,1,0,151,0,0,149,1,1
dipplin,first,202608235091,1,1,0,83,1,0,85,1,0,83,1,0,129,1,0,83,1,0,120,1,1
dipplin,first,202608235092,0,1,0,166,1,0,139,1,0,166,1,0,189,1,0,166,0,0,140,1,1
dipplin,first,202608235093,1,0,0,85,0,0,85,0,0,97,1,0,59,0,0,97,0,0,99,1,0
dipplin,first,202608235094,0,0,0,121,1,0,137,0,0,121,0,0,135,0,0,121,0,0,99,1,1
dipplin,first,202608235095,1,0,0,36,0,0,36,0,0,36,0,0,36,0,0,36,1,0,94,1,1
dipplin,first,202608235096,0,1,0,170,0,0,106,1,0,170,0,0,94,1,0,170,0,0,126,1,1
dipplin,first,202608235097,1,1,0,139,1,0,168,1,0,139,1,0,145,1,0,139,1,0,156,1,1
dipplin,first,202608235098,0,1,0,37,1,0,47,1,0,37,1,0,37,1,0,37,1,0,37,1,1
dipplin,first,202608235099,1,0,0,130,0,0,100,0,0,130,0,0,131,0,0,130,0,0,100,1,1
dipplin,first,202608235100,0,1,0,71,1,0,67,1,0,71,1,0,71,1,0,71,1,0,74,1,1
dipplin,first,202608235101,1,1,0,173,1,0,60,1,0,173,1,0,173,1,0,173,1,0,66,1,1
dipplin,first,202608235102,0,1,0,127,0,0,142,1,0,127,1,0,142,1,0,127,1,0,117,1,1
dipplin,first,202608235103,1,1,0,162,1,0,153,1,0,162,0,0,131,1,0,162,1,0,142,1,1
dipplin,first,202608235104,0,1,0,126,0,0,107,1,0,126,1,0,126,1,0,126,1,0,119,1,1
dipplin,first,202608235105,1,0,0,125,0,0,93,0,0,105,0,0,118,0,0,112,1,0,143,1,0
dipplin,first,202608235106,0,1,0,131,0,0,93,1,0,131,0,0,101,1,0,131,0,0,97,1,1
dipplin,first,202608235107,1,0,0,111,0,0,111,0,0,111,0,0,111,0,0,111,0,0,111,1,1
dipplin,first,202608235108,0,1,0,149,0,0,195,1,0,149,1,0,114,1,0,149,0,0,134,1,1
dipplin,first,202608235109,1,1,0,124,0,0,80,1,0,124,0,0,92,1,0,124,1,0,133,1,1
dipplin,first,202608235110,0,1,0,155,1,0,108,1,0,155,1,0,156,1,0,155,1,0,107,1,1
dipplin,first,202608235111,1,1,0,95,1,0,103,1,0,95,1,0,97,1,0,95,1,0,95,1,1
dipplin,first,202608235112,0,0,0,112,1,0,116,0,0,115,0,0,116,0,0,112,0,0,103,1,0
dipplin,first,202608235113,1,1,0,117,1,0,125,1,0,117,1,0,116,1,0,117,1,0,118,1,1
dipplin,first,202608235114,0,0,0,115,1,0,158,1,0,182,1,0,139,0,0,115,1,0,157,0,0
dipplin,first,202608235115,1,1,0,179,1,0,176,1,0,179,1,0,179,1,0,179,0,0,138,1,1
dipplin,first,202608235116,0,0,0,49,0,0,49,0,0,60,0,0,48,0,0,49,0,0,48,1,0
dipplin,first,202608235117,1,1,0,132,0,0,105,1,0,133,1,0,134,1,0,132,0,0,126,1,0
dipplin,first,202608235118,0,0,0,90,0,0,85,0,0,106,0,0,106,0,0,90,0,0,93,1,0
dipplin,first,202608235119,1,0,0,67,0,0,67,0,0,67,0,0,132,0,0,67,1,0,149,1,1
dipplin,first,202608235120,0,1,0,58,1,0,37,1,0,58,1,0,45,1,0,58,1,0,45,1,1
dipplin,first,202608235121,1,0,0,105,0,0,114,0,0,105,0,0,110,0,0,105,0,0,105,1,1
dipplin,first,202608235122,0,0,0,39,0,0,39,0,0,39,0,0,39,0,0,39,0,0,39,1,1
dipplin,first,202608235123,1,0,0,81,0,0,68,0,0,81,0,0,64,0,0,81,0,0,150,1,1
dipplin,first,202608235124,0,1,0,145,1,0,151,1,0,145,1,0,91,1,0,145,0,0,93,1,1
dipplin,first,202608235125,1,0,0,69,0,0,68,0,0,69,0,0,84,0,0,69,0,0,91,1,1
dipplin,first,202608235126,0,0,0,147,0,0,141,0,0,147,0,0,134,0,0,147,0,0,140,1,1
dipplin,first,202608235127,1,0,0,181,1,0,145,0,0,181,0,0,181,0,0,181,0,0,130,1,1
dipplin,first,202608235128,0,1,0,105,1,0,95,1,0,105,1,0,105,1,0,105,1,0,120,1,1
dipplin,first,202608235129,1,1,0,50,1,0,55,1,0,50,1,0,53,1,0,50,1,0,59,1,1
dipplin,first,202608235130,0,0,0,121,0,0,104,0,0,121,0,0,121,0,0,121,1,0,109,1,1
dipplin,first,202608235131,1,1,0,161,0,0,116,1,0,161,1,0,161,1,0,161,0,0,154,1,1
dipplin,first,202608235132,0,1,0,115,1,0,140,1,0,115,1,0,115,1,0,115,0,0,123,1,1
dipplin,first,202608235133,1,1,0,84,0,0,106,1,0,84,1,0,109,1,0,84,0,0,106,1,1
dipplin,first,202608235134,0,0,0,28,0,0,89,0,0,28,0,0,28,0,0,28,0,0,95,1,1
dipplin,first,202608235135,1,0,0,112,1,0,142,0,0,112,0,0,111,0,0,112,0,0,117,1,1
dipplin,first,202608235136,0,1,0,91,1,0,106,1,0,91,1,0,91,1,0,91,1,0,124,1,1
dipplin,first,202608235137,1,1,0,62,1,0,69,1,0,62,1,0,62,1,0,62,1,0,58,1,1
dipplin,first,202608235138,0,1,0,120,0,0,89,1,0,120,1,0,125,1,0,120,1,0,120,1,1
dipplin,first,202608235139,1,1,0,132,0,0,141,1,0,132,0,0,122,1,0,132,0,0,141,1,1
dipplin,first,202608235140,0,0,0,130,1,0,163,0,0,130,1,0,162,0,0,130,0,0,121,1,1
dipplin,first,202608235141,1,1,0,49,1,0,25,1,0,49,1,0,49,1,0,49,1,0,50,1,1
dipplin,first,202608235142,0,1,0,142,0,0,115,1,0,142,1,0,144,1,0,142,0,0,148,1,1
dipplin,first,202608235143,1,1,0,104,0,0,119,1,0,104,1,0,100,1,0,104,1,0,122,1,1
dipplin,first,202608235144,0,1,0,105,1,0,162,1,0,118,1,0,105,1,0,105,0,0,115,1,0
dipplin,first,202608235145,1,0,0,115,0,0,114,0,0,115,0,0,120,0,0,115,0,0,144,1,1
dipplin,first,202608235146,0,0,0,91,0,0,90,0,0,91,0,0,91,0,0,91,0,0,135,1,1
dipplin,first,202608235147,1,1,0,160,1,0,104,1,0,160,0,0,91,1,0,160,0,0,140,1,1
dipplin,first,202608235148,0,1,0,103,1,0,153,1,0,103,1,0,125,1,0,103,1,0,161,1,1
dipplin,first,202608235149,1,1,0,122,0,0,138,1,0,122,1,0,129,1,0,122,1,0,117,1,1
dipplin,first,202608235150,0,0,0,21,1,0,153,0,0,21,0,0,21,0,0,21,0,0,124,1,1
dipplin,first,202608235151,1,0,0,107,1,0,152,0,0,107,1,0,167,0,0,107,0,0,112,1,1
dipplin,first,202608235152,0,0,0,98,0,0,118,0,0,98,0,0,98,0,0,98,1,0,79,1,1
dipplin,first,202608235153,1,1,0,103,1,0,117,1,0,103,1,0,103,1,0,103,1,0,119,1,1
dipplin,first,202608235154,0,0,0,144,0,0,121,0,0,144,0,0,102,0,0,102,0,0,107,1,0
dipplin,first,202608235155,1,0,0,116,0,0,114,0,0,116,0,0,116,0,0,116,1,0,130,1,1
dipplin,first,202608235156,0,0,0,129,1,0,135,0,0,129,0,0,129,0,0,129,0,0,158,1,1
dipplin,first,202608235157,1,1,0,148,1,0,149,1,0,148,1,0,110,1,0,148,1,0,128,1,1
dipplin,first,202608235158,0,1,0,52,1,0,52,1,0,52,1,0,52,1,0,52,1,0,52,1,1
dipplin,first,202608235159,1,1,0,136,0,0,76,1,0,136,1,0,132,1,0,136,1,0,124,1,1
dipplin,first,202608235160,0,0,0,138,0,0,130,0,0,138,1,0,140,0,0,138,1,0,130,1,1
dipplin,first,202608235161,1,0,0,147,1,0,158,0,0,147,0,0,147,0,0,147,0,0,148,1,1
dipplin,first,202608235162,0,0,0,90,1,0,138,0,0,90,0,0,132,0,0,88,0,0,131,1,0
dipplin,first,202608235163,1,1,0,89,1,0,117,1,0,89,1,0,89,1,0,89,1,0,175,1,1
dipplin,first,202608235164,0,1,0,52,1,0,73,1,0,52,1,0,52,1,0,52,1,0,52,1,1
dipplin,first,202608235165,1,0,0,118,1,0,122,1,0,120,1,0,119,1,0,120,1,0,141,0,0
dipplin,first,202608235166,0,1,0,94,1,0,107,1,0,94,1,0,93,1,0,94,0,0,110,1,1
dipplin,first,202608235167,1,0,0,98,1,0,161,0,0,98,0,0,94,0,0,98,0,0,111,1,1
dipplin,first,202608235168,0,0,0,107,0,0,78,0,0,107,0,0,106,0,0,107,1,0,156,1,1
dipplin,first,202608235169,1,1,0,161,1,0,179,1,0,161,1,0,126,1,0,161,1,0,132,1,1
dipplin,first,202608235170,0,1,0,133,1,0,135,1,0,133,1,0,149,1,0,133,1,0,101,1,1
dipplin,first,202608235171,1,0,0,89,1,0,165,0,0,89,0,0,89,0,0,89,1,0,160,1,1
dipplin,first,202608235172,0,1,0,110,1,0,146,1,0,110,1,0,104,1,0,110,1,0,141,1,1
dipplin,first,202608235173,1,0,0,162,1,0,111,0,0,162,1,0,110,0,0,162,1,0,101,1,1
dipplin,first,202608235174,0,1,0,34,1,0,34,1,0,34,1,0,34,1,0,34,1,0,34,1,1
dipplin,first,202608235175,1,1,0,61,1,0,68,1,0,61,1,0,61,1,0,61,1,0,64,1,1
dipplin,first,202608235176,0,0,0,114,1,0,116,0,0,114,0,0,114,0,0,114,1,0,118,1,1
dipplin,first,202608235177,1,0,0,92,0,0,107,0,0,92,0,0,106,0,0,92,0,0,101,1,1
dipplin,first,202608235178,0,0,0,122,1,0,146,0,0,122,1,0,98,0,0,122,0,0,128,1,1
dipplin,first,202608235179,1,0,0,81,0,0,82,0,0,81,0,0,81,0,0,81,0,0,67,1,1
dipplin,first,202608235180,0,0,0,28,0,0,30,0,0,28,0,0,27,0,0,28,0,0,30,1,1
dipplin,first,202608235181,1,1,0,90,1,0,109,1,0,90,1,0,90,1,0,90,1,0,131,1,1
dipplin,first,202608235182,0,0,0,148,1,0,154,1,0,93,1,0,75,1,0,93,1,0,75,0,0
dipplin,first,202608235183,1,1,0,100,1,0,111,1,0,100,1,0,110,1,0,100,0,0,90,1,1
dipplin,first,202608235184,0,1,0,126,0,0,127,0,0,121,0,0,150,0,0,121,1,0,152,0,0
dipplin,first,202608235185,1,0,0,120,0,0,125,0,0,120,0,0,143,0,0,120,0,0,142,1,1
dipplin,first,202608235186,0,0,0,75,0,0,86,0,0,75,0,0,74,0,0,75,0,0,74,1,1
dipplin,first,202608235187,1,1,0,105,1,0,136,1,0,105,1,0,105,1,0,105,0,0,100,1,1
dipplin,first,202608235188,0,0,0,109,0,0,104,0,0,109,0,0,109,0,0,109,0,0,103,1,1
dipplin,first,202608235189,1,1,0,104,0,0,141,1,0,104,1,0,109,1,0,104,1,0,108,1,1
dipplin,first,202608235190,0,1,0,91,0,0,153,1,0,91,1,0,91,1,0,91,1,0,83,1,1
dipplin,first,202608235191,1,1,0,141,1,0,133,1,0,141,1,0,141,1,0,141,1,0,141,1,1
dipplin,first,202608235192,0,0,0,98,1,0,123,0,0,98,0,0,98,0,0,98,1,0,129,1,1
dipplin,first,202608235193,1,1,0,197,1,0,144,1,0,197,0,0,132,1,0,197,0,0,132,1,1
dipplin,first,202608235194,0,1,0,69,1,0,69,1,0,69,1,0,105,1,0,69,1,0,110,1,1
dipplin,first,202608235195,1,0,0,120,0,0,120,0,0,120,1,0,154,0,0,129,0,0,117,1,0
dipplin,first,202608235196,0,0,0,96,0,0,96,0,0,96,0,0,96,0,0,96,0,0,102,1,1
dipplin,first,202608235197,1,1,0,122,1,0,129,1,0,122,1,0,141,0,0,109,1,0,139,0,0
dipplin,first,202608235198,0,1,0,91,1,0,34,1,0,91,1,0,106,1,0,91,1,0,119,1,1
dipplin,first,202608235199,1,1,0,103,1,0,88,1,0,103,0,0,82,1,0,103,1,0,102,1,1
dipplin,second,202609235000,0,1,0,152,1,0,152,1,0,152,1,0,151,1,0,152,1,0,137,1,1
dipplin,second,202609235001,1,0,0,54,0,0,54,0,0,54,0,0,106,0,0,54,0,0,81,1,1
dipplin,second,202609235002,0,0,0,79,0,0,103,0,0,79,0,0,79,0,0,79,0,0,101,1,1
dipplin,second,202609235003,1,0,0,134,1,0,115,1,0,110,1,0,131,0,0,134,0,0,189,0,0
dipplin,second,202609235004,0,1,0,187,0,0,161,1,0,187,1,0,163,1,0,179,1,0,135,1,0
dipplin,second,202609235005,1,0,0,99,0,0,106,0,0,99,0,0,99,0,0,99,0,0,125,1,1
dipplin,second,202609235006,0,0,0,39,0,0,39,0,0,39,0,0,39,0,0,39,0,0,39,1,1
dipplin,second,202609235007,1,0,0,86,0,0,91,0,0,86,0,0,86,0,0,86,0,0,89,1,1
dipplin,second,202609235008,0,1,0,115,1,0,169,1,0,123,1,0,107,1,0,115,1,0,120,1,0
dipplin,second,202609235009,1,0,0,122,0,0,122,0,0,122,0,0,117,0,0,122,0,0,112,1,1
dipplin,second,202609235010,0,0,0,97,0,0,110,0,0,97,0,0,97,0,0,98,0,0,108,1,0
dipplin,second,202609235011,1,1,0,137,1,0,149,1,0,137,1,0,137,1,0,137,1,0,181,1,1
dipplin,second,202609235012,0,0,0,116,0,0,108,0,0,116,0,0,117,0,0,110,0,0,115,1,0
dipplin,second,202609235013,1,1,0,153,1,0,161,1,0,153,0,0,148,1,0,153,0,0,95,1,1
dipplin,second,202609235014,0,1,0,161,0,0,80,1,0,161,0,0,104,1,0,161,1,0,115,1,1
dipplin,second,202609235015,1,0,0,144,1,0,172,0,0,144,0,0,144,0,0,144,0,0,109,1,1
dipplin,second,202609235016,0,1,0,127,1,0,172,1,0,127,1,0,129,1,0,127,0,0,131,1,1
dipplin,second,202609235017,1,1,0,164,1,0,125,1,0,164,1,0,164,1,0,164,0,0,103,1,1
dipplin,second,202609235018,0,0,0,132,0,0,147,0,0,132,0,0,139,0,0,132,1,0,119,1,1
dipplin,second,202609235019,1,1,0,138,1,0,169,1,0,138,1,0,117,1,0,138,1,0,104,1,1
dipplin,second,202609235020,0,1,0,110,0,0,110,1,0,110,1,0,117,1,0,110,1,0,133,1,1
dipplin,second,202609235021,1,1,0,105,0,0,110,1,0,105,1,0,106,1,0,105,1,0,136,1,1
dipplin,second,202609235022,0,1,0,88,1,0,99,1,0,88,1,0,82,1,0,88,1,0,118,1,1
dipplin,second,202609235023,1,0,0,81,0,0,83,0,0,81,0,0,81,0,0,81,0,0,81,1,1
dipplin,second,202609235024,0,0,0,101,0,0,113,0,0,101,0,0,105,0,0,101,0,0,111,1,1
dipplin,second,202609235025,1,0,0,157,1,0,113,0,0,106,1,0,179,0,0,157,1,0,132,1,0
dipplin,second,202609235026,0,0,0,74,0,0,74,0,0,74,0,0,76,0,0,74,0,0,75,1,1
dipplin,second,202609235027,1,0,0,104,1,0,111,0,0,104,0,0,104,0,0,104,0,0,137,1,1
dipplin,second,202609235028,0,1,0,75,1,0,60,1,0,75,1,0,75,1,0,75,1,0,58,1,1
dipplin,second,202609235029,1,0,0,76,0,0,89,0,0,76,0,0,97,0,0,76,1,0,146,1,1
dipplin,second,202609235030,0,1,0,130,1,0,88,1,0,130,1,0,130,1,0,130,1,0,115,1,1
dipplin,second,202609235031,1,0,0,104,0,0,104,0,0,99,0,0,85,0,0,99,0,0,88,1,0
dipplin,second,202609235032,0,1,0,62,1,0,62,1,0,62,1,0,62,1,0,62,1,0,58,1,1
dipplin,second,202609235033,1,0,0,85,0,0,98,0,0,85,0,0,115,0,0,85,1,0,138,1,1
dipplin,second,202609235034,0,0,0,116,1,0,74,0,0,121,0,0,147,0,0,116,1,0,140,1,0
dipplin,second,202609235035,1,1,0,143,1,0,118,1,0,143,1,0,143,1,0,143,1,0,139,1,1
dipplin,second,202609235036,0,0,0,67,0,0,67,0,0,67,0,0,67,0,0,67,0,0,67,1,1
dipplin,second,202609235037,1,1,0,147,0,0,127,1,0,147,1,0,126,1,0,147,0,0,127,1,1
dipplin,second,202609235038,0,0,0,90,1,0,141,0,0,90,0,0,90,0,0,90,1,0,117,1,1
dipplin,second,202609235039,1,0,0,97,0,0,87,0,0,97,0,0,93,0,0,97,0,0,90,1,1
dipplin,second,202609235040,0,1,0,140,1,0,172,0,0,119,0,0,106,0,0,119,1,0,129,0,0
dipplin,second,202609235041,1,0,0,72,0,0,112,0,0,72,0,0,72,0,0,72,0,0,99,1,1
dipplin,second,202609235042,0,1,0,167,0,0,117,0,0,83,0,0,84,1,0,167,0,0,126,0,0
dipplin,second,202609235043,1,0,0,57,0,0,57,0,0,57,0,0,57,0,0,57,0,0,60,1,1
dipplin,second,202609235044,0,1,0,169,0,0,136,0,0,105,0,0,105,1,0,160,1,0,137,0,0
dipplin,second,202609235045,1,0,0,84,0,0,104,0,0,84,0,0,84,0,0,84,0,0,81,1,1
dipplin,second,202609235046,0,1,0,122,1,0,127,1,0,122,1,0,118,1,0,122,1,0,117,1,1
dipplin,second,202609235047,1,1,0,104,0,0,100,1,0,112,1,0,112,1,0,104,1,0,107,1,0
dipplin,second,202609235048,0,0,0,140,1,0,149,0,0,140,1,0,177,0,0,140,1,0,125,1,1
dipplin,second,202609235049,1,0,0,56,0,0,122,0,0,56,0,0,102,0,0,56,0,0,100,1,1
dipplin,second,202609235050,0,1,0,133,1,0,84,0,0,150,0,0,150,0,0,150,1,0,144,0,0
dipplin,second,202609235051,1,1,0,139,0,0,93,1,0,139,1,0,129,1,0,139,0,0,105,1,1
dipplin,second,202609235052,0,0,0,86,1,0,169,0,0,86,1,0,162,0,0,86,0,0,88,1,1
dipplin,second,202609235053,1,0,0,90,0,0,86,0,0,90,0,0,102,0,0,90,0,0,105,1,1
dipplin,second,202609235054,0,0,0,108,0,0,89,0,0,108,0,0,108,0,0,108,1,0,146,1,1
dipplin,second,202609235055,1,0,0,98,0,0,122,0,0,96,0,0,96,0,0,98,0,0,86,1,0
dipplin,second,202609235056,0,0,0,79,0,0,79,0,0,79,0,0,79,0,0,79,0,0,142,1,1
dipplin,second,202609235057,1,1,0,141,1,0,148,1,0,141,1,0,136,1,0,141,1,0,134,1,1
dipplin,second,202609235058,0,0,0,85,0,0,82,0,0,85,0,0,83,0,0,85,0,0,89,1,1
dipplin,second,202609235059,1,1,0,78,1,0,84,0,0,89,0,0,88,0,0,89,0,0,89,0,0
dipplin,second,202609235060,0,1,0,80,1,0,78,1,0,80,1,0,95,1,0,80,1,0,71,1,1
dipplin,second,202609235061,1,1,0,105,1,0,214,1,0,105,1,0,140,1,0,105,0,0,131,1,1
dipplin,second,202609235062,0,0,0,124,0,0,55,0,0,90,0,0,86,0,0,124,1,0,154,1,0
dipplin,second,202609235063,1,0,0,93,1,0,153,0,0,93,0,0,93,0,0,93,1,0,154,1,1
dipplin,second,202609235064,0,0,0,107,1,0,113,0,0,108,1,0,162,0,0,107,0,0,118,1,0
dipplin,second,202609235065,1,1,0,86,0,0,127,1,0,86,1,0,94,1,0,86,1,0,130,1,1
dipplin,second,202609235066,0,1,0,68,1,0,36,1,0,149,1,0,163,1,0,149,0,0,124,1,0
dipplin,second,202609235067,1,1,0,144,0,0,103,1,0,144,1,0,144,1,0,144,1,0,128,1,1
dipplin,second,202609235068,0,0,0,100,0,0,135,0,0,100,0,0,111,0,0,100,0,0,132,1,1
dipplin,second,202609235069,1,0,0,78,0,0,85,0,0,78,0,0,78,0,0,78,0,0,86,1,1
dipplin,second,202609235070,0,0,0,107,0,0,89,0,0,110,0,0,107,0,0,110,0,0,96,1,0
dipplin,second,202609235071,1,1,0,136,1,0,143,1,0,136,1,0,136,1,0,136,1,0,140,1,1
dipplin,second,202609235072,0,1,0,147,1,0,172,1,0,147,1,0,164,1,0,147,1,0,166,1,1
dipplin,second,202609235073,1,0,0,114,1,0,154,0,0,115,0,0,116,0,0,111,0,0,97,1,0
dipplin,second,202609235074,0,1,0,75,0,0,128,1,0,75,1,0,73,1,0,75,1,0,181,1,1
dipplin,second,202609235075,1,1,0,87,1,0,102,1,0,87,1,0,93,1,0,87,1,0,120,1,1
dipplin,second,202609235076,0,0,0,103,0,0,103,0,0,103,0,0,92,0,0,103,0,0,105,1,1
dipplin,second,202609235077,1,1,0,146,0,0,132,1,0,146,1,0,124,1,0,146,0,0,126,1,1
dipplin,second,202609235078,0,1,0,92,1,0,94,1,0,92,1,0,92,1,0,92,1,0,99,1,1
dipplin,second,202609235079,1,1,0,101,1,0,129,1,0,101,1,0,99,1,0,101,1,0,120,1,1
dipplin,second,202609235080,0,0,0,188,0,0,99,0,0,122,0,0,122,0,0,188,0,0,156,1,0
dipplin,second,202609235081,1,1,0,133,0,0,112,1,0,152,1,0,120,1,0,152,0,0,110,1,0
dipplin,second,202609235082,0,0,0,98,1,0,128,0,0,98,0,0,98,0,0,98,0,0,108,1,1
dipplin,second,202609235083,1,0,0,96,1,0,148,0,0,96,0,0,96,0,0,96,1,0,156,1,1
dipplin,second,202609235084,0,0,0,83,0,0,83,0,0,50,0,0,50,0,0,50,0,0,50,1,0
dipplin,second,202609235085,1,1,0,40,1,0,40,1,0,40,1,0,40,1,0,40,1,0,41,1,1
dipplin,second,202609235086,0,1,0,156,0,0,80,1,0,156,1,0,156,1,0,156,0,0,88,1,1
dipplin,second,202609235087,1,1,0,139,1,0,173,1,0,139,1,0,141,1,0,139,1,0,188,1,1
dipplin,second,202609235088,0,0,0,104,0,0,101,0,0,104,0,0,103,0,0,104,0,0,103,1,1
dipplin,second,202609235089,1,0,0,103,0,0,79,0,0,103,0,0,103,0,0,103,0,0,79,1,1
dipplin,second,202609235090,0,0,0,82,1,0,131,0,0,82,0,0,82,0,0,82,1,0,125,1,1
dipplin,second,202609235091,1,0,0,85,0,0,104,0,0,85,0,0,85,0,0,85,0,0,132,1,1
dipplin,second,202609235092,0,1,0,171,1,0,171,1,0,171,1,0,171,1,0,171,1,0,168,1,1
dipplin,second,202609235093,1,1,0,65,1,0,72,1,0,65,1,0,70,1,0,65,1,0,62,1,1
dipplin,second,202609235094,0,0,0,64,0,0,64,0,0,64,0,0,63,0,0,64,0,0,63,1,1
dipplin,second,202609235095,1,0,0,60,0,0,105,0,0,60,0,0,60,0,0,60,0,0,113,1,1
dipplin,second,202609235096,0,1,0,100,1,0,100,1,0,163,0,0,119,1,0,163,0,0,113,1,0
dipplin,second,202609235097,1,1,0,184,0,0,162,1,0,87,1,0,87,1,0,87,1,0,110,1,0
dipplin,second,202609235098,0,1,0,124,1,0,126,1,0,124,1,0,126,1,0,124,1,0,160,1,1
dipplin,second,202609235099,1,1,0,157,1,0,149,1,0,157,0,0,112,1,0,157,0,0,121,1,1
dipplin,second,202609235100,0,1,0,121,1,0,106,0,0,96,1,0,117,1,0,121,1,0,113,0,0
dipplin,second,202609235101,1,1,0,144,0,0,93,1,0,144,1,0,125,1,0,144,1,0,127,1,1
dipplin,second,202609235102,0,1,0,81,1,0,75,1,0,81,1,0,80,1,0,81,1,0,76,1,1
dipplin,second,202609235103,1,1,0,142,0,0,145,1,0,142,1,0,141,1,0,142,0,0,72,1,1
dipplin,second,202609235104,0,1,0,119,1,0,157,1,0,127,1,0,148,1,0,127,1,0,134,1,0
dipplin,second,202609235105,1,0,0,102,0,0,117,0,0,102,0,0,63,0,0,102,0,0,63,1,1
dipplin,second,202609235106,0,0,0,113,0,0,125,0,0,113,0,0,113,0,0,113,0,0,105,1,1
dipplin,second,202609235107,1,1,0,69,0,0,99,1,0,148,1,0,139,1,0,148,1,0,132,1,0
dipplin,second,202609235108,0,1,0,165,0,0,133,1,0,161,1,0,158,1,0,161,0,0,93,1,0
dipplin,second,202609235109,1,0,0,78,0,0,60,0,0,78,0,0,75,0,0,78,0,0,60,1,1
dipplin,second,202609235110,0,1,0,153,1,0,91,1,0,115,1,0,118,1,0,153,1,0,89,1,0
dipplin,second,202609235111,1,1,0,118,1,0,88,1,0,92,0,0,137,1,0,92,0,0,104,1,0
dipplin,second,202609235112,0,0,0,90,0,0,79,0,0,90,0,0,120,0,0,90,0,0,81,1,1
dipplin,second,202609235113,1,0,0,23,0,0,69,0,0,23,0,0,23,0,0,23,0,0,100,1,1
dipplin,second,202609235114,0,0,0,111,1,0,158,0,0,102,0,0,125,0,0,102,0,0,101,1,0
dipplin,second,202609235115,1,0,0,63,1,0,153,0,0,63,0,0,63,0,0,63,0,0,63,1,1
dipplin,second,202609235116,0,1,0,70,1,0,73,1,0,70,1,0,74,1,0,70,1,0,97,1,1
dipplin,second,202609235117,1,1,0,108,0,0,131,1,0,108,1,0,104,1,0,108,1,0,55,1,1
dipplin,second,202609235118,0,1,0,48,1,0,94,1,0,48,1,0,48,1,0,48,1,0,79,1,1
dipplin,second,202609235119,1,1,0,93,1,0,102,1,0,93,1,0,91,1,0,93,1,0,148,1,1
dipplin,second,202609235120,0,0,0,125,0,0,135,0,0,125,0,0,125,0,0,125,0,0,140,1,1
dipplin,second,202609235121,1,1,0,90,1,0,97,1,0,90,1,0,102,1,0,90,1,0,98,1,1
dipplin,second,202609235122,0,1,0,89,1,0,122,1,0,89,1,0,101,1,0,89,1,0,106,1,1
dipplin,second,202609235123,1,0,0,110,0,0,145,0,0,153,1,0,157,0,0,142,0,0,134,1,0
dipplin,second,202609235124,0,0,0,75,0,0,75,0,0,75,0,0,75,0,0,75,0,0,75,1,1
dipplin,second,202609235125,1,0,0,145,1,0,62,0,0,145,1,0,167,0,0,145,1,0,56,1,1
dipplin,second,202609235126,0,1,0,152,0,0,117,1,0,175,1,0,175,1,0,175,1,0,162,1,0
dipplin,second,202609235127,1,0,0,100,0,0,118,0,0,100,0,0,100,0,0,100,0,0,113,1,1
dipplin,second,202609235128,0,1,0,136,1,0,131,1,0,136,1,0,138,1,0,136,0,0,125,1,1
dipplin,second,202609235129,1,1,0,143,1,0,138,1,0,143,1,0,143,1,0,143,1,0,132,1,1
dipplin,second,202609235130,0,1,0,106,0,0,126,1,0,106,1,0,147,1,0,106,1,0,124,1,1
dipplin,second,202609235131,1,1,0,168,1,0,205,1,0,168,0,0,135,1,0,168,0,0,143,1,1
dipplin,second,202609235132,0,0,0,90,0,0,90,0,0,91,0,0,91,0,0,91,0,0,91,1,0
dipplin,second,202609235133,1,0,0,33,0,0,36,0,0,33,0,0,33,0,0,33,0,0,36,1,1
dipplin,second,202609235134,0,1,0,115,1,0,59,1,0,115,1,0,91,1,0,115,1,0,59,1,1
dipplin,second,202609235135,1,0,0,176,1,0,175,0,0,119,0,0,138,0,0,176,0,0,104,1,0
dipplin,second,202609235136,0,1,0,42,1,0,41,1,0,42,1,0,42,1,0,42,1,0,104,1,1
dipplin,second,202609235137,1,1,0,170,0,0,120,1,0,170,1,0,189,1,0,170,1,0,186,1,1
dipplin,second,202609235138,0,0,0,179,0,0,99,0,0,179,0,0,107,0,0,179,1,0,132,1,1
dipplin,second,202609235139,1,0,0,163,1,0,89,0,0,163,0,0,163,0,0,163,1,0,185,1,1
dipplin,second,202609235140,0,1,0,58,1,0,42,1,0,58,1,0,57,1,0,58,1,0,43,1,1
dipplin,second,202609235141,1,1,0,98,1,0,80,1,0,98,1,0,113,1,0,98,1,0,85,1,1
dipplin,second,202609235142,0,0,0,106,1,0,165,0,0,108,0,0,108,0,0,108,0,0,92,1,0
dipplin,second,202609235143,1,0,0,84,0,0,60,0,0,84,0,0,84,0,0,84,0,0,72,1,1
dipplin,second,202609235144,0,1,0,98,1,0,114,1,0,98,1,0,118,1,0,98,0,0,128,1,1
dipplin,second,202609235145,1,1,0,70,1,0,77,1,0,70,1,0,78,1,0,70,1,0,99,1,1
dipplin,second,202609235146,0,0,0,97,0,0,97,0,0,97,0,0,97,0,0,97,0,0,113,1,1
dipplin,second,202609235147,1,1,0,135,0,0,104,1,0,135,1,0,135,1,0,135,0,0,84,1,1
dipplin,second,202609235148,0,1,0,80,1,0,78,1,0,80,1,0,88,1,0,80,1,0,74,1,1
dipplin,second,202609235149,1,0,0,140,1,0,155,0,0,141,0,0,127,0,0,141,1,0,178,1,0
dipplin,second,202609235150,0,1,0,160,0,0,106,1,0,160,0,0,96,1,0,160,1,0,157,1,1
dipplin,second,202609235151,1,0,0,112,0,0,106,0,0,100,0,0,82,0,0,100,0,0,80,1,0
dipplin,second,202609235152,0,0,0,64,0,0,67,0,0,64,0,0,64,0,0,64,0,0,133,1,1
dipplin,second,202609235153,1,0,0,155,0,0,91,0,0,155,0,0,102,0,0,155,0,0,104,1,1
dipplin,second,202609235154,0,0,0,63,0,0,63,0,0,63,0,0,63,0,0,63,0,0,63,1,1
dipplin,second,202609235155,1,0,0,133,0,0,100,0,0,133,0,0,133,0,0,133,0,0,90,1,1
dipplin,second,202609235156,0,1,0,127,1,0,131,1,0,127,1,0,127,1,0,127,1,0,149,1,1
dipplin,second,202609235157,1,0,0,104,0,0,89,0,0,89,0,0,97,0,0,89,0,0,146,1,0
dipplin,second,202609235158,0,1,0,100,0,0,132,1,0,100,1,0,124,1,0,100,0,0,104,1,1
dipplin,second,202609235159,1,0,0,47,0,0,47,0,0,47,0,0,47,0,0,47,0,0,47,1,1
dipplin,second,202609235160,0,1,0,136,1,0,134,1,0,136,1,0,145,1,0,136,1,0,158,1,1
dipplin,second,202609235161,1,0,0,67,0,0,67,0,0,77,0,0,77,0,0,77,0,0,77,1,0
dipplin,second,202609235162,0,0,0,106,0,0,81,0,0,106,0,0,86,0,0,106,0,0,92,1,1
dipplin,second,202609235163,1,1,0,98,1,0,99,1,0,98,1,0,126,1,0,98,1,0,101,1,1
dipplin,second,202609235164,0,0,0,74,0,0,98,0,0,74,0,0,74,0,0,74,1,0,104,1,1
dipplin,second,202609235165,1,0,0,99,1,0,115,0,0,99,0,0,99,0,0,99,1,0,167,1,1
dipplin,second,202609235166,0,1,0,139,1,0,168,1,0,139,1,0,148,1,0,139,0,0,165,1,1
dipplin,second,202609235167,1,1,0,51,1,0,81,1,0,51,1,0,51,1,0,51,1,0,51,1,1
dipplin,second,202609235168,0,1,0,125,0,0,117,1,0,125,1,0,110,1,0,125,0,0,140,1,1
dipplin,second,202609235169,1,0,0,27,0,0,27,0,0,27,0,0,44,0,0,27,0,0,27,1,1
dipplin,second,202609235170,0,0,0,53,0,0,53,0,0,53,0,0,53,0,0,53,0,0,86,1,1
dipplin,second,202609235171,1,0,0,107,1,0,160,0,0,107,0,0,107,0,0,107,1,0,126,1,1
dipplin,second,202609235172,0,0,0,80,0,0,84,0,0,80,0,0,80,0,0,80,0,0,81,1,1
dipplin,second,202609235173,1,0,0,56,1,0,116,0,0,56,0,0,56,0,0,56,1,0,100,1,1
dipplin,second,202609235174,0,1,0,138,1,0,133,0,0,133,0,0,124,0,0,133,1,0,136,0,0
dipplin,second,202609235175,1,0,0,103,0,0,92,0,0,103,1,0,174,0,0,103,1,0,137,1,1
dipplin,second,202609235176,0,0,0,94,0,0,94,0,0,94,0,0,82,0,0,94,0,0,82,1,1
dipplin,second,202609235177,1,0,0,119,1,0,181,0,0,84,0,0,84,0,0,84,0,0,94,1,0
dipplin,second,202609235178,0,1,0,136,0,0,159,1,0,103,1,0,131,1,0,103,0,0,131,1,0
dipplin,second,202609235179,1,1,0,119,1,0,129,1,0,119,1,0,130,1,0,119,1,0,118,1,1
dipplin,second,202609235180,0,1,0,143,1,0,156,1,0,143,1,0,143,1,0,143,0,0,123,1,1
dipplin,second,202609235181,1,0,0,99,0,0,92,1,0,136,1,0,139,1,0,136,1,0,126,0,0
dipplin,second,202609235182,0,0,0,87,0,0,95,0,0,87,0,0,87,0,0,87,0,0,92,1,1
dipplin,second,202609235183,1,0,0,37,0,0,37,0,0,37,0,0,37,0,0,37,0,0,37,1,1
dipplin,second,202609235184,0,1,0,147,1,0,146,1,0,147,1,0,147,1,0,147,0,0,110,1,1
dipplin,second,202609235185,1,1,0,109,1,0,117,1,0,129,0,0,85,1,0,129,0,0,113,1,0
dipplin,second,202609235186,0,0,0,98,0,0,94,0,0,98,0,0,79,0,0,98,0,0,99,1,1
dipplin,second,202609235187,1,0,0,93,1,0,150,0,0,108,0,0,120,0,0,108,0,0,111,1,0
dipplin,second,202609235188,0,1,0,136,1,0,46,1,0,136,1,0,145,1,0,136,1,0,95,1,1
dipplin,second,202609235189,1,0,0,83,0,0,98,0,0,83,0,0,83,0,0,83,0,0,95,1,1
dipplin,second,202609235190,0,1,0,122,1,0,117,1,0,122,1,0,122,1,0,122,1,0,123,1,1
dipplin,second,202609235191,1,0,0,80,0,0,81,0,0,80,0,0,80,0,0,80,0,0,71,1,1
dipplin,second,202609235192,0,1,0,124,0,0,126,1,0,124,1,0,124,1,0,124,1,0,141,1,1
dipplin,second,202609235193,1,1,0,69,0,0,102,1,0,69,1,0,69,1,0,69,0,0,106,1,1
dipplin,second,202609235194,0,1,0,60,1,0,75,1,0,60,1,0,41,1,0,60,1,0,38,1,1
dipplin,second,202609235195,1,1,0,141,1,0,93,1,0,141,1,0,141,1,0,141,0,0,79,1,1
dipplin,second,202609235196,0,0,0,98,0,0,129,0,0,128,0,0,130,0,0,128,0,0,131,1,0
dipplin,second,202609235197,1,0,0,105,0,0,84,0,0,105,0,0,110,0,0,105,0,0,126,1,1
dipplin,second,202609235198,0,0,0,97,1,0,160,0,0,97,0,0,97,0,0,97,1,0,136,1,1
dipplin,second,202609235199,1,0,0,97,1,0,110,0,0,97,0,0,83,0,0,97,1,0,140,1,1
alakazam_no_search,first,202608236000,0,1,0,158,1,0,168,1,0,158,1,0,208,1,0,158,1,0,183,1,1
alakazam_no_search,first,202608236001,1,1,0,169,1,0,121,1,0,169,1,0,169,1,0,169,1,0,152,1,1
alakazam_no_search,first,202608236002,0,1,0,71,1,0,73,1,0,71,1,0,69,1,0,71,1,0,69,1,1
alakazam_no_search,first,202608236003,1,1,0,134,1,0,144,1,0,134,1,0,132,1,0,134,1,0,140,1,1
alakazam_no_search,first,202608236004,0,1,0,159,1,0,123,1,0,159,1,0,164,1,0,159,1,0,186,1,1
alakazam_no_search,first,202608236005,1,1,0,141,1,0,176,1,0,141,1,0,141,1,0,141,1,0,141,1,1
alakazam_no_search,first,202608236006,0,1,0,57,1,0,118,1,0,57,1,0,53,1,0,57,1,0,64,1,1
alakazam_no_search,first,202608236007,1,0,0,202,0,0,171,0,0,202,1,0,236,0,0,202,0,0,213,1,1
alakazam_no_search,first,202608236008,0,1,0,110,1,0,99,1,0,110,1,0,96,1,0,110,1,0,102,1,1
alakazam_no_search,first,202608236009,1,1,0,196,1,0,212,1,0,196,1,0,188,1,0,196,1,0,134,1,1
alakazam_no_search,first,202608236010,0,0,0,150,1,0,173,0,0,150,0,0,150,0,0,150,0,0,147,1,1
alakazam_no_search,first,202608236011,1,1,0,182,1,0,189,1,0,182,1,0,183,1,0,182,1,0,152,1,1
alakazam_no_search,first,202608236012,0,1,0,178,1,0,179,1,0,178,1,0,168,1,0,178,1,0,172,1,1
alakazam_no_search,first,202608236013,1,1,0,170,1,0,179,1,0,170,1,0,143,1,0,170,1,0,192,1,1
alakazam_no_search,first,202608236014,0,1,0,132,1,0,131,1,0,132,1,0,134,1,0,132,1,0,124,1,1
alakazam_no_search,first,202608236015,1,0,0,128,0,0,128,0,0,128,0,0,128,0,0,128,0,0,128,1,1
alakazam_no_search,first,202608236016,0,1,0,136,1,0,165,1,0,136,1,0,174,1,0,136,1,0,153,1,1
alakazam_no_search,first,202608236017,1,1,0,172,1,0,213,1,0,172,1,0,172,1,0,172,1,0,196,1,1
alakazam_no_search,first,202608236018,0,1,0,34,1,0,175,1,0,34,1,0,236,1,0,34,0,0,181,1,1
alakazam_no_search,first,202608236019,1,1,0,132,1,0,130,1,0,132,1,0,131,1,0,132,1,0,158,1,1
alakazam_no_search,first,202608236020,0,1,0,153,1,0,170,1,0,153,1,0,148,1,0,153,1,0,158,1,1
alakazam_no_search,first,202608236021,1,1,0,182,1,0,177,1,0,182,1,0,174,1,0,182,1,0,176,1,1
alakazam_no_search,first,202608236022,0,1,0,144,1,0,184,1,0,144,1,0,144,1,0,144,1,0,146,1,1
alakazam_no_search,first,202608236023,1,1,0,83,1,0,97,1,0,83,1,0,71,1,0,83,1,0,154,1,1
alakazam_no_search,first,202608236024,0,1,0,139,1,0,130,1,0,139,1,0,187,1,0,139,1,0,145,1,1
alakazam_no_search,first,202608236025,1,0,0,185,1,0,175,0,0,185,1,0,134,0,0,185,1,0,184,1,1
alakazam_no_search,first,202608236026,0,1,0,131,1,0,127,1,0,131,1,0,120,1,0,131,1,0,129,1,1
alakazam_no_search,first,202608236027,1,1,0,143,1,0,160,1,0,143,1,0,141,1,0,143,1,0,167,1,1
alakazam_no_search,first,202608236028,0,1,0,124,1,0,164,1,0,124,1,0,127,1,0,124,1,0,147,1,1
alakazam_no_search,first,202608236029,1,1,0,122,1,0,164,1,0,122,0,0,193,1,0,122,1,0,171,1,1
alakazam_no_search,first,202608236030,0,1,0,112,1,0,146,1,0,112,1,0,134,1,0,112,1,0,135,1,1
alakazam_no_search,first,202608236031,1,1,0,178,1,0,175,1,0,178,1,0,201,1,0,178,1,0,126,1,1
alakazam_no_search,first,202608236032,0,1,0,160,1,0,124,1,0,160,1,0,169,1,0,160,1,0,152,1,1
alakazam_no_search,first,202608236033,1,0,0,134,1,0,161,0,0,134,1,0,191,0,0,134,1,0,166,1,1
alakazam_no_search,first,202608236034,0,1,0,156,1,0,167,1,0,156,1,0,156,1,0,156,1,0,153,1,1
alakazam_no_search,first,202608236035,1,1,0,121,1,0,128,1,0,121,1,0,129,1,0,121,1,0,123,1,1
alakazam_no_search,first,202608236036,0,1,0,134,1,0,134,1,0,134,1,0,128,1,0,134,1,0,171,1,1
alakazam_no_search,first,202608236037,1,0,0,137,1,0,169,0,0,137,1,0,182,0,0,137,1,0,149,1,1
alakazam_no_search,first,202608236038,0,1,0,132,1,0,143,1,0,132,1,0,167,1,0,132,1,0,147,1,1
alakazam_no_search,first,202608236039,1,1,0,154,1,0,176,1,0,154,1,0,154,1,0,154,1,0,189,1,1
alakazam_no_search,first,202608236040,0,1,0,62,1,0,62,1,0,62,1,0,59,1,0,62,1,0,145,1,1
alakazam_no_search,first,202608236041,1,1,0,190,1,0,158,1,0,190,1,0,181,1,0,190,1,0,145,1,1
alakazam_no_search,first,202608236042,0,1,0,161,1,0,163,1,0,161,1,0,161,1,0,161,1,0,118,1,1
alakazam_no_search,first,202608236043,1,1,0,225,0,0,207,1,0,225,1,0,191,1,0,225,1,0,224,1,1
alakazam_no_search,first,202608236044,0,1,0,232,1,0,161,1,0,232,1,0,173,1,0,232,1,0,184,1,1
alakazam_no_search,first,202608236045,1,1,0,76,1,0,73,1,0,76,1,0,74,1,0,76,1,0,74,1,1
alakazam_no_search,first,202608236046,0,1,0,159,1,0,177,1,0,159,1,0,159,1,0,159,1,0,163,1,1
alakazam_no_search,first,202608236047,1,1,0,184,1,0,149,1,0,184,1,0,208,1,0,184,1,0,215,1,1
alakazam_no_search,first,202608236048,0,1,0,109,1,0,130,1,0,109,1,0,132,1,0,109,1,0,135,1,1
alakazam_no_search,first,202608236049,1,1,0,148,1,0,125,1,0,148,1,0,162,1,0,148,1,0,121,1,1
alakazam_no_search,first,202608236050,0,0,0,235,1,0,231,0,0,235,0,0,234,0,0,235,1,0,247,1,1
alakazam_no_search,first,202608236051,1,1,0,166,1,0,185,1,0,166,1,0,188,1,0,166,1,0,172,1,1
alakazam_no_search,first,202608236052,0,1,0,147,0,0,173,1,0,147,1,0,145,1,0,147,1,0,150,1,1
alakazam_no_search,first,202608236053,1,1,0,119,1,0,120,1,0,119,1,0,133,1,0,119,1,0,177,1,1
alakazam_no_search,first,202608236054,0,1,0,67,1,0,133,1,0,67,1,0,67,1,0,67,1,0,170,1,1
alakazam_no_search,first,202608236055,1,0,0,192,1,0,175,0,0,192,1,0,169,0,0,192,1,0,149,1,1
alakazam_no_search,first,202608236056,0,1,0,143,1,0,149,1,0,143,1,0,156,1,0,143,1,0,196,1,1
alakazam_no_search,first,202608236057,1,0,0,129,1,0,179,0,0,129,0,0,170,0,0,129,1,0,156,1,1
alakazam_no_search,first,202608236058,0,1,0,173,1,0,130,1,0,173,1,0,173,1,0,173,1,0,208,1,1
alakazam_no_search,first,202608236059,1,1,0,133,1,0,146,1,0,133,1,0,181,1,0,133,1,0,162,1,1
alakazam_no_search,first,202608236060,0,1,0,52,0,0,217,1,0,52,1,0,38,1,0,52,1,0,56,1,1
alakazam_no_search,first,202608236061,1,1,0,122,1,0,130,1,0,122,1,0,122,1,0,122,1,0,140,1,1
alakazam_no_search,first,202608236062,0,1,0,176,1,0,256,1,0,176,1,0,208,1,0,176,1,0,142,1,1
alakazam_no_search,first,202608236063,1,1,0,160,1,0,190,1,0,160,1,0,147,1,0,160,1,0,161,1,1
alakazam_no_search,first,202608236064,0,1,0,152,1,0,76,1,0,152,1,0,147,1,0,152,1,0,141,1,1
alakazam_no_search,first,202608236065,1,1,0,73,1,0,82,1,0,73,1,0,73,1,0,73,1,0,66,1,1
alakazam_no_search,first,202608236066,0,1,0,155,1,0,184,1,0,155,1,0,150,1,0,155,1,0,142,1,1
alakazam_no_search,first,202608236067,1,1,0,177,1,0,190,1,0,177,1,0,192,1,0,177,1,0,169,1,1
alakazam_no_search,first,202608236068,0,1,0,147,1,0,158,1,0,147,1,0,147,1,0,147,1,0,155,1,1
alakazam_no_search,first,202608236069,1,1,0,128,1,0,166,1,0,128,1,0,175,1,0,128,0,0,139,1,1
alakazam_no_search,first,202608236070,0,1,0,123,1,0,125,1,0,123,1,0,128,1,0,123,1,0,132,1,1
alakazam_no_search,first,202608236071,1,1,0,143,1,0,192,1,0,143,1,0,180,1,0,143,1,0,153,1,1
alakazam_no_search,first,202608236072,0,0,0,171,1,0,137,0,0,171,0,0,171,0,0,171,1,0,164,1,1
alakazam_no_search,first,202608236073,1,1,0,61,1,0,61,1,0,61,1,0,61,1,0,61,1,0,61,1,1
alakazam_no_search,first,202608236074,0,0,0,185,1,0,169,0,0,185,1,0,194,0,0,185,0,0,123,1,1
alakazam_no_search,first,202608236075,1,1,0,142,1,0,145,1,0,142,1,0,132,1,0,142,1,0,132,1,1
alakazam_no_search,first,202608236076,0,1,0,166,0,0,175,1,0,166,1,0,170,1,0,166,1,0,212,1,1
alakazam_no_search,first,202608236077,1,1,0,167,1,0,143,1,0,167,1,0,155,1,0,167,1,0,152,1,1
alakazam_no_search,first,202608236078,0,1,0,201,1,0,196,1,0,201,1,0,196,1,0,201,1,0,155,1,1
alakazam_no_search,first,202608236079,1,0,0,185,1,0,201,0,0,185,0,0,185,0,0,185,1,0,173,1,1
alakazam_no_search,first,202608236080,0,1,0,151,1,0,171,1,0,151,1,0,142,1,0,151,1,0,146,1,1
alakazam_no_search,first,202608236081,1,1,0,207,1,0,211,1,0,207,1,0,197,1,0,207,1,0,158,1,1
alakazam_no_search,first,202608236082,0,1,0,156,1,0,175,1,0,156,1,0,152,1,0,156,1,0,192,1,1
alakazam_no_search,first,202608236083,1,1,0,167,1,0,162,1,0,167,1,0,121,1,0,167,1,0,129,1,1
alakazam_no_search,first,202608236084,0,1,0,90,1,0,121,1,0,90,1,0,102,1,0,90,1,0,110,1,1
alakazam_no_search,first,202608236085,1,1,0,147,0,0,199,1,0,147,1,0,149,1,0,147,1,0,149,1,1
alakazam_no_search,first,202608236086,0,1,0,174,1,0,154,1,0,174,1,0,156,1,0,174,1,0,187,1,1
alakazam_no_search,first,202608236087,1,1,0,147,1,0,156,1,0,147,1,0,163,1,0,147,1,0,142,1,1
alakazam_no_search,first,202608236088,0,1,0,123,1,0,107,1,0,123,1,0,150,1,0,123,1,0,162,1,1
alakazam_no_search,first,202608236089,1,1,0,111,1,0,152,1,0,111,1,0,111,1,0,111,1,0,139,1,1
alakazam_no_search,first,202608236090,0,1,0,189,1,0,176,1,0,189,1,0,189,1,0,189,1,0,161,1,1
alakazam_no_search,first,202608236091,1,1,0,172,1,0,160,1,0,172,1,0,175,1,0,172,1,0,165,1,1
alakazam_no_search,first,202608236092,0,1,0,123,1,0,125,1,0,123,1,0,123,1,0,123,1,0,126,1,1
alakazam_no_search,first,202608236093,1,1,0,140,1,0,183,1,0,140,1,0,172,1,0,140,1,0,174,1,1
alakazam_no_search,first,202608236094,0,1,0,171,1,0,195,1,0,171,1,0,177,1,0,171,1,0,173,1,1
alakazam_no_search,first,202608236095,1,1,0,170,1,0,144,1,0,170,1,0,174,1,0,170,1,0,171,1,1
alakazam_no_search,first,202608236096,0,1,0,177,1,0,173,1,0,177,1,0,179,1,0,177,1,0,171,1,1
alakazam_no_search,first,202608236097,1,0,0,198,0,0,215,0,0,198,0,0,198,0,0,198,1,0,207,1,1
alakazam_no_search,first,202608236098,0,1,0,149,1,0,194,1,0,149,1,0,149,1,0,149,1,0,126,1,1
alakazam_no_search,first,202608236099,1,1,0,157,1,0,137,1,0,157,1,0,148,1,0,157,1,0,150,1,1
alakazam_no_search,first,202608236100,0,1,0,143,1,0,143,1,0,143,1,0,143,1,0,143,1,0,141,1,1
alakazam_no_search,first,202608236101,1,1,0,159,0,0,136,1,0,159,1,0,166,1,0,159,1,0,143,1,1
alakazam_no_search,first,202608236102,0,1,0,147,1,0,148,1,0,147,1,0,158,1,0,147,1,0,166,1,1
alakazam_no_search,first,202608236103,1,1,0,164,1,0,180,1,0,164,1,0,164,1,0,164,1,0,172,1,1
alakazam_no_search,first,202608236104,0,1,0,165,1,0,167,1,0,165,1,0,157,1,0,165,1,0,181,1,1
alakazam_no_search,first,202608236105,1,0,0,169,1,0,176,0,0,169,1,0,188,0,0,169,1,0,192,1,1
alakazam_no_search,first,202608236106,0,1,0,151,1,0,53,1,0,151,1,0,186,1,0,151,1,0,52,1,1
alakazam_no_search,first,202608236107,1,1,0,110,1,0,126,1,0,110,1,0,112,1,0,110,1,0,154,1,1
alakazam_no_search,first,202608236108,0,1,0,204,1,0,215,1,0,204,1,0,224,1,0,204,1,0,232,1,1
alakazam_no_search,first,202608236109,1,1,0,132,1,0,134,1,0,132,1,0,132,1,0,132,1,0,131,1,1
alakazam_no_search,first,202608236110,0,1,0,169,1,0,189,1,0,169,1,0,185,1,0,169,1,0,185,1,1
alakazam_no_search,first,202608236111,1,1,0,151,1,0,33,1,0,151,1,0,151,1,0,151,1,0,200,1,1
alakazam_no_search,first,202608236112,0,1,0,145,1,0,150,1,0,145,1,0,157,1,0,145,1,0,159,1,1
alakazam_no_search,first,202608236113,1,1,0,174,1,0,122,1,0,174,0,0,164,1,0,174,1,0,185,1,1
alakazam_no_search,first,202608236114,0,1,0,150,1,0,120,1,0,150,1,0,149,1,0,150,1,0,127,1,1
alakazam_no_search,first,202608236115,1,1,0,136,1,0,177,1,0,136,1,0,147,1,0,136,1,0,252,1,1
alakazam_no_search,first,202608236116,0,1,0,128,1,0,156,1,0,128,1,0,136,1,0,128,1,0,169,1,1
alakazam_no_search,first,202608236117,1,0,0,169,0,0,167,0,0,169,0,0,169,0,0,169,0,0,171,1,1
alakazam_no_search,first,202608236118,0,1,0,145,1,0,139,1,0,145,1,0,145,1,0,145,0,0,189,1,1
alakazam_no_search,first,202608236119,1,1,0,180,1,0,76,1,0,180,1,0,155,1,0,180,1,0,183,1,1
alakazam_no_search,first,202608236120,0,1,0,140,0,0,176,1,0,140,1,0,139,1,0,140,1,0,146,1,1
alakazam_no_search,first,202608236121,1,1,0,176,1,0,182,1,0,176,1,0,169,1,0,176,1,0,174,1,1
alakazam_no_search,first,202608236122,0,1,0,129,1,0,170,1,0,129,1,0,132,1,0,129,1,0,104,1,1
alakazam_no_search,first,202608236123,1,0,0,153,1,0,140,0,0,153,1,0,161,0,0,153,1,0,180,1,1
alakazam_no_search,first,202608236124,0,0,0,185,1,0,157,0,0,185,1,0,158,0,0,185,0,0,154,1,1
alakazam_no_search,first,202608236125,1,0,0,163,1,0,204,0,0,163,0,0,165,0,0,163,1,0,178,1,1
alakazam_no_search,first,202608236126,0,1,0,173,1,0,122,1,0,173,1,0,181,1,0,173,1,0,121,1,1
alakazam_no_search,first,202608236127,1,1,0,172,0,0,156,1,0,172,1,0,151,1,0,172,0,0,140,1,1
alakazam_no_search,first,202608236128,0,1,0,168,1,0,170,1,0,168,1,0,132,1,0,168,1,0,142,1,1
alakazam_no_search,first,202608236129,1,1,0,220,0,0,172,1,0,220,1,0,180,1,0,220,1,0,137,1,1
alakazam_no_search,first,202608236130,0,1,0,201,1,0,164,1,0,201,1,0,199,1,0,201,1,0,173,1,1
alakazam_no_search,first,202608236131,1,1,0,162,1,0,149,1,0,162,1,0,161,1,0,162,1,0,159,1,1
alakazam_no_search,first,202608236132,0,0,0,167,1,0,171,0,0,167,0,0,165,0,0,167,1,0,146,1,1
alakazam_no_search,first,202608236133,1,1,0,152,1,0,164,1,0,152,1,0,158,1,0,152,1,0,178,1,1
alakazam_no_search,first,202608236134,0,1,0,187,1,0,186,1,0,187,1,0,167,1,0,187,1,0,177,1,1
alakazam_no_search,first,202608236135,1,1,0,159,1,0,167,1,0,159,1,0,159,1,0,159,1,0,201,1,1
alakazam_no_search,first,202608236136,0,1,0,181,1,0,182,1,0,181,1,0,183,1,0,181,1,0,174,1,1
alakazam_no_search,first,202608236137,1,1,0,99,1,0,121,1,0,99,1,0,66,1,0,99,1,0,95,1,1
alakazam_no_search,first,202608236138,0,1,0,120,1,0,140,1,0,120,1,0,122,1,0,120,1,0,140,1,1
alakazam_no_search,first,202608236139,1,1,0,170,1,0,172,1,0,170,1,0,170,1,0,170,1,0,134,1,1
alakazam_no_search,first,202608236140,0,1,0,133,1,0,181,1,0,133,1,0,131,1,0,133,0,0,181,1,1
alakazam_no_search,first,202608236141,1,1,0,158,1,0,147,1,0,158,1,0,148,1,0,158,1,0,139,1,1
alakazam_no_search,first,202608236142,0,1,0,157,1,0,141,1,0,157,1,0,157,1,0,157,1,0,157,1,1
alakazam_no_search,first,202608236143,1,1,0,142,1,0,159,1,0,142,1,0,157,1,0,142,1,0,180,1,1
alakazam_no_search,first,202608236144,0,1,0,171,1,0,189,1,0,171,1,0,169,1,0,171,1,0,185,1,1
alakazam_no_search,first,202608236145,1,1,0,129,1,0,123,1,0,129,1,0,93,1,0,129,1,0,124,1,1
alakazam_no_search,first,202608236146,0,1,0,193,0,0,175,1,0,193,1,0,158,1,0,193,1,0,181,1,1
alakazam_no_search,first,202608236147,1,1,0,146,1,0,160,1,0,146,1,0,150,1,0,146,1,0,169,1,1
alakazam_no_search,first,202608236148,0,1,0,133,1,0,117,1,0,133,1,0,135,1,0,133,1,0,119,1,1
alakazam_no_search,first,202608236149,1,0,0,180,1,0,133,0,0,180,0,0,179,0,0,180,1,0,132,1,1
alakazam_no_search,first,202608236150,0,1,0,169,1,0,179,1,0,169,1,0,169,1,0,169,1,0,166,1,1
alakazam_no_search,first,202608236151,1,1,0,148,1,0,187,1,0,148,1,0,135,1,0,148,1,0,182,1,1
alakazam_no_search,first,202608236152,0,1,0,167,1,0,162,1,0,167,1,0,137,1,0,167,1,0,179,1,1
alakazam_no_search,first,202608236153,1,1,0,158,1,0,163,1,0,158,1,0,158,1,0,158,1,0,126,1,1
alakazam_no_search,first,202608236154,0,1,0,131,1,0,172,1,0,131,1,0,130,1,0,131,1,0,133,1,1
alakazam_no_search,first,202608236155,1,1,0,193,1,0,170,1,0,193,1,0,193,1,0,193,1,0,187,1,1
alakazam_no_search,first,202608236156,0,1,0,169,1,0,128,1,0,169,1,0,173,1,0,169,1,0,173,1,1
alakazam_no_search,first,202608236157,1,1,0,169,1,0,186,1,0,169,1,0,169,1,0,169,1,0,161,1,1
alakazam_no_search,first,202608236158,0,1,0,51,1,0,46,1,0,51,1,0,51,1,0,51,1,0,46,1,1
alakazam_no_search,first,202608236159,1,0,0,165,1,0,142,0,0,165,0,0,166,0,0,165,1,0,130,1,1
alakazam_no_search,first,202608236160,0,1,0,176,1,0,145,1,0,176,1,0,169,1,0,176,1,0,159,1,1
alakazam_no_search,first,202608236161,1,1,0,171,0,0,173,1,0,171,0,0,158,1,0,171,0,0,194,1,1
alakazam_no_search,first,202608236162,0,1,0,162,1,0,158,1,0,162,1,0,182,1,0,162,1,0,142,1,1
alakazam_no_search,first,202608236163,1,1,0,154,1,0,170,1,0,154,1,0,154,1,0,154,1,0,163,1,1
alakazam_no_search,first,202608236164,0,1,0,141,1,0,166,1,0,141,1,0,163,1,0,141,1,0,173,1,1
alakazam_no_search,first,202608236165,1,1,0,168,1,0,138,1,0,168,1,0,172,1,0,168,1,0,147,1,1
alakazam_no_search,first,202608236166,0,1,0,162,0,0,214,1,0,162,1,0,162,1,0,162,0,0,214,1,1
alakazam_no_search,first,202608236167,1,1,0,158,1,0,188,1,0,158,1,0,173,1,0,158,1,0,137,1,1
alakazam_no_search,first,202608236168,0,1,0,109,1,0,142,1,0,109,1,0,109,1,0,109,1,0,141,1,1
alakazam_no_search,first,202608236169,1,1,0,152,1,0,205,1,0,152,1,0,150,1,0,152,1,0,193,1,1
alakazam_no_search,first,202608236170,0,1,0,122,1,0,127,1,0,122,1,0,128,1,0,122,1,0,130,1,1
alakazam_no_search,first,202608236171,1,0,0,149,0,0,149,0,0,149,0,0,149,0,0,149,0,0,149,1,1
alakazam_no_search,first,202608236172,0,1,0,164,1,0,167,1,0,164,1,0,164,1,0,164,1,0,162,1,1
alakazam_no_search,first,202608236173,1,1,0,211,1,0,267,1,0,211,1,0,212,1,0,211,1,0,280,1,1
alakazam_no_search,first,202608236174,0,1,0,181,0,0,208,1,0,181,1,0,186,1,0,181,1,0,193,1,1
alakazam_no_search,first,202608236175,1,1,0,195,1,0,149,1,0,195,1,0,195,1,0,195,1,0,169,1,1
alakazam_no_search,first,202608236176,0,1,0,179,1,0,193,1,0,179,1,0,183,1,0,179,1,0,156,1,1
alakazam_no_search,first,202608236177,1,1,0,119,1,0,174,1,0,119,1,0,146,1,0,119,1,0,131,1,1
alakazam_no_search,first,202608236178,0,0,0,160,0,0,160,0,0,160,0,0,160,0,0,160,1,0,153,1,1
alakazam_no_search,first,202608236179,1,0,0,133,1,0,181,0,0,133,0,0,133,0,0,133,1,0,139,1,1
alakazam_no_search,first,202608236180,0,0,0,179,1,0,161,0,0,179,1,0,164,0,0,179,1,0,155,1,1
alakazam_no_search,first,202608236181,1,1,0,106,1,0,127,1,0,106,1,0,138,1,0,106,1,0,151,1,1
alakazam_no_search,first,202608236182,0,1,0,162,1,0,159,1,0,162,1,0,174,1,0,162,1,0,71,1,1
alakazam_no_search,first,202608236183,1,1,0,169,1,0,172,1,0,169,1,0,186,1,0,169,1,0,165,1,1
alakazam_no_search,first,202608236184,0,1,0,117,1,0,91,1,0,117,1,0,119,1,0,117,1,0,86,1,1
alakazam_no_search,first,202608236185,1,1,0,169,1,0,184,1,0,169,1,0,188,1,0,169,1,0,172,1,1
alakazam_no_search,first,202608236186,0,1,0,194,1,0,208,1,0,194,1,0,149,1,0,194,0,0,153,1,1
alakazam_no_search,first,202608236187,1,1,0,126,1,0,125,1,0,126,1,0,136,1,0,126,1,0,96,1,1
alakazam_no_search,first,202608236188,0,1,0,184,1,0,133,1,0,184,1,0,201,1,0,184,1,0,162,1,1
alakazam_no_search,first,202608236189,1,1,0,135,1,0,128,1,0,135,1,0,135,1,0,135,1,0,124,1,1
alakazam_no_search,first,202608236190,0,1,0,175,1,0,213,1,0,175,0,0,229,1,0,175,0,0,191,1,1
alakazam_no_search,first,202608236191,1,1,0,207,1,0,172,1,0,207,1,0,197,1,0,207,1,0,175,1,1
alakazam_no_search,first,202608236192,0,1,0,196,1,0,157,1,0,196,1,0,168,1,0,196,1,0,167,1,1
alakazam_no_search,first,202608236193,1,1,0,167,1,0,201,1,0,167,0,0,197,1,0,167,1,0,193,1,1
alakazam_no_search,first,202608236194,0,1,0,121,1,0,127,1,0,121,1,0,121,1,0,121,1,0,127,1,1
alakazam_no_search,first,202608236195,1,1,0,168,1,0,243,1,0,168,1,0,174,1,0,168,1,0,196,1,1
alakazam_no_search,first,202608236196,0,1,0,104,1,0,123,1,0,104,1,0,167,1,0,104,1,0,116,1,1
alakazam_no_search,first,202608236197,1,1,0,164,1,0,157,1,0,164,1,0,181,1,0,164,1,0,179,1,1
alakazam_no_search,first,202608236198,0,1,0,136,1,0,150,1,0,136,1,0,161,1,0,136,1,0,151,1,1
alakazam_no_search,first,202608236199,1,1,0,64,1,0,57,1,0,64,1,0,64,1,0,64,1,0,47,1,1
alakazam_no_search,second,202609236000,0,0,0,218,0,0,217,0,0,218,0,0,165,0,0,218,0,0,175,1,1
alakazam_no_search,second,202609236001,1,1,0,186,1,0,162,1,0,186,1,0,250,1,0,186,1,0,168,1,1
alakazam_no_search,second,202609236002,0,1,0,163,1,0,157,1,0,163,1,0,163,1,0,163,1,0,187,1,1
alakazam_no_search,second,202609236003,1,1,0,135,1,0,155,1,0,135,1,0,150,1,0,135,1,0,148,1,1
alakazam_no_search,second,202609236004,0,1,0,122,1,0,145,1,0,122,1,0,145,1,0,122,1,0,152,1,1
alakazam_no_search,second,202609236005,1,0,0,216,1,0,135,0,0,216,0,0,222,0,0,216,1,0,118,1,1
alakazam_no_search,second,202609236006,0,1,0,163,1,0,195,1,0,163,1,0,141,1,0,163,1,0,180,1,1
alakazam_no_search,second,202609236007,1,0,0,126,0,0,126,0,0,126,0,0,126,0,0,126,0,0,143,1,1
alakazam_no_search,second,202609236008,0,1,0,157,1,0,181,1,0,157,1,0,207,1,0,157,1,0,153,1,1
alakazam_no_search,second,202609236009,1,1,0,190,1,0,168,1,0,190,1,0,190,1,0,190,1,0,168,1,1
alakazam_no_search,second,202609236010,0,1,0,120,1,0,183,1,0,120,1,0,126,1,0,120,1,0,126,1,1
alakazam_no_search,second,202609236011,1,1,0,164,0,0,183,1,0,164,1,0,170,1,0,164,0,0,223,1,1
alakazam_no_search,second,202609236012,0,1,0,178,1,0,159,1,0,178,1,0,58,1,0,178,1,0,163,1,1
alakazam_no_search,second,202609236013,1,1,0,148,1,0,178,1,0,148,1,0,148,1,0,148,1,0,159,1,1
alakazam_no_search,second,202609236014,0,1,0,157,1,0,170,1,0,157,1,0,182,1,0,157,1,0,165,1,1
alakazam_no_search,second,202609236015,1,1,0,148,1,0,145,1,0,148,1,0,143,1,0,148,1,0,135,1,1
alakazam_no_search,second,202609236016,0,1,0,146,1,0,169,1,0,146,1,0,161,1,0,146,1,0,157,1,1
alakazam_no_search,second,202609236017,1,1,0,140,1,0,163,1,0,140,1,0,140,1,0,140,1,0,97,1,1
alakazam_no_search,second,202609236018,0,1,0,140,1,0,160,1,0,140,1,0,140,1,0,140,1,0,153,1,1
alakazam_no_search,second,202609236019,1,1,0,141,1,0,151,1,0,141,1,0,169,1,0,141,1,0,138,1,1
alakazam_no_search,second,202609236020,0,1,0,154,1,0,152,1,0,154,1,0,154,1,0,154,1,0,157,1,1
alakazam_no_search,second,202609236021,1,0,0,171,0,0,197,0,0,171,0,0,165,0,0,171,1,0,207,1,1
alakazam_no_search,second,202609236022,0,1,0,179,1,0,154,1,0,179,1,0,156,1,0,179,1,0,143,1,1
alakazam_no_search,second,202609236023,1,1,0,160,1,0,174,1,0,160,1,0,186,1,0,160,0,0,156,1,1
alakazam_no_search,second,202609236024,0,1,0,147,1,0,194,1,0,147,1,0,154,1,0,147,1,0,163,1,1
alakazam_no_search,second,202609236025,1,0,0,133,0,0,155,0,0,133,0,0,128,0,0,133,0,0,161,1,1
alakazam_no_search,second,202609236026,0,1,0,162,1,0,165,1,0,162,1,0,156,1,0,162,1,0,170,1,1
alakazam_no_search,second,202609236027,1,1,0,218,1,0,199,1,0,218,1,0,218,1,0,218,1,0,185,1,1
alakazam_no_search,second,202609236028,0,1,0,141,1,0,151,1,0,141,1,0,145,1,0,141,1,0,171,1,1
alakazam_no_search,second,202609236029,1,1,0,208,1,0,161,1,0,208,1,0,219,1,0,208,1,0,154,1,1
alakazam_no_search,second,202609236030,0,1,0,152,1,0,140,1,0,152,1,0,155,1,0,152,1,0,188,1,1
alakazam_no_search,second,202609236031,1,1,0,163,1,0,157,1,0,163,1,0,160,1,0,163,1,0,172,1,1
alakazam_no_search,second,202609236032,0,1,0,154,1,0,125,1,0,154,1,0,154,1,0,154,1,0,152,1,1
alakazam_no_search,second,202609236033,1,1,0,133,1,0,157,1,0,133,1,0,146,1,0,133,1,0,143,1,1
alakazam_no_search,second,202609236034,0,1,0,219,1,0,163,1,0,219,1,0,219,1,0,219,1,0,182,1,1
alakazam_no_search,second,202609236035,1,1,0,151,1,0,146,1,0,151,1,0,169,1,0,151,1,0,148,1,1
alakazam_no_search,second,202609236036,0,1,0,213,1,0,166,1,0,213,1,0,211,1,0,213,1,0,194,1,1
alakazam_no_search,second,202609236037,1,1,0,162,0,0,195,1,0,162,1,0,162,1,0,162,1,0,175,1,1
alakazam_no_search,second,202609236038,0,0,0,189,1,0,183,0,0,189,0,0,189,0,0,189,1,0,256,1,1
alakazam_no_search,second,202609236039,1,1,0,164,1,0,155,1,0,164,1,0,184,1,0,164,1,0,124,1,1
alakazam_no_search,second,202609236040,0,1,0,174,0,0,161,1,0,174,1,0,180,1,0,174,1,0,200,1,1
alakazam_no_search,second,202609236041,1,1,0,167,1,0,203,1,0,167,1,0,169,1,0,167,1,0,155,1,1
alakazam_no_search,second,202609236042,0,1,0,169,1,0,206,1,0,169,0,0,214,1,0,169,0,0,183,1,1
alakazam_no_search,second,202609236043,1,1,0,158,1,0,162,1,0,158,0,0,169,1,0,158,1,0,176,1,1
alakazam_no_search,second,202609236044,0,1,0,189,0,0,182,1,0,189,1,0,201,1,0,189,0,0,147,1,1
alakazam_no_search,second,202609236045,1,1,0,145,1,0,205,1,0,145,1,0,145,1,0,145,1,0,149,1,1
alakazam_no_search,second,202609236046,0,0,0,170,1,0,167,0,0,170,0,0,170,0,0,170,1,0,150,1,1
alakazam_no_search,second,202609236047,1,1,0,82,1,0,126,1,0,82,1,0,160,1,0,82,1,0,167,1,1
alakazam_no_search,second,202609236048,0,1,0,201,1,0,192,1,0,201,1,0,203,1,0,201,1,0,207,1,1
alakazam_no_search,second,202609236049,1,1,0,139,1,0,154,1,0,139,1,0,139,1,0,139,1,0,151,1,1
alakazam_no_search,second,202609236050,0,1,0,143,1,0,153,1,0,143,1,0,143,1,0,143,1,0,171,1,1
alakazam_no_search,second,202609236051,1,1,0,132,1,0,148,1,0,132,1,0,127,1,0,132,1,0,139,1,1
alakazam_no_search,second,202609236052,0,1,0,171,1,0,188,1,0,171,1,0,161,1,0,171,1,0,172,1,1
alakazam_no_search,second,202609236053,1,1,0,148,1,0,128,1,0,148,1,0,145,1,0,148,1,0,124,1,1
alakazam_no_search,second,202609236054,0,1,0,196,1,0,181,1,0,196,1,0,169,1,0,196,1,0,178,1,1
alakazam_no_search,second,202609236055,1,1,0,178,1,0,174,1,0,178,1,0,156,1,0,178,0,0,188,1,1
alakazam_no_search,second,202609236056,0,1,0,145,1,0,164,1,0,145,1,0,147,1,0,145,1,0,152,1,1
alakazam_no_search,second,202609236057,1,1,0,178,1,0,192,1,0,178,1,0,168,1,0,178,1,0,158,1,1
alakazam_no_search,second,202609236058,0,1,0,157,1,0,151,1,0,157,1,0,153,1,0,157,1,0,192,1,1
alakazam_no_search,second,202609236059,1,1,0,183,0,0,137,1,0,183,1,0,183,1,0,183,0,0,150,1,1
alakazam_no_search,second,202609236060,0,1,0,140,1,0,162,1,0,140,1,0,154,1,0,140,1,0,155,1,1
alakazam_no_search,second,202609236061,1,1,0,200,0,0,124,1,0,200,1,0,172,1,0,200,0,0,125,1,1
alakazam_no_search,second,202609236062,0,1,0,170,1,0,148,1,0,170,1,0,141,1,0,170,1,0,137,1,1
alakazam_no_search,second,202609236063,1,1,0,106,1,0,158,1,0,106,1,0,172,1,0,106,1,0,152,1,1
alakazam_no_search,second,202609236064,0,1,0,191,1,0,182,1,0,191,1,0,172,1,0,191,1,0,171,1,1
alakazam_no_search,second,202609236065,1,1,0,166,1,0,149,1,0,166,1,0,169,1,0,166,1,0,201,1,1
alakazam_no_search,second,202609236066,0,1,0,151,1,0,137,1,0,151,1,0,217,1,0,151,1,0,153,1,1
alakazam_no_search,second,202609236067,1,1,0,142,1,0,170,1,0,142,1,0,169,1,0,142,1,0,178,1,1
alakazam_no_search,second,202609236068,0,1,0,179,1,0,168,1,0,179,1,0,212,1,0,179,1,0,170,1,1
alakazam_no_search,second,202609236069,1,0,0,164,0,0,158,0,0,164,0,0,164,0,0,164,0,0,116,1,1
alakazam_no_search,second,202609236070,0,1,0,143,1,0,116,1,0,143,1,0,143,1,0,143,1,0,168,1,1
alakazam_no_search,second,202609236071,1,1,0,164,1,0,134,1,0,164,1,0,163,1,0,164,1,0,154,1,1
alakazam_no_search,second,202609236072,0,1,0,151,1,0,178,1,0,151,1,0,154,1,0,151,1,0,169,1,1
alakazam_no_search,second,202609236073,1,1,0,127,1,0,165,1,0,127,1,0,130,1,0,127,1,0,145,1,1
alakazam_no_search,second,202609236074,0,1,0,151,1,0,133,1,0,151,1,0,165,1,0,151,1,0,160,1,1
alakazam_no_search,second,202609236075,1,1,0,132,1,0,210,1,0,132,1,0,174,1,0,132,1,0,170,1,1
alakazam_no_search,second,202609236076,0,1,0,135,1,0,190,1,0,135,1,0,210,1,0,135,1,0,173,1,1
alakazam_no_search,second,202609236077,1,0,0,150,1,0,161,0,0,150,0,0,171,0,0,150,0,0,160,1,1
alakazam_no_search,second,202609236078,0,1,0,179,1,0,183,1,0,179,1,0,172,1,0,179,1,0,152,1,1
alakazam_no_search,second,202609236079,1,1,0,154,1,0,124,1,0,154,1,0,154,1,0,154,0,0,150,1,1
alakazam_no_search,second,202609236080,0,1,0,189,1,0,146,1,0,189,1,0,155,1,0,189,1,0,138,1,1
alakazam_no_search,second,202609236081,1,0,0,106,0,0,106,0,0,106,0,0,155,0,0,106,1,0,184,1,1
alakazam_no_search,second,202609236082,0,1,0,124,1,0,140,1,0,124,1,0,108,1,0,124,1,0,133,1,1
alakazam_no_search,second,202609236083,1,1,0,168,0,0,160,1,0,168,1,0,170,1,0,168,1,0,168,1,1
alakazam_no_search,second,202609236084,0,1,0,137,1,0,159,1,0,137,1,0,147,1,0,137,1,0,158,1,1
alakazam_no_search,second,202609236085,1,1,0,191,1,0,157,1,0,191,1,0,180,1,0,191,1,0,202,1,1
alakazam_no_search,second,202609236086,0,0,0,175,1,0,190,0,0,175,0,0,175,0,0,175,1,0,157,1,1
alakazam_no_search,second,202609236087,1,1,0,156,1,0,180,1,0,156,1,0,156,1,0,156,1,0,186,1,1
alakazam_no_search,second,202609236088,0,1,0,150,1,0,199,1,0,150,1,0,154,1,0,150,1,0,154,1,1
alakazam_no_search,second,202609236089,1,1,0,183,1,0,185,1,0,183,1,0,180,1,0,183,1,0,145,1,1
alakazam_no_search,second,202609236090,0,1,0,181,1,0,156,1,0,181,1,0,181,1,0,181,1,0,193,1,1
alakazam_no_search,second,202609236091,1,1,0,179,1,0,260,1,0,179,1,0,187,1,0,179,0,0,209,1,1
alakazam_no_search,second,202609236092,0,1,0,198,1,0,195,1,0,198,1,0,198,1,0,198,1,0,146,1,1
alakazam_no_search,second,202609236093,1,1,0,155,1,0,181,1,0,155,1,0,165,1,0,155,1,0,186,1,1
alakazam_no_search,second,202609236094,0,1,0,91,1,0,94,1,0,91,1,0,91,1,0,91,1,0,140,1,1
alakazam_no_search,second,202609236095,1,1,0,144,1,0,116,1,0,144,1,0,174,1,0,144,0,0,163,1,1
alakazam_no_search,second,202609236096,0,1,0,115,1,0,112,1,0,115,1,0,115,1,0,115,1,0,108,1,1
alakazam_no_search,second,202609236097,1,1,0,148,1,0,169,1,0,148,1,0,159,1,0,148,1,0,133,1,1
alakazam_no_search,second,202609236098,0,1,0,125,1,0,130,1,0,125,1,0,125,1,0,125,1,0,146,1,1
alakazam_no_search,second,202609236099,1,0,0,220,1,0,150,0,0,220,1,0,208,0,0,220,1,0,207,1,1
alakazam_no_search,second,202609236100,0,0,0,175,1,0,281,0,0,175,1,0,202,0,0,175,1,0,152,1,1
alakazam_no_search,second,202609236101,1,0,0,140,0,0,144,0,0,140,0,0,140,0,0,140,1,0,175,1,1
alakazam_no_search,second,202609236102,0,0,0,186,0,0,149,0,0,186,1,0,174,0,0,186,1,0,167,1,1
alakazam_no_search,second,202609236103,1,0,0,148,0,0,148,0,0,148,0,0,148,0,0,148,0,0,148,1,1
alakazam_no_search,second,202609236104,0,1,0,133,1,0,253,1,0,133,1,0,133,1,0,133,1,0,135,1,1
alakazam_no_search,second,202609236105,1,0,0,179,0,0,187,0,0,179,0,0,141,0,0,179,1,0,200,1,1
alakazam_no_search,second,202609236106,0,1,0,164,1,0,164,1,0,164,1,0,164,1,0,164,1,0,219,1,1
alakazam_no_search,second,202609236107,1,0,0,203,1,0,161,0,0,203,1,0,125,0,0,203,1,0,134,1,1
alakazam_no_search,second,202609236108,0,1,0,48,1,0,44,1,0,48,1,0,47,1,0,48,1,0,46,1,1
alakazam_no_search,second,202609236109,1,1,0,182,0,0,215,1,0,182,1,0,182,1,0,182,1,0,160,1,1
alakazam_no_search,second,202609236110,0,1,0,121,1,0,118,1,0,121,1,0,145,1,0,121,1,0,151,1,1
alakazam_no_search,second,202609236111,1,0,0,154,1,0,172,0,0,154,0,0,154,0,0,154,1,0,148,1,1
alakazam_no_search,second,202609236112,0,1,0,180,1,0,146,1,0,180,1,0,142,1,0,180,1,0,166,1,1
alakazam_no_search,second,202609236113,1,1,0,179,1,0,167,1,0,179,1,0,181,1,0,179,1,0,176,1,1
alakazam_no_search,second,202609236114,0,1,0,164,1,0,176,1,0,164,1,0,159,1,0,164,1,0,191,1,1
alakazam_no_search,second,202609236115,1,1,0,181,0,0,134,1,0,181,1,0,181,1,0,181,0,0,130,1,1
alakazam_no_search,second,202609236116,0,1,0,171,1,0,155,1,0,171,1,0,164,1,0,171,1,0,170,1,1
alakazam_no_search,second,202609236117,1,0,0,140,0,0,178,0,0,140,0,0,139,0,0,140,1,0,191,1,1
alakazam_no_search,second,202609236118,0,0,0,140,1,0,170,0,0,140,0,0,202,0,0,140,0,0,167,1,1
alakazam_no_search,second,202609236119,1,1,0,196,1,0,154,1,0,196,1,0,173,1,0,196,1,0,196,1,1
alakazam_no_search,second,202609236120,0,0,0,114,0,0,114,0,0,114,0,0,114,0,0,114,1,0,139,1,1
alakazam_no_search,second,202609236121,1,1,0,123,1,0,138,1,0,123,1,0,143,1,0,123,1,0,147,1,1
alakazam_no_search,second,202609236122,0,0,0,126,0,0,126,0,0,126,0,0,200,0,0,126,1,0,180,1,1
alakazam_no_search,second,202609236123,1,1,0,176,1,0,140,1,0,176,1,0,162,1,0,176,1,0,182,1,1
alakazam_no_search,second,202609236124,0,1,0,165,1,0,159,1,0,165,1,0,173,1,0,165,1,0,209,1,1
alakazam_no_search,second,202609236125,1,1,0,141,1,0,144,1,0,141,1,0,149,1,0,141,1,0,146,1,1
alakazam_no_search,second,202609236126,0,0,0,175,1,0,178,0,0,175,0,0,152,0,0,175,0,0,178,1,1
alakazam_no_search,second,202609236127,1,1,0,127,1,0,128,1,0,127,1,0,154,1,0,127,1,0,172,1,1
alakazam_no_search,second,202609236128,0,1,0,132,1,0,171,1,0,132,1,0,149,1,0,132,1,0,145,1,1
alakazam_no_search,second,202609236129,1,1,0,179,1,0,173,1,0,179,1,0,179,1,0,179,1,0,209,1,1
alakazam_no_search,second,202609236130,0,1,0,202,0,0,156,1,0,202,0,0,175,1,0,202,1,0,158,1,1
alakazam_no_search,second,202609236131,1,1,0,73,1,0,73,1,0,73,1,0,210,1,0,73,0,0,150,1,1
alakazam_no_search,second,202609236132,0,1,0,146,1,0,167,1,0,146,1,0,150,1,0,146,1,0,129,1,1
alakazam_no_search,second,202609236133,1,1,0,134,1,0,217,1,0,134,1,0,135,1,0,134,1,0,205,1,1
alakazam_no_search,second,202609236134,0,1,0,167,1,0,172,1,0,167,1,0,169,1,0,167,1,0,169,1,1
alakazam_no_search,second,202609236135,1,1,0,151,1,0,163,1,0,151,1,0,151,1,0,151,1,0,159,1,1
alakazam_no_search,second,202609236136,0,1,0,176,1,0,176,1,0,176,1,0,176,1,0,176,1,0,174,1,1
alakazam_no_search,second,202609236137,1,1,0,132,0,0,166,1,0,132,1,0,152,1,0,132,1,0,151,1,1
alakazam_no_search,second,202609236138,0,1,0,195,1,0,142,1,0,195,1,0,195,1,0,195,1,0,154,1,1
alakazam_no_search,second,202609236139,1,1,0,194,1,0,159,1,0,194,1,0,171,1,0,194,1,0,161,1,1
alakazam_no_search,second,202609236140,0,1,0,118,1,0,134,1,0,118,1,0,158,1,0,118,1,0,173,1,1
alakazam_no_search,second,202609236141,1,1,0,152,1,0,176,1,0,152,1,0,176,1,0,152,1,0,171,1,1
alakazam_no_search,second,202609236142,0,1,0,123,0,0,170,1,0,123,1,0,129,1,0,123,1,0,123,1,1
alakazam_no_search,second,202609236143,1,0,0,179,1,0,170,0,0,179,1,0,181,0,0,179,1,0,195,1,1
alakazam_no_search,second,202609236144,0,0,0,157,1,0,193,0,0,157,0,0,168,0,0,157,1,0,162,1,1
alakazam_no_search,second,202609236145,1,1,0,138,1,0,147,1,0,138,1,0,127,1,0,138,1,0,179,1,1
alakazam_no_search,second,202609236146,0,1,0,169,1,0,186,1,0,169,1,0,169,1,0,169,1,0,167,1,1
alakazam_no_search,second,202609236147,1,1,0,197,0,0,166,1,0,197,1,0,221,1,0,197,0,0,178,1,1
alakazam_no_search,second,202609236148,0,1,0,178,1,0,141,1,0,178,1,0,199,1,0,178,1,0,154,1,1
alakazam_no_search,second,202609236149,1,1,0,165,1,0,202,1,0,165,1,0,134,1,0,165,1,0,163,1,1
alakazam_no_search,second,202609236150,0,1,0,186,1,0,139,1,0,186,1,0,179,1,0,186,1,0,149,1,1
alakazam_no_search,second,202609236151,1,1,0,165,1,0,132,1,0,165,1,0,169,1,0,165,1,0,173,1,1
alakazam_no_search,second,202609236152,0,1,0,158,1,0,154,1,0,158,1,0,153,1,0,158,0,0,206,1,1
alakazam_no_search,second,202609236153,1,1,0,155,1,0,127,1,0,155,0,0,179,1,0,155,0,0,200,1,1
alakazam_no_search,second,202609236154,0,1,0,159,1,0,179,1,0,159,1,0,159,1,0,159,1,0,151,1,1
alakazam_no_search,second,202609236155,1,1,0,132,1,0,160,1,0,132,1,0,132,1,0,132,1,0,164,1,1
alakazam_no_search,second,202609236156,0,0,0,183,1,0,156,0,0,183,0,0,184,0,0,183,1,0,143,1,1
alakazam_no_search,second,202609236157,1,1,0,118,1,0,134,1,0,118,1,0,118,1,0,118,1,0,156,1,1
alakazam_no_search,second,202609236158,0,1,0,148,1,0,183,1,0,148,0,0,124,1,0,148,0,0,124,1,1
alakazam_no_search,second,202609236159,1,1,0,126,1,0,127,1,0,126,1,0,164,1,0,126,1,0,146,1,1
alakazam_no_search,second,202609236160,0,1,0,164,1,0,152,1,0,164,1,0,159,1,0,164,1,0,178,1,1
alakazam_no_search,second,202609236161,1,1,0,176,1,0,144,1,0,176,1,0,176,1,0,176,1,0,146,1,1
alakazam_no_search,second,202609236162,0,1,0,202,0,0,141,1,0,202,1,0,204,1,0,202,1,0,251,1,1
alakazam_no_search,second,202609236163,1,1,0,115,1,0,120,1,0,115,1,0,115,1,0,115,1,0,131,1,1
alakazam_no_search,second,202609236164,0,1,0,166,1,0,186,1,0,166,1,0,178,1,0,166,1,0,209,1,1
alakazam_no_search,second,202609236165,1,1,0,170,1,0,189,1,0,170,1,0,170,1,0,170,1,0,203,1,1
alakazam_no_search,second,202609236166,0,1,0,163,1,0,187,1,0,163,1,0,163,1,0,163,1,0,160,1,1
alakazam_no_search,second,202609236167,1,1,0,165,1,0,196,1,0,165,1,0,173,1,0,165,1,0,186,1,1
alakazam_no_search,second,202609236168,0,1,0,158,1,0,197,1,0,158,1,0,180,1,0,158,1,0,167,1,1
alakazam_no_search,second,202609236169,1,1,0,137,1,0,156,1,0,137,1,0,137,1,0,137,0,0,137,1,1
alakazam_no_search,second,202609236170,0,1,0,122,1,0,186,1,0,122,1,0,122,1,0,122,1,0,116,1,1
alakazam_no_search,second,202609236171,1,0,0,126,1,0,184,0,0,126,0,0,141,0,0,126,0,0,152,1,1
alakazam_no_search,second,202609236172,0,1,0,184,1,0,157,1,0,184,1,0,167,1,0,184,1,0,186,1,1
alakazam_no_search,second,202609236173,1,1,0,128,1,0,145,1,0,128,1,0,128,1,0,128,1,0,157,1,1
alakazam_no_search,second,202609236174,0,1,0,152,1,0,178,1,0,152,1,0,152,1,0,152,1,0,131,1,1
alakazam_no_search,second,202609236175,1,1,0,172,1,0,187,1,0,172,1,0,173,1,0,172,1,0,166,1,1
alakazam_no_search,second,202609236176,0,1,0,168,1,0,170,1,0,168,1,0,168,1,0,168,1,0,138,1,1
alakazam_no_search,second,202609236177,1,0,0,214,1,0,182,0,0,214,0,0,129,0,0,214,1,0,165,1,1
alakazam_no_search,second,202609236178,0,1,0,179,1,0,159,1,0,179,1,0,163,1,0,179,1,0,156,1,1
alakazam_no_search,second,202609236179,1,1,0,144,1,0,135,1,0,144,1,0,144,1,0,144,1,0,142,1,1
alakazam_no_search,second,202609236180,0,1,0,179,1,0,169,1,0,179,1,0,190,1,0,179,1,0,173,1,1
alakazam_no_search,second,202609236181,1,1,0,145,1,0,147,1,0,145,1,0,179,1,0,145,1,0,145,1,1
alakazam_no_search,second,202609236182,0,1,0,173,1,0,141,1,0,173,1,0,173,1,0,173,1,0,161,1,1
alakazam_no_search,second,202609236183,1,1,0,166,1,0,211,1,0,166,1,0,199,1,0,166,1,0,155,1,1
alakazam_no_search,second,202609236184,0,1,0,142,1,0,151,1,0,142,1,0,138,1,0,142,1,0,177,1,1
alakazam_no_search,second,202609236185,1,1,0,146,1,0,203,1,0,146,1,0,146,1,0,146,1,0,146,1,1
alakazam_no_search,second,202609236186,0,0,0,174,1,0,178,0,0,174,0,0,212,0,0,174,1,0,228,1,1
alakazam_no_search,second,202609236187,1,1,0,196,0,0,231,1,0,196,1,0,175,1,0,196,1,0,169,1,1
alakazam_no_search,second,202609236188,0,1,0,152,1,0,193,1,0,152,1,0,155,1,0,152,1,0,157,1,1
alakazam_no_search,second,202609236189,1,1,0,177,1,0,178,1,0,177,1,0,174,1,0,177,1,0,209,1,1
alakazam_no_search,second,202609236190,0,1,0,183,1,0,127,1,0,183,1,0,213,1,0,183,0,0,219,1,1
alakazam_no_search,second,202609236191,1,1,0,152,1,0,172,1,0,152,1,0,187,1,0,152,1,0,137,1,1
alakazam_no_search,second,202609236192,0,1,0,135,0,0,141,1,0,135,1,0,135,1,0,135,1,0,149,1,1
alakazam_no_search,second,202609236193,1,1,0,166,1,0,153,1,0,166,1,0,166,1,0,166,1,0,202,1,1
alakazam_no_search,second,202609236194,0,1,0,148,1,0,162,1,0,148,1,0,148,1,0,148,1,0,147,1,1
alakazam_no_search,second,202609236195,1,1,0,193,1,0,192,1,0,193,1,0,183,1,0,193,1,0,204,1,1
alakazam_no_search,second,202609236196,0,1,0,141,1,0,151,1,0,141,1,0,142,1,0,141,1,0,132,1,1
alakazam_no_search,second,202609236197,1,0,0,127,0,0,127,0,0,127,0,0,127,0,0,127,0,0,127,1,1
alakazam_no_search,second,202609236198,0,1,0,124,1,0,117,1,0,124,1,0,150,1,0,124,1,0,106,1,1
alakazam_no_search,second,202609236199,1,1,0,135,1,0,155,1,0,135,1,0,135,1,0,135,1,0,121,1,1
